epoch,train_loss,train_accuracy,train_precision,train_recall,train_f1_score,train_precision_glioma,train_recall_glioma,train_f1_glioma,train_precision_meningioma,train_recall_meningioma,train_f1_meningioma,train_precision_none,train_recall_none,train_f1_none,train_precision_pituitary,train_recall_pituitary,train_f1_pituitary,val_loss,val_accuracy,val_precision,val_recall,val_f1_score,val_precision_glioma,val_recall_glioma,val_f1_glioma,val_precision_meningioma,val_recall_meningioma,val_f1_meningioma,val_precision_none,val_recall_none,val_f1_none,val_precision_pituitary,val_recall_pituitary,val_f1_pituitary,dataset,task
1,0.019132901898772415,0.7641807830182048,0.7631247205067215,0.7641807830182048,0.7633426015951142,0.7564018384766907,0.7583936800526663,0.757396449704142,0.7018834608593291,0.6623160233268537,0.6815259322760394,0.8367181153533713,0.8306451612903226,0.8336705787130716,0.7822538177988415,0.8278071886319309,0.8043860836604846,0.010382454497763238,0.870677537250492,0.8821120592672178,0.870677537250492,0.871089855242801,0.9716231555051078,0.7663384064458371,0.8568568568568569,0.7443820224719101,0.8585313174946004,0.7973921765295887,0.9428104575163399,0.9632721202003339,0.9529314616019818,0.8724899598393574,0.9497267759562842,0.9094714809000524,brain_mri_nd5,classification
2,0.010589073584349884,0.8810009137555352,0.8807434814382891,0.8810009137555352,0.880751035575048,0.8844109831709478,0.8764538073293834,0.8804144164003086,0.8458464173565515,0.8228269925020828,0.8341779279279279,0.9231697506033789,0.9254032258064516,0.9242851389448248,0.8817839871037076,0.9144608526051825,0.8978251949117768,0.00581912479934429,0.9342142254709025,0.936838664972085,0.9342142254709025,0.9342552908926518,0.9820717131474104,0.88272157564906,0.9297501178689298,0.879,0.949244060475162,0.9127725856697819,0.9376996805111821,0.9799666110183639,0.9583673469387755,0.9395900755124056,0.9519125683060109,0.9457111834961998,brain_mri_nd5,classification
3,0.008044788792494763,0.907218668728474,0.9070477421777375,0.907218668728474,0.9071037318762132,0.9065130704474966,0.8979591836734694,0.9022158527174512,0.8785072951739619,0.8694806998056096,0.8739706908583391,0.9318725099601594,0.9431451612903226,0.9374749498997996,0.9192085737840066,0.9320144887155196,0.9255672385168788,0.006464800807090498,0.9316840033736294,0.9381789145726115,0.9316840033736294,0.9320079155617768,0.9927536231884058,0.8585496866606983,0.9207873259721555,0.8409728718428437,0.9708423326133909,0.9012531328320802,0.978984238178634,0.9332220367278798,0.9555555555555556,0.943217665615142,0.980327868852459,0.9614147909967846,brain_mri_nd5,classification
4,0.00659980553063487,0.927602446053279,0.927525121499535,0.927602446053279,0.9275503964889735,0.9218233869191808,0.9185867895545314,0.9202022422510442,0.9041095890410958,0.8980838655928909,0.9010866536639732,0.9531123686337915,0.9508064516129032,0.9519580137262817,0.9405777166437415,0.9526330454165506,0.9465669988925803,0.00277005630894335,0.9713241495642395,0.9713924486108568,0.9713241495642395,0.971319521271672,0.973967684021544,0.9713518352730528,0.972658000896459,0.9557713052858684,0.9568034557235421,0.956287101996762,0.9690553745928339,0.993322203672788,0.9810387469084914,0.9855875831485588,0.9715846994535519,0.9785360484314805,brain_mri_nd5,classification
5,0.005712096952438698,0.9375131791663738,0.937443765646933,0.9375131791663738,0.937466338078163,0.9351626466032308,0.9273644941847707,0.9312472454825914,0.9167362851573377,0.914190502638156,0.9154616240266963,0.9552536955653216,0.9641129032258065,0.9596628537025887,0.9488101826231322,0.9554193368626358,0.9521032902957102,0.0031289260082746997,0.9642957548495924,0.9649663675391879,0.9642957548495924,0.96439476317614,0.9754990925589837,0.9623992837958818,0.9689049121225778,0.9233160621761658,0.9622030237580994,0.9423585404547858,0.9876760563380281,0.9365609348914858,0.961439588688946,0.9793926247288504,0.9868852459016394,0.9831246597713663,brain_mri_nd5,classification
6,0.005258464513077768,0.9450340901103536,0.9450107376866684,0.9450340901103536,0.9450037508425135,0.9462580501887631,0.93504498573623,0.9406181015452538,0.928928373126041,0.9291863371285753,0.9290573372206026,0.9587505006007209,0.9653225806451613,0.9620253164556962,0.9500689655172414,0.9595987740317637,0.9548100914887718,0.002892832265143582,0.9721675569299972,0.9724765800390497,0.9721675569299972,0.9720633584038355,0.9698848538529672,0.9803043867502238,0.97506678539626,0.9818181818181818,0.9330453563714903,0.9568106312292359,0.9899665551839465,0.988313856427379,0.9891395154553049,0.9547368421052631,0.9912568306010929,0.9726541554959786,brain_mri_nd5,classification
7,0.004488462433305365,0.951149223307795,0.9511224170659822,0.951149223307795,0.9511320312123416,0.9467897977132805,0.9449199034452491,0.9458539264140582,0.9345039018952063,0.9311302415995557,0.9328140214216164,0.9729620661824052,0.9721774193548387,0.9725695845098831,0.9582064766122336,0.9646140986347171,0.9613996112191058,0.0021579461419977937,0.9794770874332303,0.9796535021041378,0.9794770874332303,0.9794557225580679,0.9683098591549296,0.9847806624888094,0.9764758100310696,0.9845303867403314,0.9622030237580994,0.9732386673948662,0.9965694682675815,0.9699499165275459,0.9830795262267343,0.977491961414791,0.9967213114754099,0.987012987012987,brain_mri_nd5,classification
8,0.004527976520468444,0.9517818232937373,0.951760745444126,0.9517818232937373,0.9517690437012118,0.9485100788781771,0.9499670836076366,0.9492380221466944,0.940536013400335,0.9355734518189391,0.9380481692885981,0.9617706237424547,0.9637096774193549,0.9627391742195368,0.9602335928809789,0.9621064363332404,0.9611691022964509,0.003387553993114269,0.9659825695811076,0.966315577403124,0.9659825695811076,0.9659831547467855,0.9726526891522334,0.955237242614145,0.96386630532972,0.9734806629834254,0.9514038876889849,0.9623156744948116,0.9800332778702163,0.9833055091819699,0.9816666666666667,0.9423480083857443,0.9825136612021858,0.962011771000535,brain_mri_nd5,classification
9,0.004216146726832092,0.9555071343220637,0.9554634452543748,0.9555071343220637,0.9554717766091836,0.9527887571365832,0.9521615097651964,0.9524750301832949,0.9430575035063113,0.9336295473479589,0.9383198437063913,0.9717628075837031,0.9713709677419354,0.9715668481548699,0.9600440892807937,0.9707439398161047,0.9653643668606262,0.0015609486380612674,0.9853809389935339,0.9854965800727625,0.9853809389935339,0.9853657340154406,0.9944903581267218,0.9695613249776186,0.9818676337262012,0.973404255319149,0.9881209503239741,0.9807073954983923,0.9851239669421488,0.994991652754591,0.9900332225913622,0.9869989165763814,0.9956284153005465,0.9912948857453754,brain_mri_nd5,classification
10,0.003848622107862355,0.9581078231531595,0.9580948746364879,0.9581078231531595,0.9580959982238154,0.9573763250883393,0.9512837393021725,0.9543203082003302,0.945323341659728,0.9458483754512635,0.9455857856746253,0.9706473663047849,0.9733870967741935,0.972015300986511,0.9631476863397063,0.9685149066592366,0.9658238399555432,0.0020958427202987066,0.9800393590104021,0.9801727999649886,0.9800393590104021,0.9800227742028803,0.9684487291849255,0.9892569382273948,0.978742249778565,0.9889135254988913,0.9632829373650108,0.975929978118162,0.9814814814814815,0.9732888146911519,0.9773679798826488,0.9847826086956522,0.9901639344262295,0.987465940054496,brain_mri_nd5,classification
11,0.003357797399594769,0.9636606452519857,0.9636599959502307,0.9636606452519857,0.9636530316882974,0.961351590106007,0.9552337063857801,0.9582828838745184,0.9518005540166204,0.9541793946126076,0.9529884898072389,0.9773554387383745,0.9745967741935484,0.9759741570765192,0.9690265486725663,0.9763165227082753,0.9726578764746704,0.001734329259413456,0.9800393590104021,0.9801793949957441,0.9800393590104021,0.9799936824712834,0.9881278538812786,0.9686660698299016,0.9783001808318263,0.9824175824175824,0.9654427645788337,0.9738562091503268,0.9754500818330606,0.994991652754591,0.9851239669421488,0.971307120085016,0.9989071038251366,0.9849137931034483,brain_mri_nd5,classification
12,0.003146053949059252,0.967456245167639,0.9674309137049887,0.967456245167639,0.967431809348179,0.9650856389986825,0.9644502962475313,0.9647678630227198,0.9615600448933782,0.9516800888642044,0.9565945568736915,0.9778938906752411,0.9810483870967742,0.9794685990338164,0.9690693178679922,0.9777096684313179,0.9733703190013869,0.0017130974863006794,0.9848186674163621,0.9849326448887613,0.9848186674163621,0.9848348972747497,0.9927536231884058,0.981199641897941,0.9869428185502026,0.9692470837751855,0.9870410367170627,0.9780631353665061,0.9867549668874173,0.994991652754591,0.9908561928512053,0.9900662251655629,0.980327868852459,0.985172981878089,brain_mri_nd5,classification
13,0.003787166959564019,0.9605679342096015,0.9605387076916682,0.9605679342096015,0.9605508049635649,0.960456942003515,0.9594031160851437,0.9599297398177626,0.9458856345885635,0.9416828658705915,0.9437795713888116,0.9722668810289389,0.9754032258064517,0.9738325281803543,0.9672404219877846,0.9707439398161047,0.9689890140453344,0.0017622860381183352,0.9820073095305032,0.9822821051378388,0.9820073095305032,0.9819546394175279,0.9848349687778769,0.9883616830796778,0.9865951742627346,0.9887640449438202,0.9503239740820735,0.9691629955947136,0.9983221476510067,0.993322203672788,0.99581589958159,0.9621052631578947,0.9989071038251366,0.9801608579088472,brain_mri_nd5,classification
14,0.0034763351831650106,0.9618331341814859,0.9618373745852092,0.9618331341814859,0.961830783009079,0.9576103667911268,0.956769804696072,0.9571899012074643,0.9540773726690788,0.9519577895029159,0.9530164025576869,0.9773003648155655,0.9721774193548387,0.9747321609055993,0.9643054786939679,0.9710225689607133,0.9676523670692767,0.0012306348349298683,0.987630025302221,0.9876944981689316,0.987630025302221,0.9876125177121345,0.9936536718041704,0.981199641897941,0.9873873873873874,0.9890710382513661,0.9773218142548596,0.9831613253666486,0.9835796387520526,1.0,0.9917218543046358,0.9817204301075269,0.9978142076502732,0.9897018970189702,brain_mri_nd5,classification
15,0.002704821551012294,0.9720250228438884,0.9720246349682053,0.9720250228438884,0.9720182474843825,0.9712214411247804,0.9701558042571867,0.9706883302228565,0.9648731530526903,0.9611219105803943,0.9629938786867001,0.9825769854132901,0.9778225806451613,0.9801940177849636,0.9729281767955801,0.9813318473112288,0.9771119434040783,0.0012431628836487992,0.9895979758223222,0.989600312952036,0.9895979758223222,0.9895933190335392,0.9892761394101877,0.991047448522829,0.9901610017889088,0.9880304678998912,0.980561555075594,0.9842818428184282,0.998330550918197,0.998330550918197,0.998330550918197,0.9858695652173913,0.9912568306010929,0.9885558583106268,brain_mri_nd5,classification
16,0.003306353405463495,0.9656990229844662,0.9657273857581626,0.9656990229844662,0.9657108540410247,0.9607628233231039,0.9618169848584596,0.9612896150893738,0.9543568464730291,0.9580672035545682,0.9562084257206208,0.9785164167004459,0.9733870967741935,0.9759450171821306,0.9746022885849847,0.972972972972973,0.973786949247072,0.0013330528227989932,0.9842563958391903,0.9846272435793763,0.9842563958391903,0.9842403899850614,0.9990680335507922,0.9597135183527306,0.9789954337899544,0.9612970711297071,0.9924406047516199,0.9766206163655685,0.9835796387520526,1.0,0.9917218543046358,0.9912948857453754,0.9956284153005465,0.9934569247546347,brain_mri_nd5,classification
17,0.0026929200276207244,0.9715330006326,0.9715276027063109,0.9715330006326,0.9715298117727578,0.9689973614775725,0.9670836076366031,0.9680395387149917,0.9611327040533038,0.9613996112191058,0.9612661391087047,0.9798630688683044,0.9810483870967742,0.9804553697360467,0.9794101279910963,0.9807745890220118,0.9800918836140888,0.000832814446656402,0.9921281979195952,0.9921747130376983,0.9921281979195952,0.9921255411851165,0.9972948602344455,0.990152193375112,0.9937106918238994,0.9934569247546347,0.9838012958963283,0.9886055344546935,0.9933554817275747,0.998330550918197,0.9958368026644463,0.9838536060279871,0.9989071038251366,0.9913232104121475,brain_mri_nd5,classification
18,0.002360588187752317,0.9766640894074646,0.9766649139607806,0.9766640894074646,0.9766636571560706,0.9751375137513751,0.9725696730305026,0.973851900681169,0.967849223946785,0.9697306303804498,0.968789013732834,0.9863013698630136,0.9870967741935484,0.9866989117291415,0.9807906458797327,0.9816104764558373,0.9812003899178388,0.0008145278448511335,0.9921281979195952,0.992136814232624,0.9921281979195952,0.9921219750442576,0.9892857142857143,0.9919427036705462,0.9906124273580689,0.9934569247546347,0.9838012958963283,0.9886055344546935,0.9966555183946488,0.994991652754591,0.9958228905597326,0.9913232104121475,0.9989071038251366,0.995100707675558,brain_mri_nd5,classification
19,0.0025437329023763684,0.9735010894777536,0.9735022758234677,0.9735010894777536,0.973496044160506,0.9723817940786567,0.9657669519420672,0.969063084883849,0.9634854771784233,0.9672313246320466,0.9653547671840355,0.9834810636583401,0.9842741935483871,0.9838774687625957,0.9780799112097669,0.9821677347450544,0.9801195606839983,0.001665375106487531,0.9834129884734326,0.9834386025281961,0.9834129884734326,0.9833915137946185,0.9811827956989247,0.9803043867502238,0.980743394536498,0.9814004376367614,0.968682505399568,0.975,0.9966386554621849,0.989983305509182,0.9932998324958124,0.9796137339055794,0.9978142076502732,0.9886302111532215,brain_mri_nd5,classification
20,0.003533937337926404,0.9645041118999086,0.9645790153388442,0.9645041118999086,0.9645313809910345,0.9640969162995595,0.9605003291639236,0.9622952621743431,0.9447802197802198,0.955012496528742,0.9498688026515675,0.9792935444579781,0.9725806451612903,0.975925551284645,0.9748883928571429,0.9735302312621901,0.9742088387006831,0.008183761252918236,0.9283103739105988,0.9326374965155939,0.9283103739105988,0.9277913720361303,0.9316239316239316,0.9758281110116384,0.9532138172278094,0.8535402521823472,0.9503239740820735,0.8993357179356157,0.9898477157360406,0.9766277128547579,0.9831932773109243,0.9764705882352941,0.8163934426229508,0.8892857142857142,brain_mri_nd5,classification
21,0.013751654705755272,0.8471216700639629,0.8475410096746275,0.8471216700639629,0.8470686972125553,0.8579868211770052,0.8286153170945798,0.8430453226166555,0.8361213495888857,0.8189391835601222,0.8274410774410774,0.8001516875237011,0.8508064516129032,0.8247019738127809,0.8784817039868924,0.8963499582056283,0.887325886084678,0.005960550025159937,0.9387123980882767,0.9400178113579803,0.9387123980882767,0.9389367858719413,0.9499536607970342,0.9176365264100269,0.9335154826958105,0.9372294372294372,0.9352051835853131,0.9362162162162162,0.875,0.9582637729549248,0.9147410358565737,0.9732739420935412,0.9551912568306011,0.9641478212906784,brain_mri_nd5,classification
22,0.010401699838121232,0.8867646025163421,0.8867962680951775,0.8867646025163421,0.8866768535852729,0.8904729576827336,0.8635066929997806,0.8767825311942959,0.8658570245652774,0.8711469036378784,0.8684939091915836,0.8592826172644856,0.8790322580645161,0.8690452461630457,0.9221491228070176,0.9373084424630816,0.9296669890838746,0.006586443018592372,0.9389935338768626,0.9410216779675974,0.9389935338768626,0.9388150522988409,0.9815533980582525,0.9051029543419875,0.9417792268281323,0.9393939393939394,0.9038876889848813,0.9212988442487617,0.9263322884012539,0.986644407345576,0.9555375909458367,0.9028056112224448,0.9846994535519126,0.9419759539989545,brain_mri_nd5,classification
23,0.0067583108232459055,0.9303437126590286,0.9302335508631998,0.9303437126590286,0.9302485586531895,0.9274281955711466,0.9282422646477946,0.9278350515463918,0.918321043675553,0.8991946681477367,0.9086572190262382,0.9372,0.944758064516129,0.9409638554216867,0.9409340659340659,0.9543048202842017,0.9475722783234196,0.002284374741964631,0.9758223221816137,0.9759065135064848,0.9758223221816137,0.9757431044621432,0.9845313921747043,0.9686660698299016,0.9765342960288809,0.9734806629834254,0.9514038876889849,0.9623156744948116,0.9691558441558441,0.996661101836394,0.9827160493827161,0.9722518676627535,0.9956284153005465,0.9838012958963283,brain_mri_nd5,classification
24,0.004194978559251586,0.9563506009699867,0.9563118745229447,0.9563506009699867,0.9563156320486872,0.9539546155540868,0.9501865262233926,0.9520668425681619,0.950070126227209,0.9405720633157456,0.9452972369522746,0.9631557869443332,0.969758064516129,0.9664456499899537,0.960838389409818,0.9707439398161047,0.9657657657657658,0.0017909891899145715,0.9822884453190891,0.9823520135544246,0.9822884453190891,0.982284353356975,0.98816029143898,0.9713518352730528,0.9796839729119639,0.9711538461538461,0.9816414686825053,0.9763694951664876,0.9801980198019802,0.991652754590985,0.9858921161825727,0.9880043620501636,0.9901639344262295,0.9890829694323144,brain_mri_nd5,classification
25,0.003225186359833285,0.9668939340690237,0.9668821258250077,0.9668939340690237,0.9668875519601839,0.963556531284303,0.9631336405529954,0.9633450395083406,0.9560378408458542,0.9541793946126076,0.9551077136900625,0.9714055577929923,0.9725806451612903,0.9719927463227886,0.9788595271210014,0.9804959598774031,0.9796770601336303,0.001312943418657013,0.9850998032049479,0.985159534570866,0.9850998032049479,0.9850434140387551,0.9830960854092526,0.9892569382273948,0.9861668897813476,0.9899777282850779,0.9600431965442765,0.9747807017543859,0.988391376451078,0.994991652754591,0.9916805324459235,0.98068669527897,0.9989071038251366,0.989713048186248,brain_mri_nd5,classification
26,0.0026682147155870323,0.9700569339987348,0.970056436353639,0.9700569339987348,0.9700562295364492,0.96537365768135,0.966644722405091,0.9660087719298246,0.9677150013915947,0.9655651207997779,0.9666388657214345,0.9701612903225807,0.9701612903225807,0.9701612903225807,0.9782790309106099,0.978824185009752,0.9785515320334262,0.001407377551820853,0.9856620747821198,0.9857416833111687,0.9856620747821198,0.985668181139134,0.990063233965673,0.981199641897941,0.9856115107913669,0.9754010695187165,0.9848812095032398,0.9801182160128963,0.980327868852459,0.998330550918197,0.989247311827957,0.994475138121547,0.9836065573770492,0.989010989010989,brain_mri_nd5,classification
27,0.003467271182272504,0.9642932452379279,0.9642995406060835,0.9642932452379279,0.9642915440145413,0.9585526315789473,0.9591836734693877,0.9588680487002303,0.9664335664335665,0.9594557067481255,0.9629319955406912,0.9530685920577617,0.9580645161290322,0.9555600241303036,0.9772158933036955,0.9799387015881861,0.9785754034501948,0.0016537143104982772,0.9845375316277762,0.9846330890016267,0.9845375316277762,0.9845224147977013,0.9753737906772207,0.9928379588182632,0.9840283939662822,0.9922566371681416,0.968682505399568,0.980327868852459,0.9849246231155779,0.9816360601001669,0.9832775919732442,0.9880304678998912,0.9923497267759562,0.990185387131952,brain_mri_nd5,classification
28,0.0035558562378704846,0.961692556406832,0.9616962686708818,0.961692556406832,0.9616878792988469,0.9579960621308248,0.9609392143954356,0.9594653812445223,0.9641356122163071,0.9555678978061649,0.9598326359832636,0.9496981891348089,0.9516129032258065,0.9506545820745217,0.9722376457523598,0.9757592644190582,0.9739952718676123,0.001852841369119374,0.9839752600506044,0.9840757082179161,0.9839752600506044,0.9839679408880948,0.9927338782924614,0.9785138764547896,0.9855725879170424,0.9837133550488599,0.978401727861771,0.9810503519220357,0.983249581239531,0.9799666110183639,0.9816053511705686,0.9744136460554371,0.9989071038251366,0.9865083648138154,brain_mri_nd5,classification
29,0.002725726017243901,0.9718844450692345,0.9718737982200562,0.9718844450692345,0.9718674419696295,0.9680525164113786,0.9708141321044547,0.9694313575106825,0.9705056179775281,0.9594557067481255,0.9649490294651585,0.9726137736608941,0.9737903225806451,0.9732016925246827,0.9775871610403984,0.9843967679019225,0.9809801471609052,0.0008508715929664066,0.9938150126511105,0.9938285556488312,0.9938150126511105,0.9938150505475875,0.9955116696588869,0.9928379588182632,0.9941730165844913,0.9945770065075922,0.990280777537797,0.9924242424242424,0.9966555183946488,0.994991652754591,0.9958228905597326,0.9891657638136512,0.9978142076502732,0.9934711643090316,brain_mri_nd5,classification
30,0.0025689334463060514,0.9730090672664652,0.9730109049217563,0.9730090672664652,0.9730011976258096,0.9742630884293885,0.9719113451832346,0.9730857958914644,0.9689944134078212,0.9633435156900861,0.9661607018521098,0.9794022617124394,0.9778225806451613,0.9786117836965295,0.9710344827586207,0.9807745890220118,0.9758802328805101,0.0011034664329880256,0.9884734326679786,0.9885253268139319,0.9884734326679786,0.9884866822615362,0.995483288166215,0.9865711727842436,0.9910071942446043,0.9775160599571735,0.9859611231101512,0.9817204301075269,0.9966499162479062,0.993322203672788,0.9949832775919732,0.985854189336235,0.9901639344262295,0.9880043620501636,brain_mri_nd5,classification
31,0.001910399398850249,0.9800379559991566,0.9800353470870069,0.9800379559991566,0.9800346103860949,0.9806167400881057,0.9769585253456221,0.9787842145762339,0.975,0.9747292418772563,0.9748646021385918,0.9843121480289622,0.9866935483870968,0.9855014095851792,0.9813940572063315,0.9846753970465311,0.9830319888734353,0.000801473894101008,0.9940961484396964,0.9941040231702262,0.9940961484396964,0.9940974600168354,0.9919499105545617,0.9928379588182632,0.992393736017897,0.9913978494623656,0.9956803455723542,0.9935344827586207,0.9966442953020134,0.991652754590985,0.994142259414226,0.9978094194961665,0.9956284153005465,0.9967177242888403,brain_mri_nd5,classification
32,0.0014368822001661274,0.9843255781260982,0.9843222586987952,0.9843255781260982,0.9843206180904747,0.9826754385964912,0.9833223612025456,0.9829987934627619,0.9826815642458101,0.9769508469869481,0.9798078262080491,0.9895287958115183,0.9907258064516129,0.9901269393511989,0.9844617092119867,0.9885762050710505,0.9865146670373974,0.0007842934597237782,0.9924093337081811,0.9924424246086139,0.9924093337081811,0.9924136866134364,0.998193315266486,0.9892569382273948,0.9937050359712231,0.9839400428265525,0.9924406047516199,0.9881720430107527,0.9950166112956811,1.0,0.9975020815986678,0.9923413566739606,0.9912568306010929,0.9917987971569163,brain_mri_nd5,classification
33,0.0015209765527020335,0.9842552892387714,0.984255664181892,0.9842552892387714,0.9842549632183566,0.9809294169224024,0.9820057055080097,0.9814672661476039,0.9824707846410684,0.9805609552901972,0.9815149409312022,0.9890997174000807,0.9879032258064516,0.9885011095420617,0.9869226488592098,0.9882975759264419,0.9876096338577196,0.0006583386985496726,0.9935338768625246,0.9935550624167572,0.9935338768625246,0.9935293063986058,0.9937332139659804,0.9937332139659804,0.9937332139659804,0.9967248908296943,0.9859611231101512,0.991313789359392,0.994991652754591,0.994991652754591,0.994991652754591,0.9891891891891892,1.0,0.9945652173913043,brain_mri_nd5,classification
34,0.001372438839040404,0.9846770225627328,0.9846781464582055,0.9846770225627328,0.9846771172237835,0.9846356453028973,0.9844195742813254,0.984527597937013,0.9816564758198999,0.9808386559289086,0.9812473954715932,0.9899030694668821,0.9883064516129032,0.9891041162227603,0.9841534612176814,0.9863471719141822,0.985249095463401,0.0006812105966724837,0.9935338768625246,0.9935456589029814,0.9935338768625246,0.9935336649292597,0.9972972972972973,0.991047448522829,0.9941625505163898,0.9924324324324324,0.9913606911447084,0.9918962722852512,0.9916943521594684,0.996661101836394,0.9941715237302248,0.991304347826087,0.9967213114754099,0.9940054495912807,brain_mri_nd5,classification
35,0.0012759115888766011,0.9867154002952133,0.9867150847567328,0.9867154002952133,0.9867148279373197,0.9850680720245938,0.9844195742813254,0.9847437163867852,0.9847137298499167,0.9838933629547348,0.9843033754688151,0.9919289749798225,0.9911290322580645,0.991528842275111,0.9872115651932166,0.989412092504876,0.9883106039521291,0.0005597202963242739,0.9952206915940399,0.9952473451811213,0.9952206915940399,0.9952194229831921,0.9990999099909991,0.9937332139659804,0.9964093357271095,0.9967355821545157,0.9892008639308856,0.9929539295392954,0.9950166112956811,1.0,0.9975020815986678,0.9891891891891892,1.0,0.9945652173913043,brain_mri_nd5,classification
36,0.0012600655828961277,0.9872777113938286,0.9872744298394615,0.9872777113938286,0.9872742655031691,0.9866051822573562,0.9859556725916173,0.9862803204917133,0.985781990521327,0.9819494584837545,0.9838619922092376,0.9907519099316445,0.9935483870967742,0.9921481779746326,0.9872186718532926,0.9899693507940931,0.9885920979410128,0.000585903847602493,0.9955018273826258,0.9955196810732543,0.9955018273826258,0.9955036937127146,0.9982030548068284,0.9946284691136974,0.9964125560538116,0.9892818863879957,0.9967602591792657,0.993006993006993,0.9966722129783694,1.0,0.9983333333333333,0.9978021978021978,0.9923497267759562,0.9950684931506849,brain_mri_nd5,classification
37,0.0011274900032246925,0.9886834891403669,0.9886832497274134,0.9886834891403669,0.9886832001497997,0.9881448957189901,0.9877112135176651,0.987928007023705,0.9855555555555555,0.9852818661482922,0.9854186918483544,0.9923325262308313,0.9915322580645162,0.9919322307382009,0.989983305509182,0.9913624965171357,0.9906724209940136,0.0006930668229440901,0.9957829631712117,0.9958114008591749,0.9957829631712117,0.9957833639896427,1.0,0.9937332139659804,0.9968567579703638,0.9978260869565218,0.9913606911447084,0.9945828819068255,0.9933665008291874,1.0,0.9966722129783694,0.9902597402597403,1.0,0.9951060358890701,brain_mri_nd5,classification
38,0.00111379515812295,0.9879806002670978,0.987984469037301,0.9879806002670978,0.9879773551425017,0.9844944310984931,0.989247311827957,0.9868651488616462,0.9874125874125874,0.9802832546514857,0.9838350055741361,0.992741935483871,0.992741935483871,0.992741935483871,0.9897021987197329,0.9908052382279187,0.9902534113060428,0.0006519831410499512,0.9955018273826258,0.9955349216291309,0.9955018273826258,0.9955041392355681,1.0,0.9937332139659804,0.9968567579703638,0.996742671009772,0.9913606911447084,0.9940443963183541,0.9966666666666667,0.998330550918197,0.9974979149291076,0.9881209503239741,1.0,0.9940249864204237,brain_mri_nd5,classification
39,0.0011627757794430683,0.9884726224783862,0.9884765156952567,0.9884726224783862,0.9884693749753148,0.9864035087719298,0.9870528856703972,0.9867280903806076,0.9893736017897091,0.9825048597611774,0.9859272676605824,0.9931479242241031,0.9935483870967742,0.9933481152993349,0.9869806094182826,0.9927556422401783,0.9898597027364912,0.0005655877649240664,0.994939555805454,0.9949439547645265,0.994939555805454,0.9949377141944609,0.9973070017953322,0.9946284691136974,0.9959659345584939,0.9945770065075922,0.990280777537797,0.9924242424242424,0.9950166112956811,1.0,0.9975020815986678,0.9923830250272034,0.9967213114754099,0.9945474372955289,brain_mri_nd5,classification
40,0.0011110050902080552,0.988542911365713,0.9885463932412353,0.988542911365713,0.9885426951531753,0.9857830271216098,0.989027869212201,0.9874027823419871,0.9882910510175634,0.9844487642321578,0.9863661658319421,0.9923263327948304,0.9907258064516129,0.9915254237288136,0.9896993318485523,0.9905266090833101,0.990112797660493,0.0006336511271826515,0.9943772842282823,0.9943841057270516,0.9943772842282823,0.9943707738249422,0.9928379588182632,0.9928379588182632,0.9928379588182632,0.9967284623773174,0.9870410367170627,0.9918610960390667,0.9933665008291874,1.0,0.9966722129783694,0.9945652173913043,1.0,0.997275204359673,brain_mri_nd5,classification
41,0.0009577717880208038,0.9908624446475013,0.9908626366410023,0.9908624446475013,0.9908623510668012,0.9894782989916703,0.9905639675224929,0.9900208356179405,0.9872151195108394,0.986392668703138,0.9868037227392693,0.9939540507859734,0.9943548387096774,0.9941544043539609,0.9941438929168991,0.9933129005293954,0.9937282229965156,0.0004351697790472841,0.9977509136913129,0.9977556453279639,0.9977509136913129,0.9977509780068398,1.0,0.9955237242614146,0.9977568416330193,0.9956896551724138,0.9978401727861771,0.9967637540453075,0.9983333333333333,1.0,0.9991659716430359,0.9967284623773174,0.9989071038251366,0.9978165938864629,brain_mri_nd5,classification
42,0.0011923430718380338,0.9883320447037324,0.9883319486163027,0.9883320447037324,0.9883306667465823,0.9888010540184453,0.9881500987491771,0.9884754692130392,0.9869262865090404,0.9852818661482922,0.9861033907726515,0.9894949494949495,0.9875,0.9884964682139253,0.9883430474604497,0.9921983839509613,0.9902669632925473,0.000555939776639154,0.994939555805454,0.9949502266466179,0.994939555805454,0.9949411029935534,0.9990999099909991,0.9937332139659804,0.9964093357271095,0.9913793103448276,0.9935205183585313,0.9924487594390508,0.994991652754591,0.994991652754591,0.994991652754591,0.9934711643090316,0.9978142076502732,0.9956379498364231,brain_mri_nd5,classification
43,0.001226264299267952,0.986153089196598,0.9861516077275808,0.986153089196598,0.9861507068884935,0.9846120026379424,0.9828834759710335,0.9837469800131782,0.9846924575563596,0.9825048597611774,0.9835974423130387,0.9919387343812979,0.9923387096774193,0.9921386817173957,0.9855715871254163,0.9896907216494846,0.9876268594466843,0.000776504525558342,0.9943772842282823,0.9944071850114804,0.9943772842282823,0.9943804083877292,1.0,0.9928379588182632,0.9964061096136568,0.9882100750267953,0.9956803455723542,0.9919311457772996,0.9917218543046358,1.0,0.9958437240232751,0.995609220636663,0.9912568306010929,0.9934282584884995,brain_mri_nd5,classification
44,0.0010090915451804185,0.9883320447037324,0.98833119836003,0.9883320447037324,0.9883313554457196,0.9868392191270016,0.9872723282861532,0.9870557261956999,0.9863699582753824,0.9847264648708692,0.9855475264035576,0.992741935483871,0.992741935483871,0.992741935483871,0.9891455608126913,0.9902479799387016,0.9896964633806739,0.001561813048139557,0.9836941242620185,0.9842294716688708,0.9836941242620185,0.9837232152633282,1.0,0.991047448522829,0.9955035971223022,0.9504643962848297,0.9946004319654428,0.9720316622691293,0.9933554817275747,0.998330550918197,0.9958368026644463,0.9931740614334471,0.9540983606557377,0.9732441471571907,brain_mri_nd5,classification
45,0.0009776372041296175,0.989386378013636,0.9893865663852622,0.989386378013636,0.989386003269819,0.9894459102902374,0.9874917709019092,0.9884678747940692,0.9869625520110957,0.9880588725354068,0.9875104079933389,0.9911397503020539,0.9923387096774193,0.9917388676203909,0.9905318852687274,0.9910838673725272,0.990807799442897,0.0005397013303921823,0.9952206915940399,0.9952327638069204,0.9952206915940399,0.9952223946753437,0.9982046678635548,0.9955237242614146,0.9968623935454953,0.9903225806451613,0.9946004319654428,0.9924568965517241,0.9983193277310924,0.991652754590985,0.9949748743718593,0.9945533769063181,0.9978142076502732,0.9961811238406983,brain_mri_nd5,classification
46,0.0010764944942469338,0.9888943558023476,0.9888955152713814,0.9888943558023476,0.988894892065989,0.9877166045185347,0.9881500987491771,0.9879333040807372,0.9858372674257151,0.9858372674257151,0.9858372674257151,0.9959644874899112,0.9951612903225806,0.9955627269060104,0.9885762050710505,0.9885762050710505,0.9885762050710505,0.0012911122341143868,0.9862243463592916,0.9867006333495226,0.9862243463592916,0.9862486636214269,0.9981965734896303,0.991047448522829,0.9946091644204852,0.9565667011375388,0.9989200863930886,0.977284733227681,0.995,0.996661101836394,0.9958298582151793,0.9977298524404086,0.9606557377049181,0.9788418708240535,brain_mri_nd5,classification
47,0.0012081761203122494,0.9875588669431363,0.987561549822362,0.9875588669431363,0.9875595325449198,0.9853295379899277,0.9874917709019092,0.9864094695309075,0.9863737486095662,0.9850041655095807,0.9856884813116576,0.9919191919191919,0.9899193548387096,0.9909182643794148,0.9885762050710505,0.9885762050710505,0.9885762050710505,0.0019595466746911284,0.9879111610908069,0.9881386215625645,0.9879111610908069,0.9879256220297118,0.9991007194244604,0.9946284691136974,0.996859578286227,0.9653725078698846,0.9935205183585313,0.9792442788717403,0.9933444259567388,0.996661101836394,0.995,0.9943883277216611,0.9683060109289617,0.9811738648947951,brain_mri_nd5,classification
48,0.000925590981381081,0.9900892668869051,0.9900872763056388,0.9900892668869051,0.9900873930347499,0.990112063282795,0.9888084265964451,0.9894598155467721,0.9877573734001113,0.9858372674257151,0.9867963863794301,0.9939613526570048,0.9955645161290323,0.9947622884770346,0.9897165091717621,0.9921983839509613,0.9909558925838319,0.001253122788536264,0.9884734326679786,0.9885627162615265,0.9884734326679786,0.988481028806764,0.9928507596067918,0.9946284691136974,0.9937388193202147,0.973404255319149,0.9881209503239741,0.9807073954983923,0.9933333333333333,0.994991652754591,0.994161801501251,0.9955456570155902,0.9770491803278688,0.9862107004964148,brain_mri_nd5,classification
49,0.0006601552262169392,0.9932522668166163,0.9932525620642039,0.9932522668166163,0.9932520396539547,0.9932002632156175,0.9936361641430765,0.9934181658622203,0.9913793103448276,0.9900027770063872,0.9906905655134084,0.9967702866370609,0.9955645161290323,0.9961670365140206,0.9927677329624478,0.9944274171078294,0.9935968819599109,0.002175148814544782,0.9873488895136351,0.9877199624695319,0.9873488895136351,0.9873744381082906,0.9991015274034142,0.9955237242614146,0.9973094170403587,0.9594594594594594,0.9967602591792657,0.9777542372881356,0.9983221476510067,0.993322203672788,0.99581589958159,0.9954853273137697,0.9639344262295082,0.9794558578567463,brain_mri_nd5,classification
50,0.0007649255636757692,0.9916356224080973,0.9916367932753394,0.9916356224080973,0.9916346751181657,0.9899233296823658,0.9916611806012727,0.9907914930936198,0.9913576805129635,0.9875034712579839,0.9894268224819143,0.9951573849878934,0.9943548387096774,0.9947559499798305,0.9916597164303587,0.9938701588186124,0.9927637072084609,0.00260345837787782,0.9862243463592916,0.9868241150718848,0.9862243463592916,0.9862406149985439,1.0,0.9946284691136974,0.9973070017953322,0.9526748971193416,1.0,0.9757639620653319,0.9966666666666667,0.998330550918197,0.9974979149291076,0.9988558352402745,0.9540983606557377,0.975964225824483,brain_mri_nd5,classification
51,0.0006617433421368079,0.9927602446053279,0.9927603641944855,0.9927602446053279,0.9927599844161841,0.9923144488361879,0.9916611806012727,0.9919877071671606,0.991108641289247,0.9905581782838101,0.9908333333333333,0.9959644874899112,0.9951612903225806,0.9955627269060104,0.9927697441601779,0.994706046252438,0.9937369519832986,0.0037555827649257923,0.9817261737419174,0.9827349561293351,0.9817261737419174,0.981731621764965,1.0,0.9946284691136974,0.9973070017953322,0.9381338742393509,0.9989200863930886,0.9675732217573222,0.9966722129783694,1.0,0.9983333333333333,0.9976717112922002,0.9366120218579235,0.9661781285231116,brain_mri_nd5,classification
52,0.0007627089150022635,0.9917762001827511,0.9917772602101573,0.9917762001827511,0.9917764997341634,0.9921017990346643,0.9923195084485407,0.992210641799232,0.9899916597164303,0.9888919744515412,0.9894415115309808,0.9971751412429378,0.9963709677419355,0.9967728922952803,0.9894268224819143,0.9908052382279187,0.9901155506055965,0.002889267366985484,0.9865054821478775,0.9869596052432068,0.9865054821478775,0.9865216597628106,0.9991007194244604,0.9946284691136974,0.996859578286227,0.9565217391304348,0.9978401727861771,0.9767441860465116,0.996661101836394,0.996661101836394,0.996661101836394,0.9965909090909091,0.9584699453551913,0.977158774373259,brain_mri_nd5,classification
53,0.0006370407306673255,0.9933928445912701,0.9933952642429161,0.9933928445912701,0.9933930296930308,0.9914604773374206,0.9936361641430765,0.9925471284524331,0.9935986640690231,0.9913912801999445,0.9924937447873228,0.9959579628132579,0.9935483870967742,0.994751715785224,0.9938769830225438,0.9949846753970465,0.9944305207463102,0.0014459285354208428,0.9907225189766657,0.9909186307048155,0.9907225189766657,0.9907349236327355,1.0,0.9946284691136974,0.9973070017953322,0.9705882352941176,0.9978401727861771,0.9840255591054313,0.9966666666666667,0.998330550918197,0.9974979149291076,0.9966442953020134,0.9737704918032787,0.9850746268656716,brain_mri_nd5,classification
54,0.0006377909502791777,0.9931819779292894,0.9931821695867489,0.9931819779292894,0.993181692979179,0.99340804218853,0.9921000658327848,0.9927536231884058,0.9916666666666667,0.9913912801999445,0.9915289543119011,0.9955645161290323,0.9955645161290323,0.9955645161290323,0.9927697441601779,0.994706046252438,0.9937369519832986,0.0014090107022998123,0.9924093337081811,0.9925747663102796,0.9924093337081811,0.9924196036095208,1.0,0.9946284691136974,0.9973070017953322,0.9747368421052631,1.0,0.9872068230277186,0.9966666666666667,0.998330550918197,0.9974979149291076,0.9988839285714286,0.9781420765027322,0.988404196576477,brain_mri_nd5,classification
55,0.0005849561099450341,0.993463133478597,0.9934644475362571,0.993463133478597,0.9934631098205488,0.9914529914529915,0.9927583936800527,0.9921052631578947,0.9938752783964365,0.9913912801999445,0.9926317252884749,0.9959644874899112,0.9951612903225806,0.9955627269060104,0.9938786867000556,0.995263304541655,0.9945705137129334,0.00043257544641406596,0.9974697779027271,0.9974818924945126,0.9974697779027271,0.9974700835885938,1.0,0.9946284691136974,0.9973070017953322,0.9935622317596566,1.0,0.9967707212055974,0.9966722129783694,1.0,0.9983333333333333,0.9989047097480832,0.9967213114754099,0.9978118161925602,brain_mri_nd5,classification
56,0.0005831836907517259,0.9941660223518661,0.9941660126434309,0.9941660223518661,0.9941659871406187,0.992756804214223,0.9925389510642967,0.9926478656863821,0.9944459872257706,0.9944459872257706,0.9944459872257706,0.9959661153691004,0.9955645161290323,0.9957652752571083,0.9944305207463102,0.9949846753970465,0.9947075208913649,0.0022111944705099293,0.9893168400337363,0.9896666148068595,0.9893168400337363,0.9893312045758876,1.0,0.9946284691136974,0.9973070017953322,0.963579604578564,1.0,0.9814520402755696,0.9966666666666667,0.998330550918197,0.9974979149291076,0.9988700564971752,0.966120218579235,0.9822222222222222,brain_mri_nd5,classification
57,0.0005916953749722326,0.9931116890419625,0.9931110829011905,0.9931116890419625,0.9931105895075397,0.9927599824484423,0.9929778362958086,0.9928688974218322,0.9913697104677061,0.9888919744515412,0.9901292923675796,0.9967728922952803,0.9963709677419355,0.9965718894938496,0.9927737632017788,0.995263304541655,0.9940169750939196,0.0005563031964891703,0.9966263705369693,0.9966510520339026,0.9966263705369693,0.9966279901951757,1.0,0.9946284691136974,0.9973070017953322,0.9903743315508021,1.0,0.9951638903815153,0.9966722129783694,1.0,0.9983333333333333,0.9989010989010989,0.9934426229508196,0.9961643835616438,brain_mri_nd5,classification
58,0.0005085892136930047,0.99430660012652,0.9943067951132483,0.99430660012652,0.9943066695358503,0.9936347673397717,0.9934167215273206,0.9935257324700977,0.9930613377740771,0.9936128853096362,0.9933370349805664,0.9959677419354839,0.9959677419354839,0.9959677419354839,0.9952619843924192,0.9949846753970465,0.9951233105754493,0.0010582001823005837,0.9938150126511105,0.9939195950209129,0.9938150126511105,0.9938205825731743,1.0,0.9946284691136974,0.9973070017953322,0.9798941798941799,1.0,0.9898450026723677,0.9966722129783694,1.0,0.9983333333333333,0.9988888888888889,0.9825136612021858,0.990633608815427,brain_mri_nd5,classification
59,0.0006148718838107128,0.9939551556898855,0.9939550008828042,0.9939551556898855,0.9939544462569441,0.9936263736263736,0.9921000658327848,0.9928626331393433,0.9930516953863258,0.9922243821160789,0.9926378663703292,0.9967754937525192,0.9971774193548387,0.9969764160451522,0.9933296275708727,0.9958205628308721,0.9945735355502991,0.0014661550428574322,0.9910036547652517,0.9912138119677456,0.9910036547652517,0.9910246314401767,1.0,0.9937332139659804,0.9968567579703638,0.9706190975865687,0.9989200863930886,0.9845662586482171,0.9966555183946488,0.994991652754591,0.9958228905597326,0.9977678571428571,0.9770491803278688,0.9872998343456654,brain_mri_nd5,classification
60,0.00047606272190179683,0.9942363112391931,0.9942357037269565,0.9942363112391931,0.9942355227547619,0.9938448010551769,0.9921000658327848,0.9929716670327257,0.9938888888888889,0.9936128853096362,0.993750867935009,0.9959742351046699,0.9975806451612903,0.9967767929089444,0.9938786867000556,0.995263304541655,0.9945705137129334,0.0022687554402067993,0.9879111610908069,0.9882941123576545,0.9879111610908069,0.9879216449049885,1.0,0.9946284691136974,0.9973070017953322,0.9604989604989606,0.9978401727861771,0.9788135593220338,0.9950166112956811,1.0,0.9975020815986678,0.9977324263038548,0.9617486338797814,0.9794101279910963,brain_mri_nd5,classification
61,0.00048386927919575576,0.9940957334645393,0.9940970718944518,0.9940957334645393,0.9940959647281312,0.9947252747252747,0.9931972789115646,0.9939606895794444,0.9922265408106608,0.9925020827547903,0.9923642926558378,0.9975796692214602,0.9971774193548387,0.9973785037305909,0.9927697441601779,0.994706046252438,0.9937369519832986,0.0018485888096111758,0.9893168400337363,0.9896467397778551,0.9893168400337363,0.98932695307095,1.0,0.9955237242614146,0.9977568416330193,0.9635416666666666,0.9989200863930886,0.9809119830328739,0.9983333333333333,1.0,0.9991659716430359,0.9977401129943503,0.9650273224043716,0.9811111111111112,brain_mri_nd5,classification
62,0.00047396029711384405,0.9950094889997891,0.9950093201485869,0.9950094889997891,0.9950093764596559,0.9940763492759982,0.9942944919903445,0.9941854086670323,0.9938871908863574,0.9933351846709247,0.9936111111111111,0.9967741935483871,0.9967741935483871,0.9967741935483871,0.996100278551532,0.9963778211200892,0.9962390305056414,0.0012781016015301616,0.9924093337081811,0.9925747663102796,0.9924093337081811,0.9924196036095208,1.0,0.9946284691136974,0.9973070017953322,0.9747368421052631,1.0,0.9872068230277186,0.9966666666666667,0.998330550918197,0.9974979149291076,0.9988839285714286,0.9781420765027322,0.988404196576477,brain_mri_nd5,classification
63,0.00043102007164048456,0.9952906445490968,0.995291114228707,0.9952906445490968,0.9952907478147173,0.9936417452313089,0.9945139346061005,0.9940776486071506,0.9947192884936076,0.9938905859483477,0.994304764550632,0.9967754937525192,0.9971774193548387,0.9969764160451522,0.9969333705046,0.9963778211200892,0.9966555183946488,0.0013717674453352015,0.9910036547652517,0.991245204936366,0.9910036547652517,0.9910121333610158,1.0,0.9946284691136974,0.9973070017953322,0.9696335078534032,1.0,0.9845826687931951,0.9966722129783694,1.0,0.9983333333333333,0.998876404494382,0.9715846994535519,0.9850415512465374,brain_mri_nd5,classification
64,0.00046088268629301403,0.9950094889997891,0.9950087769610165,0.9950094889997891,0.9950087002789495,0.9940737489025461,0.9938556067588326,0.9939646658619554,0.9947134112409571,0.9927797833935018,0.9937456567060459,0.9959742351046699,0.9975806451612903,0.9967767929089444,0.995825215697189,0.9969350794093063,0.9963798384851016,0.0012433973643233996,0.9918470621310093,0.9920136355261219,0.9918470621310093,0.9918579791326525,1.0,0.9946284691136974,0.9973070017953322,0.9736842105263158,0.9989200863930886,0.9861407249466951,0.9966666666666667,0.998330550918197,0.9974979149291076,0.9977678571428571,0.9770491803278688,0.9872998343456654,brain_mri_nd5,classification
65,0.0004620539013243522,0.9947986223378084,0.9948019758822085,0.9947986223378084,0.994799702041296,0.9927710843373494,0.9945139346061005,0.9936417452313089,0.9936128853096362,0.9936128853096362,0.9936128853096362,0.9991912656692277,0.9963709677419355,0.9977791237633757,0.9955406911928651,0.995263304541655,0.9954019785425665,0.002482906380991344,0.9856620747821198,0.9861973981341364,0.9856620747821198,0.9856719396028346,0.9973070017953322,0.9946284691136974,0.9959659345584939,0.9535123966942148,0.9967602591792657,0.9746568109820486,0.9966722129783694,1.0,0.9983333333333333,0.9988558352402745,0.9540983606557377,0.975964225824483,brain_mri_nd5,classification
66,0.00035531593990977944,0.9964152667463274,0.9964147137640242,0.9964152667463274,0.9964146102075494,0.9956111476848803,0.9956111476848803,0.9956111476848803,0.9961046188091264,0.9941682865870591,0.995135510771369,0.9979863068868304,0.9991935483870967,0.998589562764457,0.9966601725577512,0.9977709668431318,0.9972152603731551,0.0012335518070638101,0.9935338768625246,0.9936483819764363,0.9935338768625246,0.9935443026717495,1.0,0.9946284691136974,0.9973070017953322,0.9788583509513742,1.0,0.9893162393162394,0.996661101836394,0.996661101836394,0.996661101836394,0.9988901220865705,0.9836065573770492,0.9911894273127754,brain_mri_nd5,classification
67,0.00042556324121333994,0.9958529556477121,0.995853413518652,0.9958529556477121,0.995852715737158,0.9947403024326101,0.9960500329163924,0.9953947368421052,0.995825215697189,0.9936128853096362,0.9947178204058938,0.9979838709677419,0.9979838709677419,0.9979838709677419,0.9958228905597326,0.9963778211200892,0.996100278551532,0.0012762388256150508,0.9929716052853528,0.9930745912956247,0.9929716052853528,0.9929824128087541,0.9991007194244604,0.9946284691136974,0.996859578286227,0.9788135593220338,0.9978401727861771,0.9882352941176471,0.995,0.996661101836394,0.9958298582151793,0.9988901220865705,0.9836065573770492,0.9911894273127754,brain_mri_nd5,classification
68,0.0004010949754828641,0.9961341111970198,0.9961343871793339,0.9961341111970198,0.9961341179615244,0.9962678375411635,0.9958305903006364,0.9960491659350307,0.9950055493895672,0.9958344904193279,0.9954198473282443,0.9967767929089444,0.9975806451612903,0.9971785570334543,0.9966536530953709,0.9958205628308721,0.9962369337979095,0.004170958676387802,0.9791959516446443,0.9805959229455387,0.9791959516446443,0.9792153281939063,1.0,0.9946284691136974,0.9973070017953322,0.9287863590772317,1.0,0.9630785231409257,0.996661101836394,0.996661101836394,0.996661101836394,0.9988235294117647,0.9278688524590164,0.9620396600566572,brain_mri_nd5,classification
69,0.0003634011852491643,0.9965558445209812,0.9965566700263564,0.9965558445209812,0.9965560761472124,0.9951775537045155,0.9962694755321484,0.9957232152648317,0.9961121910580394,0.9961121910580394,0.9961121910580394,0.9987898346107301,0.9983870967741936,0.9985884250857028,0.99721059972106,0.9960991919754806,0.9966545860050181,0.0027018316268925973,0.9859432105707057,0.9864501142815721,0.9859432105707057,0.9859542824934999,1.0,0.9946284691136974,0.9973070017953322,0.954498448810755,0.9967602591792657,0.9751716851558373,0.9933665008291874,1.0,0.9966722129783694,0.997716894977169,0.9551912568306011,0.9759910664433278,brain_mri_nd5,classification
70,0.0004657593305353646,0.9953609334364237,0.9953619814432907,0.9953609334364237,0.9953612730720837,0.9942994957246218,0.9951722624533684,0.9947356876508006,0.9933333333333333,0.9930574840322133,0.993195389529232,0.9987883683360258,0.9971774193548387,0.9979822437449556,0.9963788300835654,0.9966564502646977,0.9965176208385569,0.0016503764894577053,0.989879111610908,0.9900797249055153,0.989879111610908,0.9898915075241669,0.9982030548068284,0.9946284691136974,0.9964125560538116,0.9695057833859095,0.9956803455723542,0.9824187533297816,0.9950083194675541,0.998330550918197,0.9966666666666667,0.9977578475336323,0.9726775956284153,0.9850581073602657,brain_mri_nd5,classification
71,0.00036591566906097147,0.9958529556477121,0.9958552399184539,0.9958529556477121,0.9958527250507248,0.9940880227720604,0.9962694755321484,0.9951775537045155,0.9960991919754806,0.9927797833935018,0.9944367176634215,0.9987883683360258,0.9971774193548387,0.9979822437449556,0.9958275382475661,0.9974923376985233,0.9966592427616926,0.0018725389074623398,0.989879111610908,0.9901547351272136,0.989879111610908,0.9898967475341192,1.0,0.9946284691136974,0.9973070017953322,0.9665621734587252,0.9989200863930886,0.9824747742963357,0.996661101836394,0.996661101836394,0.996661101836394,0.9977528089887641,0.9704918032786886,0.9839335180055402,brain_mri_nd5,classification
72,0.00041450404246620265,0.9954312223237506,0.9954312185981096,0.9954312223237506,0.9954311890334512,0.9945139346061005,0.9945139346061005,0.9945139346061005,0.9941666666666666,0.9938905859483477,0.9940286071378975,0.9979830576845502,0.9975806451612903,0.9977818108489614,0.9961013645224172,0.9966564502646977,0.9963788300835654,0.0024902759454796157,0.9873488895136351,0.9878050230189859,0.9873488895136351,0.9873590735196602,1.0,0.9946284691136974,0.9973070017953322,0.9575569358178054,0.9989200863930886,0.9778012684989429,0.9966722129783694,1.0,0.9983333333333333,0.9977246871444824,0.9584699453551913,0.9777034559643255,brain_mri_nd5,classification
73,0.0003955437474371603,0.9955015112110775,0.9955019591651593,0.9955015112110775,0.995501649666259,0.9951701427003293,0.9947333772218565,0.9949517120280948,0.9925083240843507,0.9933351846709247,0.9929215822345593,0.9991938734381298,0.9995967741935484,0.9993952832090305,0.9963758015054363,0.9958205628308721,0.9960981047937569,0.002149226608779954,0.9881922968793927,0.9885827606625407,0.9881922968793927,0.9882171625634049,1.0,0.9946284691136974,0.9973070017953322,0.960539979231568,0.9989200863930886,0.9793541556379036,0.9966555183946488,0.994991652754591,0.9958228905597326,0.9977401129943503,0.9650273224043716,0.9811111111111112,brain_mri_nd5,classification
74,0.00035992062850816913,0.9957826667603852,0.9957823297834704,0.9957826667603852,0.9957820360188315,0.9953906935908692,0.9951722624533684,0.9952814660375288,0.9955481357818586,0.9936128853096362,0.9945795691452397,0.9959758551307847,0.9979838709677419,0.9969788519637462,0.996380846325167,0.9972137085539148,0.9967971034674836,0.00102009344283719,0.9940961484396964,0.9941513444486234,0.9940961484396964,0.994101224333745,1.0,0.9946284691136974,0.9973070017953322,0.9840085287846482,0.9967602591792657,0.990343347639485,0.9933665008291874,1.0,0.9966722129783694,0.9977900552486187,0.9868852459016394,0.9923076923076923,brain_mri_nd5,classification
75,0.00036582457142402593,0.995993533422366,0.9959930704357971,0.995993533422366,0.9959930635947265,0.9956121105748135,0.9958305903006364,0.9957213384530993,0.9955506117908788,0.9941682865870591,0.9948589690148673,0.9971819645732689,0.9987903225806452,0.9979854955680902,0.9960991919754806,0.9960991919754806,0.9960991919754806,0.0009995872707777435,0.9940961484396964,0.9941605037265302,0.9940961484396964,0.9941011631735478,1.0,0.9946284691136974,0.9973070017953322,0.9829787234042553,0.9978401727861771,0.9903536977491961,0.9950166112956811,1.0,0.9975020815986678,0.9977876106194691,0.985792349726776,0.9917537108301264,brain_mri_nd5,classification
76,0.0004120203798227364,0.9955015112110775,0.9955029122015688,0.9955015112110775,0.9955020046583126,0.9938623410784744,0.9949528198376124,0.9944072815001644,0.994447529150472,0.9947236878644821,0.994585589337776,0.9979822437449556,0.9971774193548387,0.9975796692214602,0.996931659693166,0.9958205628308721,0.9963758015054363,0.0014528876742323157,0.9915659263424234,0.9916842498348605,0.9915659263424234,0.9915725151839326,0.9973070017953322,0.9946284691136974,0.9959659345584939,0.9756613756613757,0.9956803455723542,0.985569214323891,0.9966722129783694,1.0,0.9983333333333333,0.9977703455964325,0.9781420765027322,0.9878587196467992,brain_mri_nd5,classification
77,0.00030806478055401897,0.9965558445209812,0.9965571084989682,0.9965558445209812,0.9965562503432407,0.9949594564979181,0.9962694755321484,0.9956140350877193,0.9958333333333333,0.9955567897806165,0.9956950423552284,0.9987888574888979,0.9975806451612903,0.9981843857171676,0.9977697240033454,0.9972137085539148,0.9974916387959866,0.001152483826209458,0.9935338768625246,0.993628863404009,0.9935338768625246,0.9935396292090618,1.0,0.9946284691136974,0.9973070017953322,0.9798728813559322,0.9989200863930886,0.9893048128342246,0.9966722129783694,1.0,0.9983333333333333,0.9977802441731409,0.9825136612021858,0.9900881057268722,brain_mri_nd5,classification
78,0.000365897671556294,0.9956420889857314,0.9956425419778064,0.9956420889857314,0.9956420588699259,0.9953866432337434,0.9942944919903445,0.9948402678669448,0.9933425797503468,0.9944459872257706,0.9938939772411879,0.9971808296415626,0.9983870967741936,0.997783598629861,0.9972121550041818,0.9966564502646977,0.9969342251950948,0.0010954968579485159,0.9946584200168681,0.9947165785884124,0.9946584200168681,0.9946643430638792,1.0,0.9946284691136974,0.9973070017953322,0.9840425531914894,0.9989200863930886,0.9914255091103966,0.9966666666666667,0.998330550918197,0.9974979149291076,0.9977924944812362,0.9879781420765027,0.9928610653487095,brain_mri_nd5,classification
79,0.0004136361947640742,0.9955015112110775,0.9955016942813522,0.9955015112110775,0.995501259193939,0.9949483856797716,0.9940750493745886,0.9945115257958288,0.9952751528627015,0.9944459872257706,0.9948603972773996,0.9979838709677419,0.9979838709677419,0.9979838709677419,0.9947163515016685,0.9966564502646977,0.9956854558107168,0.0019303044182077025,0.9893168400337363,0.9896292273088296,0.9893168400337363,0.9893264739920292,1.0,0.9946284691136974,0.9973070017953322,0.9645464025026069,0.9989200863930886,0.9814323607427056,0.9966722129783694,1.0,0.9983333333333333,0.9977426636568849,0.966120218579235,0.9816768461965575,brain_mri_nd5,classification
80,0.000378025554528739,0.9957123778730582,0.9957123496000655,0.9957123778730582,0.9957118017926008,0.9958223394898856,0.9938556067588326,0.9948380010982977,0.9936146585230428,0.9938905859483477,0.9937526030820492,0.9983877468762595,0.9987903225806452,0.9985889941544044,0.9958286985539488,0.9977709668431318,0.9967988865692414,0.003020073859581172,0.9848186674163621,0.9854973844980628,0.9848186674163621,0.9848422079800344,1.0,0.9946284691136974,0.9973070017953322,0.9487179487179487,0.9989200863930886,0.97317201472909,0.996661101836394,0.996661101836394,0.996661101836394,0.9977064220183486,0.9508196721311475,0.9736989367655288,brain_mri_nd5,classification
81,0.000385240256612397,0.9957826667603852,0.9957826739671369,0.9957826667603852,0.995782494843958,0.9956140350877193,0.9962694755321484,0.9959416474717561,0.9952725250278087,0.9938905859483477,0.9945810754481034,0.9983870967741936,0.9983870967741936,0.9983870967741936,0.9947089947089947,0.995263304541655,0.9949860724233983,0.0015630284530883593,0.9907225189766657,0.9909482476430811,0.9907225189766657,0.9907350982676086,1.0,0.9946284691136974,0.9973070017953322,0.9696016771488469,0.9989200863930886,0.9840425531914894,0.9966666666666667,0.998330550918197,0.9974979149291076,0.9977578475336323,0.9726775956284153,0.9850581073602657,brain_mri_nd5,classification
82,0.0003244086587286986,0.995993533422366,0.9959939369473076,0.995993533422366,0.9959935910708138,0.9949550339986839,0.9953917050691244,0.9951733216322949,0.9963858771198221,0.995279089141905,0.9958321756043346,0.9975796692214602,0.9971774193548387,0.9973785037305909,0.9958240534521158,0.9966564502646977,0.9962400779835677,0.0010104159765551382,0.9946584200168681,0.994707390242917,0.9946584200168681,0.9946626496550408,1.0,0.9946284691136974,0.9973070017953322,0.9850746268656716,0.9978401727861771,0.9914163090128756,0.9950166112956811,1.0,0.9975020815986678,0.9977924944812362,0.9879781420765027,0.9928610653487095,brain_mri_nd5,classification
83,0.00031861625779484024,0.996696422295635,0.9966963229463823,0.996696422295635,0.996696163786715,0.996484289167216,0.9951722624533684,0.9958278436539306,0.9955592561754094,0.9961121910580394,0.995835646862854,0.9983877468762595,0.9987903225806452,0.9985889941544044,0.9969376391982183,0.9977709668431318,0.9973541289513995,0.0019255511713722792,0.9895979758223222,0.9898917118283559,0.9895979758223222,0.9896119781414773,1.0,0.9946284691136974,0.9973070017953322,0.965553235908142,0.9989200863930886,0.9819532908704883,0.9966666666666667,0.998330550918197,0.9974979149291076,0.9977477477477478,0.9683060109289617,0.9828064337215752,brain_mri_nd5,classification
84,0.0003652626225515703,0.9960638223096928,0.9960645545776705,0.9960638223096928,0.99606368372133,0.9964835164835165,0.9949528198376124,0.995717579883606,0.995,0.9947236878644821,0.9948618247465629,0.9983870967741936,0.9983870967741936,0.9983870967741936,0.9949958298582152,0.9972137085539148,0.9961035346507097,0.0031779405199967984,0.9845375316277762,0.9852439105919325,0.9845375316277762,0.9845541231518521,1.0,0.9946284691136974,0.9973070017953322,0.9477459016393442,0.9989200863930886,0.9726603575184016,0.9966666666666667,0.998330550918197,0.9974979149291076,0.9977011494252873,0.9486338797814208,0.9725490196078431,brain_mri_nd5,classification
85,0.00038866379059767216,0.9957826667603852,0.9957826141457936,0.9957826667603852,0.9957826056079996,0.9951701427003293,0.9947333772218565,0.9949517120280948,0.995279089141905,0.995279089141905,0.995279089141905,0.9979838709677419,0.9979838709677419,0.9979838709677419,0.9955444165970482,0.9960991919754806,0.9958217270194986,0.0028565122288364223,0.9853809389935339,0.986006925493922,0.9853809389935339,0.9853906344074024,1.0,0.9946284691136974,0.9973070017953322,0.9506680369989723,0.9989200863930886,0.9741969457609269,0.9966722129783694,1.0,0.9983333333333333,0.9977064220183486,0.9508196721311475,0.9736989367655288,brain_mri_nd5,classification
86,0.00042721293472853275,0.9953609334364237,0.9953616968849135,0.9953609334364237,0.9953607216163205,0.9936459246275198,0.9951722624533684,0.9944085078390528,0.9955456570155902,0.9930574840322133,0.9943000139024051,0.9979846835953244,0.9983870967741936,0.9981858496270913,0.9955431754874652,0.9958205628308721,0.9956818498398106,0.0018905584277241645,0.9890357042451504,0.9893670065496788,0.9890357042451504,0.989045473890121,1.0,0.9946284691136974,0.9973070017953322,0.9635416666666666,0.9989200863930886,0.9809119830328739,0.9966722129783694,1.0,0.9983333333333333,0.9977401129943503,0.9650273224043716,0.9811111111111112,brain_mri_nd5,classification
87,0.0003139600815313365,0.9968370000702889,0.9968377890669049,0.9968370000702889,0.9968370548371336,0.9960517657381005,0.9964889181479043,0.9962702939885915,0.9955617198335645,0.9966675923354624,0.9961143491534832,0.9987908101571947,0.9991935483870967,0.9989921386817174,0.9977666108319375,0.9958205628308721,0.9967926370101798,0.0019760689971130324,0.9887545684565645,0.9890508458670167,0.9887545684565645,0.9887740722633284,1.0,0.9946284691136974,0.9973070017953322,0.9644723092998955,0.9967602591792657,0.9803505045140732,0.9933444259567388,0.996661101836394,0.995,0.9977477477477478,0.9683060109289617,0.9828064337215752,brain_mri_nd5,classification
88,0.0004223562422656663,0.9952906445490968,0.9952911456439998,0.9952906445490968,0.995290635573155,0.9938583022592674,0.9942944919903445,0.9940763492759982,0.9947251526929484,0.9950013885031935,0.9948632514230182,0.9967780910189287,0.9979838709677419,0.9973806165625629,0.9966508512419759,0.9949846753970465,0.9958170663692136,0.0027794587513731714,0.9859432105707057,0.9865180368082018,0.9859432105707057,0.9859531615452021,1.0,0.9946284691136974,0.9973070017953322,0.952626158599382,0.9989200863930886,0.9752240379546653,0.9966722129783694,1.0,0.9983333333333333,0.9977116704805492,0.9530054644808743,0.9748462828395752,brain_mri_nd5,classification
89,0.00037142307140024657,0.9960638223096928,0.9960639484160893,0.9960638223096928,0.9960637135844458,0.9956082564778217,0.9949528198376124,0.9952804302491494,0.9955580233203776,0.9958344904193279,0.9956962376787449,0.9959742351046699,0.9975806451612903,0.9967767929089444,0.9972121550041818,0.9966564502646977,0.9969342251950948,0.003337947614411266,0.9839752600506044,0.9847379910915035,0.9839752600506044,0.9839916742450648,1.0,0.9946284691136974,0.9973070017953322,0.9458077709611452,0.9989200863930886,0.9716386554621849,0.9966666666666667,0.998330550918197,0.9974979149291076,0.9976958525345622,0.946448087431694,0.971396522714526,brain_mri_nd5,classification
90,0.000366812862118019,0.9962044000843466,0.99620363344285,0.9962044000843466,0.9962032414329524,0.9949528198376124,0.9949528198376124,0.9949528198376124,0.9961013645224172,0.9933351846709247,0.9947163515016685,0.9979871175523349,0.9995967741935484,0.9987912973408541,0.9966620305980528,0.9983282251323489,0.9974944320712695,0.0028590222399750864,0.9853809389935339,0.986006925493922,0.9853809389935339,0.9853906344074024,1.0,0.9946284691136974,0.9973070017953322,0.9506680369989723,0.9989200863930886,0.9741969457609269,0.9966722129783694,1.0,0.9983333333333333,0.9977064220183486,0.9508196721311475,0.9736989367655288,brain_mri_nd5,classification
91,0.0003633933850664625,0.9957826667603852,0.9957837736015116,0.9957826667603852,0.9957828592834045,0.9945211483673022,0.9958305903006364,0.9951754385964913,0.996105702364395,0.9944459872257706,0.9952751528627015,0.9983857949959645,0.9975806451612903,0.9979830576845502,0.9952659426343636,0.9958205628308721,0.9955431754874652,0.0013615804465851174,0.9921281979195952,0.9922813788204952,0.9921281979195952,0.9921386656896475,1.0,0.9946284691136974,0.9973070017953322,0.9747102212855637,0.9989200863930886,0.9866666666666667,0.9966666666666667,0.998330550918197,0.9974979149291076,0.9977703455964325,0.9781420765027322,0.9878587196467992,brain_mri_nd5,classification
92,0.00033620436494777924,0.9964152667463274,0.9964155749531594,0.9964152667463274,0.996415082256513,0.9969230769230769,0.9953917050691244,0.9961568024596464,0.9958344904193279,0.9958344904193279,0.9958344904193279,0.9967767929089444,0.9975806451612903,0.9971785570334543,0.9961046188091264,0.9974923376985233,0.9967979952666017,0.0031069239543862317,0.9834129884734326,0.9841051717152713,0.9834129884734326,0.9834219169790703,0.9982030548068284,0.9946284691136974,0.9964125560538116,0.946611909650924,0.9956803455723542,0.9705263157894737,0.9950166112956811,1.0,0.9975020815986678,0.9976958525345622,0.946448087431694,0.971396522714526,brain_mri_nd5,classification
93,0.00038469477502091787,0.9954312223237506,0.9954313877620065,0.9954312223237506,0.9954312440482805,0.9947368421052631,0.9953917050691244,0.9950641658440277,0.9938871908863574,0.9933351846709247,0.9936111111111111,0.9987898346107301,0.9983870967741936,0.9985884250857028,0.9955419336862635,0.9955419336862635,0.9955419336862635,0.000939639329907232,0.994939555805454,0.9949900241709873,0.994939555805454,0.9949449272398416,1.0,0.9946284691136974,0.9973070017953322,0.9850905218317358,0.9989200863930886,0.9919571045576407,0.9966666666666667,0.998330550918197,0.9974979149291076,0.9977949283351709,0.9890710382513661,0.9934138309549945,brain_mri_nd5,classification
94,0.00032786633319797844,0.996766711182962,0.9967674631224155,0.996766711182962,0.9967661381587837,0.9958342468756851,0.9967083607636603,0.9962711120859837,0.9974923376985233,0.9941682865870591,0.9958275382475661,0.9979863068868304,0.9991935483870967,0.998589562764457,0.9963828603227601,0.9977709668431318,0.9970764304608103,0.001453631786623222,0.9921281979195952,0.9922936611966839,0.9921281979195952,0.9921362169619954,1.0,0.9955237242614146,0.9977568416330193,0.9736842105263158,0.9989200863930886,0.9861407249466951,0.9983333333333333,1.0,0.9991659716430359,0.9977653631284916,0.9759562841530055,0.9867403314917127,brain_mri_nd5,classification
95,0.00040830683700466294,0.9955718000984044,0.9955723730652674,0.9955718000984044,0.9955718273907477,0.9949506037321625,0.9945139346061005,0.9947322212467077,0.9947222222222222,0.9944459872257706,0.9945840855436745,0.9983851433185305,0.9971774193548387,0.9977809158765383,0.9952712100139082,0.9969350794093063,0.9961024498886414,0.0028078793993874455,0.9853809389935339,0.9860066673216503,0.9853809389935339,0.9853976034203441,1.0,0.9946284691136974,0.9973070017953322,0.9506680369989723,0.9989200863930886,0.9741969457609269,0.9966666666666667,0.998330550918197,0.9974979149291076,0.997709049255441,0.9519125683060109,0.9742729306487695,brain_mri_nd5,classification
96,0.0004152805657180974,0.9956420889857314,0.9956415887486801,0.9956420889857314,0.9956415031835808,0.9949517120280948,0.9947333772218565,0.994842532645671,0.9955493741307372,0.9938905859483477,0.9947192884936076,0.9971819645732689,0.9987903225806452,0.9979854955680902,0.9955456570155902,0.9963778211200892,0.9959615652416098,0.0017593923396956271,0.9901602473994939,0.9904188802095396,0.9901602473994939,0.9901735700996506,1.0,0.9946284691136974,0.9973070017953322,0.9675732217573222,0.9989200863930886,0.9829968119022316,0.9966666666666667,0.998330550918197,0.9974979149291076,0.9977528089887641,0.9704918032786886,0.9839335180055402,brain_mri_nd5,classification
97,0.00037530965344424364,0.9964152667463274,0.9964156135223632,0.9964152667463274,0.9964152809395026,0.9953967558088558,0.9964889181479043,0.9959425375589429,0.9958310172317955,0.9950013885031935,0.9954160300041672,0.9979838709677419,0.9979838709677419,0.9979838709677419,0.9972121550041818,0.9966564502646977,0.9969342251950948,0.0023859341477598006,0.987630025302221,0.9880640119286979,0.987630025302221,0.9876401903301323,1.0,0.9946284691136974,0.9973070017953322,0.9585492227979274,0.9989200863930886,0.9783183500793231,0.9966722129783694,1.0,0.9983333333333333,0.9977272727272727,0.9595628415300547,0.9782729805013928,brain_mri_nd5,classification
98,0.00039271441900520234,0.9960638223096928,0.9960642660970318,0.9960638223096928,0.996063526108167,0.9958360727591496,0.9971472459951722,0.9964912280701754,0.9958263772954925,0.9938905859483477,0.9948575399583044,0.9975777149777957,0.9963709677419355,0.9969739761952794,0.9955468967436683,0.9966564502646977,0.9961013645224172,0.0016266410550055056,0.9907225189766657,0.9909485343154353,0.9907225189766657,0.9907312188405241,1.0,0.9946284691136974,0.9973070017953322,0.9696016771488469,0.9989200863930886,0.9840425531914894,0.9966722129783694,1.0,0.9983333333333333,0.9977553310886644,0.9715846994535519,0.9844961240310077,brain_mri_nd5,classification
99,0.0004015470883349144,0.9961341111970198,0.996134327532453,0.9961341111970198,0.9961337954881971,0.9958269273006809,0.9949528198376124,0.9953896816684962,0.9949972206781545,0.9941682865870591,0.9945825809140159,0.9991932230738201,0.9987903225806452,0.9989917322040734,0.995551848762858,0.9977709668431318,0.9966601725577512,0.0017003852260813353,0.9901602473994939,0.9903467982287508,0.9901602473994939,0.9901685215226059,0.9982030548068284,0.9946284691136974,0.9964125560538116,0.9705263157894737,0.9956803455723542,0.9829424307036247,0.9950166112956811,1.0,0.9975020815986678,0.9977578475336323,0.9726775956284153,0.9850581073602657,brain_mri_nd5,classification
100,0.0004260512867342917,0.995923244535039,0.9959242060513536,0.995923244535039,0.9959229424772756,0.9947426067907995,0.9964889181479043,0.9956149967112475,0.9958228905597326,0.9930574840322133,0.9944382647385984,0.9991932230738201,0.9987903225806452,0.9989917322040734,0.9952672605790646,0.9960991919754806,0.9956830524996518,0.000729358831330812,0.994939555805454,0.9949801555827166,0.994939555805454,0.9949456964075643,1.0,0.9946284691136974,0.9973070017953322,0.9861259338313767,0.9978401727861771,0.9919484702093397,0.995,0.996661101836394,0.9958298582151793,0.9977997799779978,0.9912568306010929,0.9945175438596491,brain_mri_nd5,classification
