epoch,train_loss,train_accuracy,train_precision,train_recall,train_f1_score,train_precision_NPancreas,train_recall_NPancreas,train_f1_NPancreas,train_precision_PPancreas,train_recall_PPancreas,train_f1_PPancreas,val_loss,val_accuracy,val_precision,val_recall,val_f1_score,val_precision_NPancreas,val_recall_NPancreas,val_f1_NPancreas,val_precision_PPancreas,val_recall_PPancreas,val_f1_PPancreas,dataset,task
1,0.017781262370673092,0.734375,0.6842352317539583,0.734375,0.6988598276799972,0.35802469135802467,0.17682926829268292,0.23673469387755103,0.78330658105939,0.9037037037037037,0.8392089423903697,0.015476164323362436,0.7954545454545454,0.7963307776560788,0.7954545454545454,0.7434265734265734,0.8,0.19047619047619047,0.3076923076923077,0.7951807228915663,0.9850746268656716,0.88,pancreas,classification
2,0.0119342284954407,0.8323863636363636,0.8231777368972492,0.8323863636363636,0.8252522569334573,0.676923076923077,0.5365853658536586,0.5986394557823129,0.867595818815331,0.9222222222222223,0.8940754039497307,0.006767237643626603,0.9375,0.9395263827082009,0.9375,0.9347653429602889,0.9696969696969697,0.7619047619047619,0.8533333333333334,0.9300699300699301,0.9925373134328358,0.9602888086642599,pancreas,classification
3,0.006265276265118949,0.9119318181818182,0.9104634002361276,0.9119318181818182,0.9109510808273142,0.8311688311688312,0.7804878048780488,0.8050314465408805,0.9345454545454546,0.9518518518518518,0.9431192660550459,0.001978260031054643,0.9715909090909091,0.971651523658823,0.9715909090909091,0.9712220607054557,0.9743589743589743,0.9047619047619048,0.9382716049382716,0.9708029197080292,0.9925373134328358,0.981549815498155,pancreas,classification
4,0.005346798737512224,0.9446022727272727,0.944129607482126,0.9446022727272727,0.9443011422812682,0.8930817610062893,0.8658536585365854,0.8792569659442725,0.9596330275229358,0.9685185185185186,0.9640552995391705,0.001598160639828579,0.9829545454545454,0.9831760956301959,0.9829545454545454,0.9830228925073605,0.9534883720930233,0.9761904761904762,0.9647058823529412,0.9924812030075187,0.9850746268656716,0.9887640449438202,pancreas,classification
5,0.003895594799277288,0.9502840909090909,0.9497241719148118,0.9502840909090909,0.9497882069483665,0.9161290322580645,0.8658536585365854,0.890282131661442,0.9599271402550091,0.975925925925926,0.967860422405877,0.0010506703243167563,0.9943181818181818,0.9943602693602694,0.9943181818181818,0.9942945149981474,1.0,0.9761904761904762,0.9879518072289156,0.9925925925925926,1.0,0.9962825278810409,pancreas,classification
6,0.002407231290073303,0.9772727272727273,0.9773897889632202,0.9772727272727273,0.9773205149828528,0.9457831325301205,0.9573170731707317,0.9515151515151515,0.9869888475836431,0.9833333333333333,0.9851576994434137,0.0025536482359959996,0.9715909090909091,0.9714400098546441,0.9715909090909091,0.971472574990737,0.9512195121951219,0.9285714285714286,0.9397590361445783,0.9777777777777777,0.9850746268656716,0.9814126394052045,pancreas,classification
7,0.0026116828905122184,0.9715909090909091,0.9722863857309284,0.9715909090909091,0.9709989904331522,0.9931506849315068,0.8841463414634146,0.9354838709677419,0.9659498207885304,0.9981481481481481,0.9817850637522769,0.0005288470962444659,0.9943181818181818,0.9943602693602694,0.9943181818181818,0.9942945149981474,1.0,0.9761904761904762,0.9879518072289156,0.9925925925925926,1.0,0.9962825278810409,pancreas,classification
8,0.0026349132240284234,0.96875,0.9687142448512586,0.96875,0.9683283488663235,0.9671052631578947,0.8963414634146342,0.930379746835443,0.9692028985507246,0.9907407407407407,0.9798534798534798,0.0012707061621106484,0.9886363636363636,0.9891528925619835,0.9886363636363636,0.9887257785054602,0.9545454545454546,1.0,0.9767441860465116,1.0,0.9850746268656716,0.9924812030075187,pancreas,classification
9,0.002310873744136188,0.9744318181818182,0.9749376614793005,0.9744318181818182,0.9745900530072409,0.9294117647058824,0.9634146341463414,0.9461077844311377,0.9887640449438202,0.9777777777777777,0.9832402234636871,0.0006288750380256467,0.9943181818181818,0.9943602693602694,0.9943181818181818,0.9942945149981474,1.0,0.9761904761904762,0.9879518072289156,0.9925925925925926,1.0,0.9962825278810409,pancreas,classification
10,0.001670687213018854,0.984375,0.9843240623176968,0.984375,0.9843245258896228,0.9751552795031055,0.9573170731707317,0.9661538461538461,0.9871086556169429,0.9925925925925926,0.989843028624192,0.000419078363020989,1.0,1.0,1.0,1.0,1.0,1.0,1.0,1.0,1.0,1.0,pancreas,classification
11,0.0015897739027753812,0.984375,0.9844134761342552,0.984375,0.9843915057001443,0.9636363636363636,0.9695121951219512,0.9665653495440729,0.9907235621521335,0.9888888888888889,0.989805375347544,0.00021976259648164904,1.0,1.0,1.0,1.0,1.0,1.0,1.0,1.0,1.0,1.0,pancreas,classification
12,0.0007846903340164731,0.9914772727272727,0.9914772727272727,0.9914772727272727,0.9914772727272727,0.9817073170731707,0.9817073170731707,0.9817073170731707,0.9944444444444445,0.9944444444444445,0.9944444444444445,5.321142138696318e-05,1.0,1.0,1.0,1.0,1.0,1.0,1.0,1.0,1.0,1.0,pancreas,classification
13,0.0011763527928368685,0.9886363636363636,0.9886363636363636,0.9886363636363636,0.9886363636363636,0.975609756097561,0.975609756097561,0.975609756097561,0.9925925925925926,0.9925925925925926,0.9925925925925926,0.00022954499780263922,1.0,1.0,1.0,1.0,1.0,1.0,1.0,1.0,1.0,1.0,pancreas,classification
14,0.0021566598086131057,0.9758522727272727,0.976234899177027,0.9758522727272727,0.9759774044657764,0.9349112426035503,0.9634146341463414,0.948948948948949,0.9887850467289719,0.9796296296296296,0.9841860465116279,0.0001281265722354874,1.0,1.0,1.0,1.0,1.0,1.0,1.0,1.0,1.0,1.0,pancreas,classification
15,0.0007595162478537532,0.9900568181818182,0.990043121063419,0.9900568181818182,0.9900246982933963,0.9875776397515528,0.9695121951219512,0.9784615384615385,0.990791896869245,0.9962962962962963,0.9935364727608494,1.8048965516341426e-05,1.0,1.0,1.0,1.0,1.0,1.0,1.0,1.0,1.0,1.0,pancreas,classification
16,0.0011106359689537467,0.9943181818181818,0.9943163699313761,0.9943181818181818,0.9943060041463362,0.9938271604938271,0.9817073170731707,0.9877300613496932,0.9944649446494465,0.9981481481481481,0.9963031423290203,0.00013426079848696563,1.0,1.0,1.0,1.0,1.0,1.0,1.0,1.0,1.0,1.0,pancreas,classification
17,0.000711585016688332,0.9928977272727273,0.992888175210023,0.9928977272727273,0.992890152576011,0.9877300613496932,0.9817073170731707,0.9847094801223242,0.9944547134935305,0.9962962962962963,0.9953746530989824,1.557427756117911e-05,1.0,1.0,1.0,1.0,1.0,1.0,1.0,1.0,1.0,1.0,pancreas,classification
18,0.0015319940953717874,0.9872159090909091,0.9872484117613987,0.9872159090909091,0.9872294137546637,0.9696969696969697,0.975609756097561,0.9726443768996961,0.9925788497217068,0.9907407407407407,0.9916589434661723,0.00012025291388536888,1.0,1.0,1.0,1.0,1.0,1.0,1.0,1.0,1.0,1.0,pancreas,classification
19,0.0008639690761562881,0.9928977272727273,0.992888175210023,0.9928977272727273,0.992890152576011,0.9877300613496932,0.9817073170731707,0.9847094801223242,0.9944547134935305,0.9962962962962963,0.9953746530989824,7.168321727394041e-05,1.0,1.0,1.0,1.0,1.0,1.0,1.0,1.0,1.0,1.0,pancreas,classification
20,0.0011566201129343508,0.9900568181818182,0.9900833473885421,0.9900568181818182,0.9900673218091828,0.9757575757575757,0.9817073170731707,0.9787234042553191,0.9944341372912802,0.9925925925925926,0.9935125115848007,0.0001339928124004721,1.0,1.0,1.0,1.0,1.0,1.0,1.0,1.0,1.0,1.0,pancreas,classification
21,0.0006625515950211345,0.9971590909090909,0.997169573968467,0.9971590909090909,0.9971530020731681,1.0,0.9878048780487805,0.9938650306748467,0.996309963099631,1.0,0.9981515711645101,6.007787107426504e-05,1.0,1.0,1.0,1.0,1.0,1.0,1.0,1.0,1.0,1.0,pancreas,classification
22,0.00036882369158774964,0.9971590909090909,0.997169573968467,0.9971590909090909,0.9971530020731681,1.0,0.9878048780487805,0.9938650306748467,0.996309963099631,1.0,0.9981515711645101,2.3998882501142692e-05,1.0,1.0,1.0,1.0,1.0,1.0,1.0,1.0,1.0,1.0,pancreas,classification
23,0.0014850970364932436,0.9928977272727273,0.992888175210023,0.9928977272727273,0.992890152576011,0.9877300613496932,0.9817073170731707,0.9847094801223242,0.9944547134935305,0.9962962962962963,0.9953746530989824,0.00028285709347321904,1.0,1.0,1.0,1.0,1.0,1.0,1.0,1.0,1.0,1.0,pancreas,classification
24,0.0006636388056490846,0.9928977272727273,0.99290265043628,0.9928977272727273,0.9928747844952831,0.9937888198757764,0.975609756097561,0.9846153846153847,0.992633517495396,0.9981481481481481,0.9953831948291783,5.066968779746358e-05,1.0,1.0,1.0,1.0,1.0,1.0,1.0,1.0,1.0,1.0,pancreas,classification
25,0.00029304382620797367,0.9971590909090909,0.9971590909090909,0.9971590909090909,0.9971590909090909,0.9939024390243902,0.9939024390243902,0.9939024390243902,0.9981481481481481,0.9981481481481481,0.9981481481481481,2.2087697040908758e-05,1.0,1.0,1.0,1.0,1.0,1.0,1.0,1.0,1.0,1.0,pancreas,classification
26,0.0003330178901705949,0.9957386363636364,0.995753218642829,0.9957386363636364,0.9957431379182211,0.9878787878787879,0.9939024390243902,0.9908814589665653,0.9981447124304267,0.9962962962962963,0.9972196478220574,3.575275927274065e-05,1.0,1.0,1.0,1.0,1.0,1.0,1.0,1.0,1.0,1.0,pancreas,classification
27,0.00021722247408268396,0.9971590909090909,0.997169573968467,0.9971590909090909,0.9971530020731681,1.0,0.9878048780487805,0.9938650306748467,0.996309963099631,1.0,0.9981515711645101,1.2812418059514709e-05,1.0,1.0,1.0,1.0,1.0,1.0,1.0,1.0,1.0,1.0,pancreas,classification
28,0.000498769783710238,0.9957386363636364,0.995735173136855,0.9957386363636364,0.9957340915456065,0.9938650306748467,0.9878048780487805,0.9908256880733946,0.9963031423290203,0.9981481481481481,0.9972247918593895,0.0006866227047132932,0.9886363636363636,0.9891528925619835,0.9886363636363636,0.9887257785054602,0.9545454545454546,1.0,0.9767441860465116,1.0,0.9850746268656716,0.9924812030075187,pancreas,classification
29,0.0008040180062132342,0.9886363636363636,0.9886363636363636,0.9886363636363636,0.9886363636363636,0.975609756097561,0.975609756097561,0.975609756097561,0.9925925925925926,0.9925925925925926,0.9925925925925926,7.786141412163323e-05,1.0,1.0,1.0,1.0,1.0,1.0,1.0,1.0,1.0,1.0,pancreas,classification
30,0.00017704293002845424,0.9985795454545454,0.9985881542699725,0.9985795454545454,0.9985810459727403,0.9939393939393939,1.0,0.9969604863221885,1.0,0.9981481481481481,0.9990732159406858,7.439561795763439e-05,1.0,1.0,1.0,1.0,1.0,1.0,1.0,1.0,1.0,1.0,pancreas,classification
31,0.0002986503647083406,0.9971590909090909,0.9971933187294634,0.9971590909090909,0.9971650643728566,0.9879518072289156,1.0,0.9939393939393939,1.0,0.9962962962962963,0.9981447124304267,6.71998052646152e-06,1.0,1.0,1.0,1.0,1.0,1.0,1.0,1.0,1.0,1.0,pancreas,classification
32,0.0003043265354459767,0.9957386363636364,0.9957621798091411,0.9957386363636364,0.9957248706971698,1.0,0.9817073170731707,0.9907692307692307,0.994475138121547,1.0,0.997229916897507,5.399427416043843e-06,1.0,1.0,1.0,1.0,1.0,1.0,1.0,1.0,1.0,1.0,pancreas,classification
33,0.00031897951309515935,0.9957386363636364,0.995735173136855,0.9957386363636364,0.9957340915456065,0.9938650306748467,0.9878048780487805,0.9908256880733946,0.9963031423290203,0.9981481481481481,0.9972247918593895,6.941565350809304e-06,1.0,1.0,1.0,1.0,1.0,1.0,1.0,1.0,1.0,1.0,pancreas,classification
34,0.0006440993585515157,0.9900568181818182,0.9902956946001518,0.9900568181818182,0.9901083430153197,0.9644970414201184,0.9939024390243902,0.978978978978979,0.9981308411214953,0.9888888888888889,0.9934883720930232,2.9144263366602402e-05,1.0,1.0,1.0,1.0,1.0,1.0,1.0,1.0,1.0,1.0,pancreas,classification
35,0.0002132719477623885,0.9985795454545454,0.9985821710636867,0.9985795454545454,0.9985780305152022,1.0,0.9939024390243902,0.9969418960244648,0.9981515711645101,1.0,0.9990749306197965,8.423522062499119e-06,1.0,1.0,1.0,1.0,1.0,1.0,1.0,1.0,1.0,1.0,pancreas,classification
36,0.00044090867651324186,0.9943181818181818,0.9943642430485714,0.9943181818181818,0.9943301287457131,0.9819277108433735,0.9939024390243902,0.9878787878787879,0.9981412639405205,0.9944444444444445,0.9962894248608535,1.7217445681374308e-05,1.0,1.0,1.0,1.0,1.0,1.0,1.0,1.0,1.0,1.0,pancreas,classification
37,0.0001563247743454419,0.9985795454545454,0.9985881542699725,0.9985795454545454,0.9985810459727403,0.9939393939393939,1.0,0.9969604863221885,1.0,0.9981481481481481,0.9990732159406858,2.1212303677616133e-06,1.0,1.0,1.0,1.0,1.0,1.0,1.0,1.0,1.0,1.0,pancreas,classification
38,0.00026104739520798665,0.9985795454545454,0.9985821710636867,0.9985795454545454,0.9985780305152022,1.0,0.9939024390243902,0.9969418960244648,0.9981515711645101,1.0,0.9990749306197965,3.837903374336417e-06,1.0,1.0,1.0,1.0,1.0,1.0,1.0,1.0,1.0,1.0,pancreas,classification
39,7.490202567727134e-05,0.9985795454545454,0.9985881542699725,0.9985795454545454,0.9985810459727403,0.9939393939393939,1.0,0.9969604863221885,1.0,0.9981481481481481,0.9990732159406858,2.5929810652252687e-05,1.0,1.0,1.0,1.0,1.0,1.0,1.0,1.0,1.0,1.0,pancreas,classification
40,0.00012160398632555702,0.9985795454545454,0.9985821710636867,0.9985795454545454,0.9985780305152022,1.0,0.9939024390243902,0.9969418960244648,0.9981515711645101,1.0,0.9990749306197965,2.1236697979144412e-06,1.0,1.0,1.0,1.0,1.0,1.0,1.0,1.0,1.0,1.0,pancreas,classification
41,0.00024803009267254146,0.9985795454545454,0.9985881542699725,0.9985795454545454,0.9985810459727403,0.9939393939393939,1.0,0.9969604863221885,1.0,0.9981481481481481,0.9990732159406858,4.296983640663464e-06,1.0,1.0,1.0,1.0,1.0,1.0,1.0,1.0,1.0,1.0,pancreas,classification
42,3.0463451387483722e-05,1.0,1.0,1.0,1.0,1.0,1.0,1.0,1.0,1.0,1.0,3.2405766060864236e-06,1.0,1.0,1.0,1.0,1.0,1.0,1.0,1.0,1.0,1.0,pancreas,classification
43,2.2073787482151435e-05,1.0,1.0,1.0,1.0,1.0,1.0,1.0,1.0,1.0,1.0,1.5739311410553372e-06,1.0,1.0,1.0,1.0,1.0,1.0,1.0,1.0,1.0,1.0,pancreas,classification
44,4.077009393458039e-05,1.0,1.0,1.0,1.0,1.0,1.0,1.0,1.0,1.0,1.0,1.2763239283231087e-06,1.0,1.0,1.0,1.0,1.0,1.0,1.0,1.0,1.0,1.0,pancreas,classification
45,0.0002488214173581582,0.9971590909090909,0.9971590909090909,0.9971590909090909,0.9971590909090909,0.9939024390243902,0.9939024390243902,0.9939024390243902,0.9981481481481481,0.9981481481481481,0.9981481481481481,1.124959448423562e-06,1.0,1.0,1.0,1.0,1.0,1.0,1.0,1.0,1.0,1.0,pancreas,classification
46,0.0002926056738178059,0.9971590909090909,0.9971933187294634,0.9971590909090909,0.9971650643728566,0.9879518072289156,1.0,0.9939393939393939,1.0,0.9962962962962963,0.9981447124304267,4.21820765371773e-06,1.0,1.0,1.0,1.0,1.0,1.0,1.0,1.0,1.0,1.0,pancreas,classification
47,0.000250941368593968,0.9985795454545454,0.9985881542699725,0.9985795454545454,0.9985810459727403,0.9939393939393939,1.0,0.9969604863221885,1.0,0.9981481481481481,0.9990732159406858,6.792943333328532e-05,1.0,1.0,1.0,1.0,1.0,1.0,1.0,1.0,1.0,1.0,pancreas,classification
48,0.00015974768796344176,0.9985795454545454,0.9985881542699725,0.9985795454545454,0.9985810459727403,0.9939393939393939,1.0,0.9969604863221885,1.0,0.9981481481481481,0.9990732159406858,8.788313756337051e-05,1.0,1.0,1.0,1.0,1.0,1.0,1.0,1.0,1.0,1.0,pancreas,classification
49,0.0004978785339476003,0.9971590909090909,0.9971590909090909,0.9971590909090909,0.9971590909090909,0.9939024390243902,0.9939024390243902,0.9939024390243902,0.9981481481481481,0.9981481481481481,0.9981481481481481,8.181587583583843e-06,1.0,1.0,1.0,1.0,1.0,1.0,1.0,1.0,1.0,1.0,pancreas,classification
50,0.00013747688091246925,0.9971590909090909,0.9971590909090909,0.9971590909090909,0.9971590909090909,0.9939024390243902,0.9939024390243902,0.9939024390243902,0.9981481481481481,0.9981481481481481,0.9981481481481481,4.123470923580251e-06,1.0,1.0,1.0,1.0,1.0,1.0,1.0,1.0,1.0,1.0,pancreas,classification
51,0.00034792893182549795,0.9971590909090909,0.9971590909090909,0.9971590909090909,0.9971590909090909,0.9939024390243902,0.9939024390243902,0.9939024390243902,0.9981481481481481,0.9981481481481481,0.9981481481481481,5.089280503770252e-06,1.0,1.0,1.0,1.0,1.0,1.0,1.0,1.0,1.0,1.0,pancreas,classification
52,4.732994960415288e-05,1.0,1.0,1.0,1.0,1.0,1.0,1.0,1.0,1.0,1.0,3.92300239582255e-06,1.0,1.0,1.0,1.0,1.0,1.0,1.0,1.0,1.0,1.0,pancreas,classification
53,3.6561504678254344e-05,1.0,1.0,1.0,1.0,1.0,1.0,1.0,1.0,1.0,1.0,2.7594389641969674e-06,1.0,1.0,1.0,1.0,1.0,1.0,1.0,1.0,1.0,1.0,pancreas,classification
54,4.8504687816313726e-05,1.0,1.0,1.0,1.0,1.0,1.0,1.0,1.0,1.0,1.0,1.63282685538103e-06,1.0,1.0,1.0,1.0,1.0,1.0,1.0,1.0,1.0,1.0,pancreas,classification
55,7.084345559798583e-06,1.0,1.0,1.0,1.0,1.0,1.0,1.0,1.0,1.0,1.0,1.1457114562125008e-06,1.0,1.0,1.0,1.0,1.0,1.0,1.0,1.0,1.0,1.0,pancreas,classification
56,2.0161014245703964e-05,1.0,1.0,1.0,1.0,1.0,1.0,1.0,1.0,1.0,1.0,8.38239998302015e-07,1.0,1.0,1.0,1.0,1.0,1.0,1.0,1.0,1.0,1.0,pancreas,classification
57,0.00027850759224437837,0.9971590909090909,0.997169573968467,0.9971590909090909,0.9971530020731681,1.0,0.9878048780487805,0.9938650306748467,0.996309963099631,1.0,0.9981515711645101,1.4197839949371305e-06,1.0,1.0,1.0,1.0,1.0,1.0,1.0,1.0,1.0,1.0,pancreas,classification
58,0.00019909030939660707,0.9971590909090909,0.9971933187294634,0.9971590909090909,0.9971650643728566,0.9879518072289156,1.0,0.9939393939393939,1.0,0.9962962962962963,0.9981447124304267,1.1157227494219446e-06,1.0,1.0,1.0,1.0,1.0,1.0,1.0,1.0,1.0,1.0,pancreas,classification
59,7.52600649165784e-05,1.0,1.0,1.0,1.0,1.0,1.0,1.0,1.0,1.0,1.0,6.276119496429932e-07,1.0,1.0,1.0,1.0,1.0,1.0,1.0,1.0,1.0,1.0,pancreas,classification
60,1.8165790867835145e-05,1.0,1.0,1.0,1.0,1.0,1.0,1.0,1.0,1.0,1.0,5.161974999365074e-07,1.0,1.0,1.0,1.0,1.0,1.0,1.0,1.0,1.0,1.0,pancreas,classification
61,0.0003240305747040524,0.9971590909090909,0.997169573968467,0.9971590909090909,0.9971530020731681,1.0,0.9878048780487805,0.9938650306748467,0.996309963099631,1.0,0.9981515711645101,7.153610113164177e-07,1.0,1.0,1.0,1.0,1.0,1.0,1.0,1.0,1.0,1.0,pancreas,classification
62,0.00010317253607313019,0.9985795454545454,0.9985821710636867,0.9985795454545454,0.9985780305152022,1.0,0.9939024390243902,0.9969418960244648,0.9981515711645101,1.0,0.9990749306197965,9.211723760348501e-07,1.0,1.0,1.0,1.0,1.0,1.0,1.0,1.0,1.0,1.0,pancreas,classification
63,0.00011737590595699162,0.9985795454545454,0.9985821710636867,0.9985795454545454,0.9985780305152022,1.0,0.9939024390243902,0.9969418960244648,0.9981515711645101,1.0,0.9990749306197965,6.033502534757479e-07,1.0,1.0,1.0,1.0,1.0,1.0,1.0,1.0,1.0,1.0,pancreas,classification
64,3.2269457539707055e-05,1.0,1.0,1.0,1.0,1.0,1.0,1.0,1.0,1.0,1.0,3.784715752110721e-07,1.0,1.0,1.0,1.0,1.0,1.0,1.0,1.0,1.0,1.0,pancreas,classification
65,7.006666134078511e-06,1.0,1.0,1.0,1.0,1.0,1.0,1.0,1.0,1.0,1.0,3.220644993523985e-07,1.0,1.0,1.0,1.0,1.0,1.0,1.0,1.0,1.0,1.0,pancreas,classification
66,8.992022079661927e-06,1.0,1.0,1.0,1.0,1.0,1.0,1.0,1.0,1.0,1.0,2.679437045571831e-07,1.0,1.0,1.0,1.0,1.0,1.0,1.0,1.0,1.0,1.0,pancreas,classification
67,1.1931191513719403e-05,1.0,1.0,1.0,1.0,1.0,1.0,1.0,1.0,1.0,1.0,2.2230961411134392e-07,1.0,1.0,1.0,1.0,1.0,1.0,1.0,1.0,1.0,1.0,pancreas,classification
68,2.0932063944459596e-05,1.0,1.0,1.0,1.0,1.0,1.0,1.0,1.0,1.0,1.0,2.042549221476458e-07,1.0,1.0,1.0,1.0,1.0,1.0,1.0,1.0,1.0,1.0,pancreas,classification
69,3.949096190777627e-05,1.0,1.0,1.0,1.0,1.0,1.0,1.0,1.0,1.0,1.0,1.8759701767769663e-07,1.0,1.0,1.0,1.0,1.0,1.0,1.0,1.0,1.0,1.0,pancreas,classification
70,9.701972847670442e-05,0.9985795454545454,0.9985821710636867,0.9985795454545454,0.9985780305152022,1.0,0.9939024390243902,0.9969418960244648,0.9981515711645101,1.0,0.9990749306197965,3.182866650645751e-07,1.0,1.0,1.0,1.0,1.0,1.0,1.0,1.0,1.0,1.0,pancreas,classification
71,0.00018144775869705592,0.9985795454545454,0.9985881542699725,0.9985795454545454,0.9985810459727403,0.9939393939393939,1.0,0.9969604863221885,1.0,0.9981481481481481,0.9990732159406858,3.603254402729693e-07,1.0,1.0,1.0,1.0,1.0,1.0,1.0,1.0,1.0,1.0,pancreas,classification
72,0.00011792556875760015,0.9971590909090909,0.9971590909090909,0.9971590909090909,0.9971590909090909,0.9939024390243902,0.9939024390243902,0.9939024390243902,0.9981481481481481,0.9981481481481481,0.9981481481481481,3.769619664498433e-07,1.0,1.0,1.0,1.0,1.0,1.0,1.0,1.0,1.0,1.0,pancreas,classification
73,7.057209550835482e-05,0.9985795454545454,0.9985881542699725,0.9985795454545454,0.9985810459727403,0.9939393939393939,1.0,0.9969604863221885,1.0,0.9981481481481481,0.9990732159406858,3.15647543981289e-07,1.0,1.0,1.0,1.0,1.0,1.0,1.0,1.0,1.0,1.0,pancreas,classification
74,9.621951655638192e-06,1.0,1.0,1.0,1.0,1.0,1.0,1.0,1.0,1.0,1.0,3.2845102024029155e-07,1.0,1.0,1.0,1.0,1.0,1.0,1.0,1.0,1.0,1.0,pancreas,classification
75,0.000103549388873086,0.9971590909090909,0.997169573968467,0.9971590909090909,0.9971530020731681,1.0,0.9878048780487805,0.9938650306748467,0.996309963099631,1.0,0.9981515711645101,3.769315500531692e-07,1.0,1.0,1.0,1.0,1.0,1.0,1.0,1.0,1.0,1.0,pancreas,classification
76,3.7605174804091554e-05,1.0,1.0,1.0,1.0,1.0,1.0,1.0,1.0,1.0,1.0,3.242318691511834e-07,1.0,1.0,1.0,1.0,1.0,1.0,1.0,1.0,1.0,1.0,pancreas,classification
77,1.9143835187791907e-06,1.0,1.0,1.0,1.0,1.0,1.0,1.0,1.0,1.0,1.0,2.9405390478132176e-07,1.0,1.0,1.0,1.0,1.0,1.0,1.0,1.0,1.0,1.0,pancreas,classification
78,1.6093637626113377e-05,1.0,1.0,1.0,1.0,1.0,1.0,1.0,1.0,1.0,1.0,2.5305939226944413e-07,1.0,1.0,1.0,1.0,1.0,1.0,1.0,1.0,1.0,1.0,pancreas,classification
79,0.00031031858607248483,0.9985795454545454,0.9985881542699725,0.9985795454545454,0.9985810459727403,0.9939393939393939,1.0,0.9969604863221885,1.0,0.9981481481481481,0.9990732159406858,4.55413121678496e-07,1.0,1.0,1.0,1.0,1.0,1.0,1.0,1.0,1.0,1.0,pancreas,classification
80,2.6909428824369158e-05,1.0,1.0,1.0,1.0,1.0,1.0,1.0,1.0,1.0,1.0,7.108186692180012e-07,1.0,1.0,1.0,1.0,1.0,1.0,1.0,1.0,1.0,1.0,pancreas,classification
81,1.6376942712332205e-05,1.0,1.0,1.0,1.0,1.0,1.0,1.0,1.0,1.0,1.0,6.281844868929263e-07,1.0,1.0,1.0,1.0,1.0,1.0,1.0,1.0,1.0,1.0,pancreas,classification
82,6.552114455292791e-05,0.9985795454545454,0.9985881542699725,0.9985795454545454,0.9985810459727403,0.9939393939393939,1.0,0.9969604863221885,1.0,0.9981481481481481,0.9990732159406858,5.884020026769576e-07,1.0,1.0,1.0,1.0,1.0,1.0,1.0,1.0,1.0,1.0,pancreas,classification
83,2.5210993500350426e-05,1.0,1.0,1.0,1.0,1.0,1.0,1.0,1.0,1.0,1.0,5.20306413549902e-07,1.0,1.0,1.0,1.0,1.0,1.0,1.0,1.0,1.0,1.0,pancreas,classification
84,1.1667869068658506e-05,1.0,1.0,1.0,1.0,1.0,1.0,1.0,1.0,1.0,1.0,5.645650741247333e-07,1.0,1.0,1.0,1.0,1.0,1.0,1.0,1.0,1.0,1.0,pancreas,classification
85,2.420008959221191e-05,1.0,1.0,1.0,1.0,1.0,1.0,1.0,1.0,1.0,1.0,4.841883093252942e-07,1.0,1.0,1.0,1.0,1.0,1.0,1.0,1.0,1.0,1.0,pancreas,classification
86,1.611520844591041e-05,1.0,1.0,1.0,1.0,1.0,1.0,1.0,1.0,1.0,1.0,4.819058393546914e-07,1.0,1.0,1.0,1.0,1.0,1.0,1.0,1.0,1.0,1.0,pancreas,classification
87,1.185008452479637e-05,1.0,1.0,1.0,1.0,1.0,1.0,1.0,1.0,1.0,1.0,4.4588508465246624e-07,1.0,1.0,1.0,1.0,1.0,1.0,1.0,1.0,1.0,1.0,pancreas,classification
88,4.353900819027827e-06,1.0,1.0,1.0,1.0,1.0,1.0,1.0,1.0,1.0,1.0,4.2343136576825846e-07,1.0,1.0,1.0,1.0,1.0,1.0,1.0,1.0,1.0,1.0,pancreas,classification
89,1.5183236583156527e-06,1.0,1.0,1.0,1.0,1.0,1.0,1.0,1.0,1.0,1.0,3.8975948190124077e-07,1.0,1.0,1.0,1.0,1.0,1.0,1.0,1.0,1.0,1.0,pancreas,classification
90,0.00011353224929228583,0.9985795454545454,0.9985881542699725,0.9985795454545454,0.9985810459727403,0.9939393939393939,1.0,0.9969604863221885,1.0,0.9981481481481481,0.9990732159406858,4.560389160443182e-07,1.0,1.0,1.0,1.0,1.0,1.0,1.0,1.0,1.0,1.0,pancreas,classification
91,2.415595600718296e-06,1.0,1.0,1.0,1.0,1.0,1.0,1.0,1.0,1.0,1.0,4.005506933811954e-07,1.0,1.0,1.0,1.0,1.0,1.0,1.0,1.0,1.0,1.0,pancreas,classification
92,0.00020712300629616658,0.9985795454545454,0.9985821710636867,0.9985795454545454,0.9985780305152022,1.0,0.9939024390243902,0.9969418960244648,0.9981515711645101,1.0,0.9990749306197965,4.143528361634129e-07,1.0,1.0,1.0,1.0,1.0,1.0,1.0,1.0,1.0,1.0,pancreas,classification
93,5.518752233383979e-06,1.0,1.0,1.0,1.0,1.0,1.0,1.0,1.0,1.0,1.0,4.5862813894101156e-07,1.0,1.0,1.0,1.0,1.0,1.0,1.0,1.0,1.0,1.0,pancreas,classification
94,3.98390621411822e-05,1.0,1.0,1.0,1.0,1.0,1.0,1.0,1.0,1.0,1.0,4.3081735673860583e-07,1.0,1.0,1.0,1.0,1.0,1.0,1.0,1.0,1.0,1.0,pancreas,classification
95,5.830849847722096e-06,1.0,1.0,1.0,1.0,1.0,1.0,1.0,1.0,1.0,1.0,4.16129559901244e-07,1.0,1.0,1.0,1.0,1.0,1.0,1.0,1.0,1.0,1.0,pancreas,classification
96,3.509284162817039e-06,1.0,1.0,1.0,1.0,1.0,1.0,1.0,1.0,1.0,1.0,3.680060403481052e-07,1.0,1.0,1.0,1.0,1.0,1.0,1.0,1.0,1.0,1.0,pancreas,classification
97,0.00024190780355323486,0.9985795454545454,0.9985821710636867,0.9985795454545454,0.9985780305152022,1.0,0.9939024390243902,0.9969418960244648,0.9981515711645101,1.0,0.9990749306197965,4.119224208600578e-07,1.0,1.0,1.0,1.0,1.0,1.0,1.0,1.0,1.0,1.0,pancreas,classification
98,2.2244435602270972e-05,1.0,1.0,1.0,1.0,1.0,1.0,1.0,1.0,1.0,1.0,3.1098527415451827e-06,1.0,1.0,1.0,1.0,1.0,1.0,1.0,1.0,1.0,1.0,pancreas,classification
99,1.2324787215851012e-05,1.0,1.0,1.0,1.0,1.0,1.0,1.0,1.0,1.0,1.0,0.0003627382547764765,0.9886363636363636,0.9888034759358288,0.9886363636363636,0.9885398702471874,1.0,0.9523809523809523,0.975609756097561,0.9852941176470589,1.0,0.9925925925925926,pancreas,classification
100,5.652613105992672e-06,1.0,1.0,1.0,1.0,1.0,1.0,1.0,1.0,1.0,1.0,3.531290892831087e-07,1.0,1.0,1.0,1.0,1.0,1.0,1.0,1.0,1.0,1.0,pancreas,classification
101,0.0005593195246715057,0.9985795454545454,0.9985821710636867,0.9985795454545454,0.9985780305152022,1.0,0.9939024390243902,0.9969418960244648,0.9981515711645101,1.0,0.9990749306197965,3.623153294153202e-07,1.0,1.0,1.0,1.0,1.0,1.0,1.0,1.0,1.0,1.0,pancreas,classification
102,0.00015164129552790553,0.9985795454545454,0.9985821710636867,0.9985795454545454,0.9985780305152022,1.0,0.9939024390243902,0.9969418960244648,0.9981515711645101,1.0,0.9990749306197965,4.1793553216187074e-07,1.0,1.0,1.0,1.0,1.0,1.0,1.0,1.0,1.0,1.0,pancreas,classification
103,6.6184098815566275e-06,1.0,1.0,1.0,1.0,1.0,1.0,1.0,1.0,1.0,1.0,3.8506735739412595e-07,1.0,1.0,1.0,1.0,1.0,1.0,1.0,1.0,1.0,1.0,pancreas,classification
104,3.0373792777089132e-06,1.0,1.0,1.0,1.0,1.0,1.0,1.0,1.0,1.0,1.0,4.219984672007823e-07,1.0,1.0,1.0,1.0,1.0,1.0,1.0,1.0,1.0,1.0,pancreas,classification
105,5.839857568513583e-06,1.0,1.0,1.0,1.0,1.0,1.0,1.0,1.0,1.0,1.0,4.0568083518750925e-07,1.0,1.0,1.0,1.0,1.0,1.0,1.0,1.0,1.0,1.0,pancreas,classification
106,2.1712550504689304e-05,1.0,1.0,1.0,1.0,1.0,1.0,1.0,1.0,1.0,1.0,3.821455591564286e-07,1.0,1.0,1.0,1.0,1.0,1.0,1.0,1.0,1.0,1.0,pancreas,classification
107,6.521788243028161e-06,1.0,1.0,1.0,1.0,1.0,1.0,1.0,1.0,1.0,1.0,4.346550316437391e-07,1.0,1.0,1.0,1.0,1.0,1.0,1.0,1.0,1.0,1.0,pancreas,classification
108,3.792621173075035e-06,1.0,1.0,1.0,1.0,1.0,1.0,1.0,1.0,1.0,1.0,3.8631625898233324e-07,1.0,1.0,1.0,1.0,1.0,1.0,1.0,1.0,1.0,1.0,pancreas,classification
109,6.9064894861722594e-06,1.0,1.0,1.0,1.0,1.0,1.0,1.0,1.0,1.0,1.0,3.8910878236658225e-07,1.0,1.0,1.0,1.0,1.0,1.0,1.0,1.0,1.0,1.0,pancreas,classification
110,1.0401892364019327e-06,1.0,1.0,1.0,1.0,1.0,1.0,1.0,1.0,1.0,1.0,3.6565863452282926e-07,1.0,1.0,1.0,1.0,1.0,1.0,1.0,1.0,1.0,1.0,pancreas,classification
111,1.4925615788156805e-06,1.0,1.0,1.0,1.0,1.0,1.0,1.0,1.0,1.0,1.0,3.8542691527254647e-07,1.0,1.0,1.0,1.0,1.0,1.0,1.0,1.0,1.0,1.0,pancreas,classification
112,1.6378909709725453e-06,1.0,1.0,1.0,1.0,1.0,1.0,1.0,1.0,1.0,1.0,3.606855924234961e-07,1.0,1.0,1.0,1.0,1.0,1.0,1.0,1.0,1.0,1.0,pancreas,classification
113,0.00015741995569452558,0.9985795454545454,0.9985821710636867,0.9985795454545454,0.9985780305152022,1.0,0.9939024390243902,0.9969418960244648,0.9981515711645101,1.0,0.9990749306197965,3.7421014036970684e-07,1.0,1.0,1.0,1.0,1.0,1.0,1.0,1.0,1.0,1.0,pancreas,classification
114,0.00010717943818860931,0.9985795454545454,0.9985821710636867,0.9985795454545454,0.9985780305152022,1.0,0.9939024390243902,0.9969418960244648,0.9981515711645101,1.0,0.9990749306197965,3.9507720698979526e-07,1.0,1.0,1.0,1.0,1.0,1.0,1.0,1.0,1.0,1.0,pancreas,classification
115,0.00015195092346945412,0.9985795454545454,0.9985821710636867,0.9985795454545454,0.9985780305152022,1.0,0.9939024390243902,0.9969418960244648,0.9981515711645101,1.0,0.9990749306197965,3.748014075261546e-07,1.0,1.0,1.0,1.0,1.0,1.0,1.0,1.0,1.0,1.0,pancreas,classification
116,1.3802777864022822e-05,1.0,1.0,1.0,1.0,1.0,1.0,1.0,1.0,1.0,1.0,3.970036020332786e-07,1.0,1.0,1.0,1.0,1.0,1.0,1.0,1.0,1.0,1.0,pancreas,classification
117,4.48746134328427e-06,1.0,1.0,1.0,1.0,1.0,1.0,1.0,1.0,1.0,1.0,3.6072695892967616e-07,1.0,1.0,1.0,1.0,1.0,1.0,1.0,1.0,1.0,1.0,pancreas,classification
118,2.597729724904887e-06,1.0,1.0,1.0,1.0,1.0,1.0,1.0,1.0,1.0,1.0,3.920514137172921e-07,1.0,1.0,1.0,1.0,1.0,1.0,1.0,1.0,1.0,1.0,pancreas,classification
119,3.376829595099066e-05,0.9985795454545454,0.9985881542699725,0.9985795454545454,0.9985810459727403,0.9939393939393939,1.0,0.9969604863221885,1.0,0.9981481481481481,0.9990732159406858,4.240945992767758e-07,1.0,1.0,1.0,1.0,1.0,1.0,1.0,1.0,1.0,1.0,pancreas,classification
120,3.434818943694815e-06,1.0,1.0,1.0,1.0,1.0,1.0,1.0,1.0,1.0,1.0,3.795644726200077e-07,1.0,1.0,1.0,1.0,1.0,1.0,1.0,1.0,1.0,1.0,pancreas,classification
121,2.4010948064559754e-06,1.0,1.0,1.0,1.0,1.0,1.0,1.0,1.0,1.0,1.0,4.148034339447225e-07,1.0,1.0,1.0,1.0,1.0,1.0,1.0,1.0,1.0,1.0,pancreas,classification
122,3.352031295895069e-05,1.0,1.0,1.0,1.0,1.0,1.0,1.0,1.0,1.0,1.0,3.838804022135181e-07,1.0,1.0,1.0,1.0,1.0,1.0,1.0,1.0,1.0,1.0,pancreas,classification
123,4.908359412328619e-06,1.0,1.0,1.0,1.0,1.0,1.0,1.0,1.0,1.0,1.0,0.0004407352011784579,0.9829545454545454,0.9833278035832781,0.9829545454545454,0.9827332364232734,1.0,0.9285714285714286,0.9629629629629629,0.9781021897810219,1.0,0.988929889298893,pancreas,classification
124,3.540661814324412e-05,0.9985795454545454,0.9985821710636867,0.9985795454545454,0.9985780305152022,1.0,0.9939024390243902,0.9969418960244648,0.9981515711645101,1.0,0.9990749306197965,3.869724800799965e-07,1.0,1.0,1.0,1.0,1.0,1.0,1.0,1.0,1.0,1.0,pancreas,classification
125,5.889586545942455e-05,0.9985795454545454,0.9985881542699725,0.9985795454545454,0.9985810459727403,0.9939393939393939,1.0,0.9969604863221885,1.0,0.9981481481481481,0.9990732159406858,4.0210366333584796e-07,1.0,1.0,1.0,1.0,1.0,1.0,1.0,1.0,1.0,1.0,pancreas,classification
126,0.0001063822972572449,0.9985795454545454,0.9985881542699725,0.9985795454545454,0.9985810459727403,0.9939393939393939,1.0,0.9969604863221885,1.0,0.9981481481481481,0.9990732159406858,4.2792427993018384e-07,1.0,1.0,1.0,1.0,1.0,1.0,1.0,1.0,1.0,1.0,pancreas,classification
127,3.226957186474134e-06,1.0,1.0,1.0,1.0,1.0,1.0,1.0,1.0,1.0,1.0,1.938587887066619e-06,1.0,1.0,1.0,1.0,1.0,1.0,1.0,1.0,1.0,1.0,pancreas,classification
128,1.0291691093687984e-05,1.0,1.0,1.0,1.0,1.0,1.0,1.0,1.0,1.0,1.0,4.1082384944440326e-07,1.0,1.0,1.0,1.0,1.0,1.0,1.0,1.0,1.0,1.0,pancreas,classification
129,4.153278363167539e-06,1.0,1.0,1.0,1.0,1.0,1.0,1.0,1.0,1.0,1.0,4.4773450078785326e-07,1.0,1.0,1.0,1.0,1.0,1.0,1.0,1.0,1.0,1.0,pancreas,classification
130,2.9186609429581782e-05,1.0,1.0,1.0,1.0,1.0,1.0,1.0,1.0,1.0,1.0,3.64261684250199e-07,1.0,1.0,1.0,1.0,1.0,1.0,1.0,1.0,1.0,1.0,pancreas,classification
131,2.946286963766521e-05,1.0,1.0,1.0,1.0,1.0,1.0,1.0,1.0,1.0,1.0,3.9948038864746527e-07,1.0,1.0,1.0,1.0,1.0,1.0,1.0,1.0,1.0,1.0,pancreas,classification
132,5.490093932601005e-06,1.0,1.0,1.0,1.0,1.0,1.0,1.0,1.0,1.0,1.0,3.7641190818827785e-07,1.0,1.0,1.0,1.0,1.0,1.0,1.0,1.0,1.0,1.0,pancreas,classification
133,4.205095017730607e-06,1.0,1.0,1.0,1.0,1.0,1.0,1.0,1.0,1.0,1.0,3.9228512026635476e-07,1.0,1.0,1.0,1.0,1.0,1.0,1.0,1.0,1.0,1.0,pancreas,classification
134,1.7673283268364188e-06,1.0,1.0,1.0,1.0,1.0,1.0,1.0,1.0,1.0,1.0,3.6064348695287085e-07,1.0,1.0,1.0,1.0,1.0,1.0,1.0,1.0,1.0,1.0,pancreas,classification
135,1.0966938930323522e-06,1.0,1.0,1.0,1.0,1.0,1.0,1.0,1.0,1.0,1.0,3.572998872931004e-07,1.0,1.0,1.0,1.0,1.0,1.0,1.0,1.0,1.0,1.0,pancreas,classification
136,9.302000207030273e-06,1.0,1.0,1.0,1.0,1.0,1.0,1.0,1.0,1.0,1.0,0.00010985573720745379,1.0,1.0,1.0,1.0,1.0,1.0,1.0,1.0,1.0,1.0,pancreas,classification
137,5.149549788928777e-06,1.0,1.0,1.0,1.0,1.0,1.0,1.0,1.0,1.0,1.0,4.002846687647186e-07,1.0,1.0,1.0,1.0,1.0,1.0,1.0,1.0,1.0,1.0,pancreas,classification
138,1.0123812536087165e-05,1.0,1.0,1.0,1.0,1.0,1.0,1.0,1.0,1.0,1.0,3.665058133347801e-07,1.0,1.0,1.0,1.0,1.0,1.0,1.0,1.0,1.0,1.0,pancreas,classification
139,5.048984143420719e-06,1.0,1.0,1.0,1.0,1.0,1.0,1.0,1.0,1.0,1.0,3.9111954854640563e-07,1.0,1.0,1.0,1.0,1.0,1.0,1.0,1.0,1.0,1.0,pancreas,classification
140,2.575183072198425e-06,1.0,1.0,1.0,1.0,1.0,1.0,1.0,1.0,1.0,1.0,7.689168095804565e-05,1.0,1.0,1.0,1.0,1.0,1.0,1.0,1.0,1.0,1.0,pancreas,classification
141,2.2915739544321862e-06,1.0,1.0,1.0,1.0,1.0,1.0,1.0,1.0,1.0,1.0,4.117761834136631e-07,1.0,1.0,1.0,1.0,1.0,1.0,1.0,1.0,1.0,1.0,pancreas,classification
142,4.621675831696269e-06,1.0,1.0,1.0,1.0,1.0,1.0,1.0,1.0,1.0,1.0,3.691089835394285e-07,1.0,1.0,1.0,1.0,1.0,1.0,1.0,1.0,1.0,1.0,pancreas,classification
143,1.3928747450300058e-05,1.0,1.0,1.0,1.0,1.0,1.0,1.0,1.0,1.0,1.0,3.8106669173678465e-07,1.0,1.0,1.0,1.0,1.0,1.0,1.0,1.0,1.0,1.0,pancreas,classification
144,7.917182144141902e-06,1.0,1.0,1.0,1.0,1.0,1.0,1.0,1.0,1.0,1.0,3.967915967512619e-07,1.0,1.0,1.0,1.0,1.0,1.0,1.0,1.0,1.0,1.0,pancreas,classification
145,0.00012936149817412777,0.9985795454545454,0.9985881542699725,0.9985795454545454,0.9985810459727403,0.9939393939393939,1.0,0.9969604863221885,1.0,0.9981481481481481,0.9990732159406858,3.7975573005414015e-07,1.0,1.0,1.0,1.0,1.0,1.0,1.0,1.0,1.0,1.0,pancreas,classification
146,4.653700758891236e-06,1.0,1.0,1.0,1.0,1.0,1.0,1.0,1.0,1.0,1.0,3.770673024725759e-07,1.0,1.0,1.0,1.0,1.0,1.0,1.0,1.0,1.0,1.0,pancreas,classification
147,0.00011174519320630597,0.9985795454545454,0.9985881542699725,0.9985795454545454,0.9985810459727403,0.9939393939393939,1.0,0.9969604863221885,1.0,0.9981481481481481,0.9990732159406858,4.030989735135584e-07,1.0,1.0,1.0,1.0,1.0,1.0,1.0,1.0,1.0,1.0,pancreas,classification
148,2.8491439433185985e-05,1.0,1.0,1.0,1.0,1.0,1.0,1.0,1.0,1.0,1.0,3.9903589636609965e-07,1.0,1.0,1.0,1.0,1.0,1.0,1.0,1.0,1.0,1.0,pancreas,classification
149,4.59258163684498e-05,0.9985795454545454,0.9985821710636867,0.9985795454545454,0.9985780305152022,1.0,0.9939024390243902,0.9969418960244648,0.9981515711645101,1.0,0.9990749306197965,3.9734310710380005e-07,1.0,1.0,1.0,1.0,1.0,1.0,1.0,1.0,1.0,1.0,pancreas,classification
150,4.234153084067574e-06,1.0,1.0,1.0,1.0,1.0,1.0,1.0,1.0,1.0,1.0,3.4781785726326314e-07,1.0,1.0,1.0,1.0,1.0,1.0,1.0,1.0,1.0,1.0,pancreas,classification
151,8.05975366027021e-06,1.0,1.0,1.0,1.0,1.0,1.0,1.0,1.0,1.0,1.0,3.7190349902712943e-07,1.0,1.0,1.0,1.0,1.0,1.0,1.0,1.0,1.0,1.0,pancreas,classification
152,7.797011883005986e-06,1.0,1.0,1.0,1.0,1.0,1.0,1.0,1.0,1.0,1.0,6.228783242725264e-07,1.0,1.0,1.0,1.0,1.0,1.0,1.0,1.0,1.0,1.0,pancreas,classification
153,6.351347631101072e-06,1.0,1.0,1.0,1.0,1.0,1.0,1.0,1.0,1.0,1.0,3.99056587370565e-07,1.0,1.0,1.0,1.0,1.0,1.0,1.0,1.0,1.0,1.0,pancreas,classification
154,1.2651043034979508e-06,1.0,1.0,1.0,1.0,1.0,1.0,1.0,1.0,1.0,1.0,4.463371810330004e-07,1.0,1.0,1.0,1.0,1.0,1.0,1.0,1.0,1.0,1.0,pancreas,classification
155,6.475723399613674e-06,1.0,1.0,1.0,1.0,1.0,1.0,1.0,1.0,1.0,1.0,2.6291837289446367e-05,1.0,1.0,1.0,1.0,1.0,1.0,1.0,1.0,1.0,1.0,pancreas,classification
156,1.3694195874078021e-05,1.0,1.0,1.0,1.0,1.0,1.0,1.0,1.0,1.0,1.0,4.070573347483084e-07,1.0,1.0,1.0,1.0,1.0,1.0,1.0,1.0,1.0,1.0,pancreas,classification
157,4.105942570411323e-05,1.0,1.0,1.0,1.0,1.0,1.0,1.0,1.0,1.0,1.0,3.9412578251523717e-07,1.0,1.0,1.0,1.0,1.0,1.0,1.0,1.0,1.0,1.0,pancreas,classification
158,3.9398278010532355e-06,1.0,1.0,1.0,1.0,1.0,1.0,1.0,1.0,1.0,1.0,4.096379949590879e-07,1.0,1.0,1.0,1.0,1.0,1.0,1.0,1.0,1.0,1.0,pancreas,classification
159,7.862236078505124e-06,1.0,1.0,1.0,1.0,1.0,1.0,1.0,1.0,1.0,1.0,4.3810347382201475e-07,1.0,1.0,1.0,1.0,1.0,1.0,1.0,1.0,1.0,1.0,pancreas,classification
160,7.236163937627473e-06,1.0,1.0,1.0,1.0,1.0,1.0,1.0,1.0,1.0,1.0,1.1873364914291331e-06,1.0,1.0,1.0,1.0,1.0,1.0,1.0,1.0,1.0,1.0,pancreas,classification
161,0.0002991519089425248,0.9985795454545454,0.9985821710636867,0.9985795454545454,0.9985780305152022,1.0,0.9939024390243902,0.9969418960244648,0.9981515711645101,1.0,0.9990749306197965,4.014055977305278e-07,1.0,1.0,1.0,1.0,1.0,1.0,1.0,1.0,1.0,1.0,pancreas,classification
162,3.61777884062452e-06,1.0,1.0,1.0,1.0,1.0,1.0,1.0,1.0,1.0,1.0,3.2935410274603782e-06,1.0,1.0,1.0,1.0,1.0,1.0,1.0,1.0,1.0,1.0,pancreas,classification
163,5.2560977571467696e-05,1.0,1.0,1.0,1.0,1.0,1.0,1.0,1.0,1.0,1.0,3.6932108442174055e-07,1.0,1.0,1.0,1.0,1.0,1.0,1.0,1.0,1.0,1.0,pancreas,classification
164,1.4179781194395053e-05,1.0,1.0,1.0,1.0,1.0,1.0,1.0,1.0,1.0,1.0,3.683685153274299e-07,1.0,1.0,1.0,1.0,1.0,1.0,1.0,1.0,1.0,1.0,pancreas,classification
165,2.3132930057169108e-06,1.0,1.0,1.0,1.0,1.0,1.0,1.0,1.0,1.0,1.0,3.9090896951744403e-07,1.0,1.0,1.0,1.0,1.0,1.0,1.0,1.0,1.0,1.0,pancreas,classification
166,0.00010620051535167622,0.9985795454545454,0.9985821710636867,0.9985795454545454,0.9985780305152022,1.0,0.9939024390243902,0.9969418960244648,0.9981515711645101,1.0,0.9990749306197965,3.637762388693359e-07,1.0,1.0,1.0,1.0,1.0,1.0,1.0,1.0,1.0,1.0,pancreas,classification
167,0.00019328266988080404,0.9985795454545454,0.9985881542699725,0.9985795454545454,0.9985810459727403,0.9939393939393939,1.0,0.9969604863221885,1.0,0.9981481481481481,0.9990732159406858,3.872478812767936e-07,1.0,1.0,1.0,1.0,1.0,1.0,1.0,1.0,1.0,1.0,pancreas,classification
168,1.3321093137816122e-05,1.0,1.0,1.0,1.0,1.0,1.0,1.0,1.0,1.0,1.0,3.5437869107888465e-07,1.0,1.0,1.0,1.0,1.0,1.0,1.0,1.0,1.0,1.0,pancreas,classification
169,4.888433582292154e-06,1.0,1.0,1.0,1.0,1.0,1.0,1.0,1.0,1.0,1.0,3.6197689145079825e-07,1.0,1.0,1.0,1.0,1.0,1.0,1.0,1.0,1.0,1.0,pancreas,classification
170,6.7746501160441275e-06,1.0,1.0,1.0,1.0,1.0,1.0,1.0,1.0,1.0,1.0,3.698072971887582e-07,1.0,1.0,1.0,1.0,1.0,1.0,1.0,1.0,1.0,1.0,pancreas,classification
171,6.617803722716334e-06,1.0,1.0,1.0,1.0,1.0,1.0,1.0,1.0,1.0,1.0,3.4851512964451103e-07,1.0,1.0,1.0,1.0,1.0,1.0,1.0,1.0,1.0,1.0,pancreas,classification
172,4.3883828891725073e-05,1.0,1.0,1.0,1.0,1.0,1.0,1.0,1.0,1.0,1.0,3.700192094542713e-07,1.0,1.0,1.0,1.0,1.0,1.0,1.0,1.0,1.0,1.0,pancreas,classification
173,0.000264480102478098,0.9985795454545454,0.9985881542699725,0.9985795454545454,0.9985810459727403,0.9939393939393939,1.0,0.9969604863221885,1.0,0.9981481481481481,0.9990732159406858,3.7253745559114165e-07,1.0,1.0,1.0,1.0,1.0,1.0,1.0,1.0,1.0,1.0,pancreas,classification
174,2.062493037287409e-06,1.0,1.0,1.0,1.0,1.0,1.0,1.0,1.0,1.0,1.0,3.724952080119692e-07,1.0,1.0,1.0,1.0,1.0,1.0,1.0,1.0,1.0,1.0,pancreas,classification
175,2.5982932666837852e-06,1.0,1.0,1.0,1.0,1.0,1.0,1.0,1.0,1.0,1.0,4.1023162628500193e-07,1.0,1.0,1.0,1.0,1.0,1.0,1.0,1.0,1.0,1.0,pancreas,classification
176,2.497990934748693e-06,1.0,1.0,1.0,1.0,1.0,1.0,1.0,1.0,1.0,1.0,3.736601363677685e-07,1.0,1.0,1.0,1.0,1.0,1.0,1.0,1.0,1.0,1.0,pancreas,classification
177,8.820182616954175e-05,0.9985795454545454,0.9985881542699725,0.9985795454545454,0.9985810459727403,0.9939393939393939,1.0,0.9969604863221885,1.0,0.9981481481481481,0.9990732159406858,3.788651021998455e-07,1.0,1.0,1.0,1.0,1.0,1.0,1.0,1.0,1.0,1.0,pancreas,classification
178,0.00012456456599869108,0.9985795454545454,0.9985821710636867,0.9985795454545454,0.9985780305152022,1.0,0.9939024390243902,0.9969418960244648,0.9981515711645101,1.0,0.9990749306197965,3.9871752929601906e-07,1.0,1.0,1.0,1.0,1.0,1.0,1.0,1.0,1.0,1.0,pancreas,classification
179,4.087597464774717e-05,1.0,1.0,1.0,1.0,1.0,1.0,1.0,1.0,1.0,1.0,3.7727920181913016e-07,1.0,1.0,1.0,1.0,1.0,1.0,1.0,1.0,1.0,1.0,pancreas,classification
180,4.866696063484969e-05,0.9985795454545454,0.9985821710636867,0.9985795454545454,0.9985780305152022,1.0,0.9939024390243902,0.9969418960244648,0.9981515711645101,1.0,0.9990749306197965,3.569401924737163e-07,1.0,1.0,1.0,1.0,1.0,1.0,1.0,1.0,1.0,1.0,pancreas,classification
181,3.293636281527638e-05,0.9985795454545454,0.9985821710636867,0.9985795454545454,0.9985780305152022,1.0,0.9939024390243902,0.9969418960244648,0.9981515711645101,1.0,0.9990749306197965,3.9023147347837617e-07,1.0,1.0,1.0,1.0,1.0,1.0,1.0,1.0,1.0,1.0,pancreas,classification
182,5.449052033348132e-06,1.0,1.0,1.0,1.0,1.0,1.0,1.0,1.0,1.0,1.0,3.682408036680003e-07,1.0,1.0,1.0,1.0,1.0,1.0,1.0,1.0,1.0,1.0,pancreas,classification
183,3.815054116981545e-06,1.0,1.0,1.0,1.0,1.0,1.0,1.0,1.0,1.0,1.0,3.869719142295997e-07,1.0,1.0,1.0,1.0,1.0,1.0,1.0,1.0,1.0,1.0,pancreas,classification
184,1.4843128481474692e-06,1.0,1.0,1.0,1.0,1.0,1.0,1.0,1.0,1.0,1.0,3.7302480522653653e-07,1.0,1.0,1.0,1.0,1.0,1.0,1.0,1.0,1.0,1.0,pancreas,classification
185,2.5393818131905475e-06,1.0,1.0,1.0,1.0,1.0,1.0,1.0,1.0,1.0,1.0,3.913313290385387e-07,1.0,1.0,1.0,1.0,1.0,1.0,1.0,1.0,1.0,1.0,pancreas,classification
186,1.0237135271040643e-05,1.0,1.0,1.0,1.0,1.0,1.0,1.0,1.0,1.0,1.0,4.1893025581885013e-07,1.0,1.0,1.0,1.0,1.0,1.0,1.0,1.0,1.0,1.0,pancreas,classification
187,7.884274468236444e-05,0.9985795454545454,0.9985881542699725,0.9985795454545454,0.9985810459727403,0.9939393939393939,1.0,0.9969604863221885,1.0,0.9981481481481481,0.9990732159406858,3.776387803678848e-07,1.0,1.0,1.0,1.0,1.0,1.0,1.0,1.0,1.0,1.0,pancreas,classification
188,0.00030453489497068114,0.9985795454545454,0.9985821710636867,0.9985795454545454,0.9985780305152022,1.0,0.9939024390243902,0.9969418960244648,0.9981515711645101,1.0,0.9990749306197965,4.034593530377606e-07,1.0,1.0,1.0,1.0,1.0,1.0,1.0,1.0,1.0,1.0,pancreas,classification
189,5.763456559035066e-06,1.0,1.0,1.0,1.0,1.0,1.0,1.0,1.0,1.0,1.0,4.293417739311487e-07,1.0,1.0,1.0,1.0,1.0,1.0,1.0,1.0,1.0,1.0,pancreas,classification
190,3.146756287461275e-06,1.0,1.0,1.0,1.0,1.0,1.0,1.0,1.0,1.0,1.0,3.6468532791580155e-07,1.0,1.0,1.0,1.0,1.0,1.0,1.0,1.0,1.0,1.0,pancreas,classification
191,1.4127711815929574e-05,1.0,1.0,1.0,1.0,1.0,1.0,1.0,1.0,1.0,1.0,3.864636074591875e-07,1.0,1.0,1.0,1.0,1.0,1.0,1.0,1.0,1.0,1.0,pancreas,classification
192,0.00014827401190586897,0.9985795454545454,0.9985881542699725,0.9985795454545454,0.9985810459727403,0.9939393939393939,1.0,0.9969604863221885,1.0,0.9981481481481481,0.9990732159406858,3.949085086415752e-07,1.0,1.0,1.0,1.0,1.0,1.0,1.0,1.0,1.0,1.0,pancreas,classification
193,4.06162370257913e-06,1.0,1.0,1.0,1.0,1.0,1.0,1.0,1.0,1.0,1.0,3.8267616921736836e-07,1.0,1.0,1.0,1.0,1.0,1.0,1.0,1.0,1.0,1.0,pancreas,classification
194,1.5992703145622562e-06,1.0,1.0,1.0,1.0,1.0,1.0,1.0,1.0,1.0,1.0,3.989932560505787e-07,1.0,1.0,1.0,1.0,1.0,1.0,1.0,1.0,1.0,1.0,pancreas,classification
195,3.402966398043232e-06,1.0,1.0,1.0,1.0,1.0,1.0,1.0,1.0,1.0,1.0,3.9071782835394103e-07,1.0,1.0,1.0,1.0,1.0,1.0,1.0,1.0,1.0,1.0,pancreas,classification
196,1.094774055006424e-06,1.0,1.0,1.0,1.0,1.0,1.0,1.0,1.0,1.0,1.0,3.7528971316450305e-07,1.0,1.0,1.0,1.0,1.0,1.0,1.0,1.0,1.0,1.0,pancreas,classification
197,3.297641821508147e-06,1.0,1.0,1.0,1.0,1.0,1.0,1.0,1.0,1.0,1.0,3.690880961667889e-07,1.0,1.0,1.0,1.0,1.0,1.0,1.0,1.0,1.0,1.0,pancreas,classification
198,5.45974521253873e-06,1.0,1.0,1.0,1.0,1.0,1.0,1.0,1.0,1.0,1.0,3.8286582986818923e-07,1.0,1.0,1.0,1.0,1.0,1.0,1.0,1.0,1.0,1.0,pancreas,classification
199,4.9974321584045356e-05,1.0,1.0,1.0,1.0,1.0,1.0,1.0,1.0,1.0,1.0,3.7609455138077796e-07,1.0,1.0,1.0,1.0,1.0,1.0,1.0,1.0,1.0,1.0,pancreas,classification
200,3.7917129165262765e-05,1.0,1.0,1.0,1.0,1.0,1.0,1.0,1.0,1.0,1.0,3.68432169621387e-07,1.0,1.0,1.0,1.0,1.0,1.0,1.0,1.0,1.0,1.0,pancreas,classification
201,7.810347108778098e-06,1.0,1.0,1.0,1.0,1.0,1.0,1.0,1.0,1.0,1.0,3.7694015149595955e-07,1.0,1.0,1.0,1.0,1.0,1.0,1.0,1.0,1.0,1.0,pancreas,classification
202,4.526446111505968e-06,1.0,1.0,1.0,1.0,1.0,1.0,1.0,1.0,1.0,1.0,3.9450593063024414e-07,1.0,1.0,1.0,1.0,1.0,1.0,1.0,1.0,1.0,1.0,pancreas,classification
203,5.333904647903347e-06,1.0,1.0,1.0,1.0,1.0,1.0,1.0,1.0,1.0,1.0,3.846013963869733e-07,1.0,1.0,1.0,1.0,1.0,1.0,1.0,1.0,1.0,1.0,pancreas,classification
204,2.5302957483445837e-05,1.0,1.0,1.0,1.0,1.0,1.0,1.0,1.0,1.0,1.0,3.557749023870697e-07,1.0,1.0,1.0,1.0,1.0,1.0,1.0,1.0,1.0,1.0,pancreas,classification
205,0.00024253498818506034,0.9985795454545454,0.9985881542699725,0.9985795454545454,0.9985810459727403,0.9939393939393939,1.0,0.9969604863221885,1.0,0.9981481481481481,0.9990732159406858,3.500182014125709e-07,1.0,1.0,1.0,1.0,1.0,1.0,1.0,1.0,1.0,1.0,pancreas,classification
206,1.9242968340387794e-06,1.0,1.0,1.0,1.0,1.0,1.0,1.0,1.0,1.0,1.0,3.900605479016535e-07,1.0,1.0,1.0,1.0,1.0,1.0,1.0,1.0,1.0,1.0,pancreas,classification
207,0.0001163623176952652,0.9985795454545454,0.9985821710636867,0.9985795454545454,0.9985780305152022,1.0,0.9939024390243902,0.9969418960244648,0.9981515711645101,1.0,0.9990749306197965,3.990353976942887e-07,1.0,1.0,1.0,1.0,1.0,1.0,1.0,1.0,1.0,1.0,pancreas,classification
208,4.8268157903728275e-06,1.0,1.0,1.0,1.0,1.0,1.0,1.0,1.0,1.0,1.0,4.306765633414629e-07,1.0,1.0,1.0,1.0,1.0,1.0,1.0,1.0,1.0,1.0,pancreas,classification
209,8.849268667823004e-06,1.0,1.0,1.0,1.0,1.0,1.0,1.0,1.0,1.0,1.0,4.079453994811708e-07,1.0,1.0,1.0,1.0,1.0,1.0,1.0,1.0,1.0,1.0,pancreas,classification
210,2.1559254008707285e-06,1.0,1.0,1.0,1.0,1.0,1.0,1.0,1.0,1.0,1.0,4.0654897371826915e-07,1.0,1.0,1.0,1.0,1.0,1.0,1.0,1.0,1.0,1.0,pancreas,classification
211,9.946984272734095e-05,0.9985795454545454,0.9985881542699725,0.9985795454545454,0.9985810459727403,0.9939393939393939,1.0,0.9969604863221885,1.0,0.9981481481481481,0.9990732159406858,3.771093821052835e-07,1.0,1.0,1.0,1.0,1.0,1.0,1.0,1.0,1.0,1.0,pancreas,classification
212,1.1544808118783707e-06,1.0,1.0,1.0,1.0,1.0,1.0,1.0,1.0,1.0,1.0,3.884112800278672e-07,1.0,1.0,1.0,1.0,1.0,1.0,1.0,1.0,1.0,1.0,pancreas,classification
213,1.3308725905083271e-05,1.0,1.0,1.0,1.0,1.0,1.0,1.0,1.0,1.0,1.0,0.0002670904728409534,0.9943181818181818,0.9943602693602694,0.9943181818181818,0.9942945149981474,1.0,0.9761904761904762,0.9879518072289156,0.9925925925925926,1.0,0.9962825278810409,pancreas,classification
214,0.0035437163554312497,0.9872159090909091,0.9878809774040989,0.9872159090909091,0.9873329018685975,0.9479768786127167,1.0,0.973293768545994,1.0,0.9833333333333333,0.9915966386554622,3.864413558444953e-07,1.0,1.0,1.0,1.0,1.0,1.0,1.0,1.0,1.0,1.0,pancreas,classification
215,7.912414668515504e-06,1.0,1.0,1.0,1.0,1.0,1.0,1.0,1.0,1.0,1.0,3.8434773263030697e-07,1.0,1.0,1.0,1.0,1.0,1.0,1.0,1.0,1.0,1.0,pancreas,classification
216,3.2446133556876786e-06,1.0,1.0,1.0,1.0,1.0,1.0,1.0,1.0,1.0,1.0,4.0652776595545054e-07,1.0,1.0,1.0,1.0,1.0,1.0,1.0,1.0,1.0,1.0,pancreas,classification
217,1.6459892281969505e-05,1.0,1.0,1.0,1.0,1.0,1.0,1.0,1.0,1.0,1.0,3.722618864478797e-07,1.0,1.0,1.0,1.0,1.0,1.0,1.0,1.0,1.0,1.0,pancreas,classification
218,2.162376731007498e-06,1.0,1.0,1.0,1.0,1.0,1.0,1.0,1.0,1.0,1.0,0.0003882842828876288,0.9886363636363636,0.9888034759358288,0.9886363636363636,0.9885398702471874,1.0,0.9523809523809523,0.975609756097561,0.9852941176470589,1.0,0.9925925925925926,pancreas,classification
219,4.905093967202199e-06,1.0,1.0,1.0,1.0,1.0,1.0,1.0,1.0,1.0,1.0,4.142530527091863e-07,1.0,1.0,1.0,1.0,1.0,1.0,1.0,1.0,1.0,1.0,pancreas,classification
220,3.3720991542519516e-06,1.0,1.0,1.0,1.0,1.0,1.0,1.0,1.0,1.0,1.0,3.6079066748326033e-07,1.0,1.0,1.0,1.0,1.0,1.0,1.0,1.0,1.0,1.0,pancreas,classification
221,7.891994384708182e-06,1.0,1.0,1.0,1.0,1.0,1.0,1.0,1.0,1.0,1.0,4.1588262433833734e-07,1.0,1.0,1.0,1.0,1.0,1.0,1.0,1.0,1.0,1.0,pancreas,classification
222,1.5505057123474133e-06,1.0,1.0,1.0,1.0,1.0,1.0,1.0,1.0,1.0,1.0,3.833952694714588e-07,1.0,1.0,1.0,1.0,1.0,1.0,1.0,1.0,1.0,1.0,pancreas,classification
223,4.207105964775854e-06,1.0,1.0,1.0,1.0,1.0,1.0,1.0,1.0,1.0,1.0,3.8009418868899625e-07,1.0,1.0,1.0,1.0,1.0,1.0,1.0,1.0,1.0,1.0,pancreas,classification
224,4.729797927376984e-06,1.0,1.0,1.0,1.0,1.0,1.0,1.0,1.0,1.0,1.0,0.0004718189411789808,0.9829545454545454,0.9833278035832781,0.9829545454545454,0.9827332364232734,1.0,0.9285714285714286,0.9629629629629629,0.9781021897810219,1.0,0.988929889298893,pancreas,classification
225,4.947400761068366e-06,1.0,1.0,1.0,1.0,1.0,1.0,1.0,1.0,1.0,1.0,3.8737428812138125e-07,1.0,1.0,1.0,1.0,1.0,1.0,1.0,1.0,1.0,1.0,pancreas,classification
226,7.4862399973664075e-06,1.0,1.0,1.0,1.0,1.0,1.0,1.0,1.0,1.0,1.0,1.207474377648313e-05,1.0,1.0,1.0,1.0,1.0,1.0,1.0,1.0,1.0,1.0,pancreas,classification
227,7.1523032597104414e-06,1.0,1.0,1.0,1.0,1.0,1.0,1.0,1.0,1.0,1.0,3.975744753213142e-07,1.0,1.0,1.0,1.0,1.0,1.0,1.0,1.0,1.0,1.0,pancreas,classification
228,1.752186764101473e-05,1.0,1.0,1.0,1.0,1.0,1.0,1.0,1.0,1.0,1.0,4.218092768000629e-07,1.0,1.0,1.0,1.0,1.0,1.0,1.0,1.0,1.0,1.0,pancreas,classification
229,1.820629146271296e-06,1.0,1.0,1.0,1.0,1.0,1.0,1.0,1.0,1.0,1.0,3.8307770337682584e-07,1.0,1.0,1.0,1.0,1.0,1.0,1.0,1.0,1.0,1.0,pancreas,classification
230,0.00035338650084911063,0.9985795454545454,0.9985821710636867,0.9985795454545454,0.9985780305152022,1.0,0.9939024390243902,0.9969418960244648,0.9981515711645101,1.0,0.9990749306197965,3.679874292960118e-07,1.0,1.0,1.0,1.0,1.0,1.0,1.0,1.0,1.0,1.0,pancreas,classification
231,2.0915982655754886e-06,1.0,1.0,1.0,1.0,1.0,1.0,1.0,1.0,1.0,1.0,4.0375490522654384e-07,1.0,1.0,1.0,1.0,1.0,1.0,1.0,1.0,1.0,1.0,pancreas,classification
232,2.6913575736516164e-06,1.0,1.0,1.0,1.0,1.0,1.0,1.0,1.0,1.0,1.0,3.6678207235044363e-07,1.0,1.0,1.0,1.0,1.0,1.0,1.0,1.0,1.0,1.0,pancreas,classification
233,1.7165700282620575e-06,1.0,1.0,1.0,1.0,1.0,1.0,1.0,1.0,1.0,1.0,4.0396740918037144e-07,1.0,1.0,1.0,1.0,1.0,1.0,1.0,1.0,1.0,1.0,pancreas,classification
234,4.440720796982202e-06,1.0,1.0,1.0,1.0,1.0,1.0,1.0,1.0,1.0,1.0,3.995231788229086e-07,1.0,1.0,1.0,1.0,1.0,1.0,1.0,1.0,1.0,1.0,pancreas,classification
235,5.5412271148146495e-06,1.0,1.0,1.0,1.0,1.0,1.0,1.0,1.0,1.0,1.0,3.923691219204722e-07,1.0,1.0,1.0,1.0,1.0,1.0,1.0,1.0,1.0,1.0,pancreas,classification
236,3.954491453648436e-06,1.0,1.0,1.0,1.0,1.0,1.0,1.0,1.0,1.0,1.0,3.8218864388413337e-07,1.0,1.0,1.0,1.0,1.0,1.0,1.0,1.0,1.0,1.0,pancreas,classification
237,0.00013101368504402961,0.9985795454545454,0.9985881542699725,0.9985795454545454,0.9985810459727403,0.9939393939393939,1.0,0.9969604863221885,1.0,0.9981481481481481,0.9990732159406858,4.255543279379543e-07,1.0,1.0,1.0,1.0,1.0,1.0,1.0,1.0,1.0,1.0,pancreas,classification
238,8.879953872503227e-06,1.0,1.0,1.0,1.0,1.0,1.0,1.0,1.0,1.0,1.0,3.6295074323788867e-07,1.0,1.0,1.0,1.0,1.0,1.0,1.0,1.0,1.0,1.0,pancreas,classification
239,0.00011742731070476317,0.9985795454545454,0.9985821710636867,0.9985795454545454,0.9985780305152022,1.0,0.9939024390243902,0.9969418960244648,0.9981515711645101,1.0,0.9990749306197965,4.234161653212967e-07,1.0,1.0,1.0,1.0,1.0,1.0,1.0,1.0,1.0,1.0,pancreas,classification
240,3.1804275667210193e-06,1.0,1.0,1.0,1.0,1.0,1.0,1.0,1.0,1.0,1.0,3.7721557853067433e-07,1.0,1.0,1.0,1.0,1.0,1.0,1.0,1.0,1.0,1.0,pancreas,classification
241,4.181658859827373e-06,1.0,1.0,1.0,1.0,1.0,1.0,1.0,1.0,1.0,1.0,0.00020029426485993181,1.0,1.0,1.0,1.0,1.0,1.0,1.0,1.0,1.0,1.0,pancreas,classification
242,1.82591833983927e-06,1.0,1.0,1.0,1.0,1.0,1.0,1.0,1.0,1.0,1.0,0.0004630767405057089,0.9829545454545454,0.9833278035832781,0.9829545454545454,0.9827332364232734,1.0,0.9285714285714286,0.9629629629629629,0.9781021897810219,1.0,0.988929889298893,pancreas,classification
243,1.8915744256921904e-05,1.0,1.0,1.0,1.0,1.0,1.0,1.0,1.0,1.0,1.0,4.0061620128736564e-05,1.0,1.0,1.0,1.0,1.0,1.0,1.0,1.0,1.0,1.0,pancreas,classification
244,7.69583185509439e-06,1.0,1.0,1.0,1.0,1.0,1.0,1.0,1.0,1.0,1.0,3.7677106816276634e-07,1.0,1.0,1.0,1.0,1.0,1.0,1.0,1.0,1.0,1.0,pancreas,classification
245,5.0361001918020065e-05,0.9985795454545454,0.9985821710636867,0.9985795454545454,0.9985780305152022,1.0,0.9939024390243902,0.9969418960244648,0.9981515711645101,1.0,0.9990749306197965,3.6948990162438183e-07,1.0,1.0,1.0,1.0,1.0,1.0,1.0,1.0,1.0,1.0,pancreas,classification
246,2.5900600100860835e-05,1.0,1.0,1.0,1.0,1.0,1.0,1.0,1.0,1.0,1.0,3.4060036568916985e-07,1.0,1.0,1.0,1.0,1.0,1.0,1.0,1.0,1.0,1.0,pancreas,classification
247,4.01053777274931e-06,1.0,1.0,1.0,1.0,1.0,1.0,1.0,1.0,1.0,1.0,3.541036361101843e-07,1.0,1.0,1.0,1.0,1.0,1.0,1.0,1.0,1.0,1.0,pancreas,classification
248,2.6326582229785345e-06,1.0,1.0,1.0,1.0,1.0,1.0,1.0,1.0,1.0,1.0,3.617864324083216e-07,1.0,1.0,1.0,1.0,1.0,1.0,1.0,1.0,1.0,1.0,pancreas,classification
249,5.065776240991743e-05,1.0,1.0,1.0,1.0,1.0,1.0,1.0,1.0,1.0,1.0,3.7820984485651105e-07,1.0,1.0,1.0,1.0,1.0,1.0,1.0,1.0,1.0,1.0,pancreas,classification
250,4.9912680308042665e-06,1.0,1.0,1.0,1.0,1.0,1.0,1.0,1.0,1.0,1.0,3.7082372211278364e-07,1.0,1.0,1.0,1.0,1.0,1.0,1.0,1.0,1.0,1.0,pancreas,classification
251,0.0002663003706570325,0.9985795454545454,0.9985821710636867,0.9985795454545454,0.9985780305152022,1.0,0.9939024390243902,0.9969418960244648,0.9981515711645101,1.0,0.9990749306197965,3.835006054941914e-07,1.0,1.0,1.0,1.0,1.0,1.0,1.0,1.0,1.0,1.0,pancreas,classification
252,1.9746235529603176e-05,1.0,1.0,1.0,1.0,1.0,1.0,1.0,1.0,1.0,1.0,3.802840973838267e-07,1.0,1.0,1.0,1.0,1.0,1.0,1.0,1.0,1.0,1.0,pancreas,classification
253,0.00010819198776152399,0.9985795454545454,0.9985821710636867,0.9985795454545454,0.9985780305152022,1.0,0.9939024390243902,0.9969418960244648,0.9981515711645101,1.0,0.9990749306197965,3.928352379551308e-07,1.0,1.0,1.0,1.0,1.0,1.0,1.0,1.0,1.0,1.0,pancreas,classification
254,1.4276463931847419e-06,1.0,1.0,1.0,1.0,1.0,1.0,1.0,1.0,1.0,1.0,6.59236958840252e-07,1.0,1.0,1.0,1.0,1.0,1.0,1.0,1.0,1.0,1.0,pancreas,classification
255,2.1687315733164394e-06,1.0,1.0,1.0,1.0,1.0,1.0,1.0,1.0,1.0,1.0,3.942316998911172e-07,1.0,1.0,1.0,1.0,1.0,1.0,1.0,1.0,1.0,1.0,pancreas,classification
256,2.7881336499355958e-06,1.0,1.0,1.0,1.0,1.0,1.0,1.0,1.0,1.0,1.0,1.0565847736126506e-06,1.0,1.0,1.0,1.0,1.0,1.0,1.0,1.0,1.0,1.0,pancreas,classification
257,5.396700021006754e-06,1.0,1.0,1.0,1.0,1.0,1.0,1.0,1.0,1.0,1.0,3.7848411693630624e-07,1.0,1.0,1.0,1.0,1.0,1.0,1.0,1.0,1.0,1.0,pancreas,classification
258,6.581992146627933e-06,1.0,1.0,1.0,1.0,1.0,1.0,1.0,1.0,1.0,1.0,3.867176846225365e-07,1.0,1.0,1.0,1.0,1.0,1.0,1.0,1.0,1.0,1.0,pancreas,classification
259,6.002029930517562e-06,1.0,1.0,1.0,1.0,1.0,1.0,1.0,1.0,1.0,1.0,3.7636885704986606e-07,1.0,1.0,1.0,1.0,1.0,1.0,1.0,1.0,1.0,1.0,pancreas,classification
260,7.1242196303893994e-06,1.0,1.0,1.0,1.0,1.0,1.0,1.0,1.0,1.0,1.0,3.7251668448913155e-07,1.0,1.0,1.0,1.0,1.0,1.0,1.0,1.0,1.0,1.0,pancreas,classification
261,4.33091282458649e-05,0.9985795454545454,0.9985881542699725,0.9985795454545454,0.9985810459727403,0.9939393939393939,1.0,0.9969604863221885,1.0,0.9981481481481481,0.9990732159406858,3.7166861168522947e-07,1.0,1.0,1.0,1.0,1.0,1.0,1.0,1.0,1.0,1.0,pancreas,classification
262,5.444348270151005e-06,1.0,1.0,1.0,1.0,1.0,1.0,1.0,1.0,1.0,1.0,4.954478899063278e-07,1.0,1.0,1.0,1.0,1.0,1.0,1.0,1.0,1.0,1.0,pancreas,classification
263,5.579945234563349e-05,0.9985795454545454,0.9985821710636867,0.9985795454545454,0.9985780305152022,1.0,0.9939024390243902,0.9969418960244648,0.9981515711645101,1.0,0.9990749306197965,3.5095002524278906e-07,1.0,1.0,1.0,1.0,1.0,1.0,1.0,1.0,1.0,1.0,pancreas,classification
264,1.2635182119166446e-06,1.0,1.0,1.0,1.0,1.0,1.0,1.0,1.0,1.0,1.0,3.61509853002479e-07,1.0,1.0,1.0,1.0,1.0,1.0,1.0,1.0,1.0,1.0,pancreas,classification
265,8.117972343639353e-06,1.0,1.0,1.0,1.0,1.0,1.0,1.0,1.0,1.0,1.0,3.948235122276277e-07,1.0,1.0,1.0,1.0,1.0,1.0,1.0,1.0,1.0,1.0,pancreas,classification
266,1.499202113047266e-05,1.0,1.0,1.0,1.0,1.0,1.0,1.0,1.0,1.0,1.0,3.970043849221838e-07,1.0,1.0,1.0,1.0,1.0,1.0,1.0,1.0,1.0,1.0,pancreas,classification
267,1.9180816324974742e-05,1.0,1.0,1.0,1.0,1.0,1.0,1.0,1.0,1.0,1.0,3.963479545373874e-07,1.0,1.0,1.0,1.0,1.0,1.0,1.0,1.0,1.0,1.0,pancreas,classification
268,4.429798390891516e-06,1.0,1.0,1.0,1.0,1.0,1.0,1.0,1.0,1.0,1.0,3.6062177535065776e-07,1.0,1.0,1.0,1.0,1.0,1.0,1.0,1.0,1.0,1.0,pancreas,classification
269,3.4828124959383122e-06,1.0,1.0,1.0,1.0,1.0,1.0,1.0,1.0,1.0,1.0,4.6256951691248105e-07,1.0,1.0,1.0,1.0,1.0,1.0,1.0,1.0,1.0,1.0,pancreas,classification
270,5.186834755477321e-06,1.0,1.0,1.0,1.0,1.0,1.0,1.0,1.0,1.0,1.0,0.0003272697014489784,0.9886363636363636,0.9888034759358288,0.9886363636363636,0.9885398702471874,1.0,0.9523809523809523,0.975609756097561,0.9852941176470589,1.0,0.9925925925925926,pancreas,classification
271,3.855616715110376e-06,1.0,1.0,1.0,1.0,1.0,1.0,1.0,1.0,1.0,1.0,3.9279250462310633e-07,1.0,1.0,1.0,1.0,1.0,1.0,1.0,1.0,1.0,1.0,pancreas,classification
272,0.00010826045553874957,0.9985795454545454,0.9985881542699725,0.9985795454545454,0.9985810459727403,0.9939393939393939,1.0,0.9969604863221885,1.0,0.9981481481481481,0.9990732159406858,4.1325882514022605e-07,1.0,1.0,1.0,1.0,1.0,1.0,1.0,1.0,1.0,1.0,pancreas,classification
273,2.4826747177671264e-06,1.0,1.0,1.0,1.0,1.0,1.0,1.0,1.0,1.0,1.0,3.0322878589314232e-05,1.0,1.0,1.0,1.0,1.0,1.0,1.0,1.0,1.0,1.0,pancreas,classification
274,2.330602609648932e-06,1.0,1.0,1.0,1.0,1.0,1.0,1.0,1.0,1.0,1.0,3.4904507825475856e-07,1.0,1.0,1.0,1.0,1.0,1.0,1.0,1.0,1.0,1.0,pancreas,classification
275,4.096472727093731e-06,1.0,1.0,1.0,1.0,1.0,1.0,1.0,1.0,1.0,1.0,4.078610309286226e-07,1.0,1.0,1.0,1.0,1.0,1.0,1.0,1.0,1.0,1.0,pancreas,classification
276,5.306355084723112e-05,0.9985795454545454,0.9985881542699725,0.9985795454545454,0.9985810459727403,0.9939393939393939,1.0,0.9969604863221885,1.0,0.9981481481481481,0.9990732159406858,4.040731043501596e-07,1.0,1.0,1.0,1.0,1.0,1.0,1.0,1.0,1.0,1.0,pancreas,classification
277,2.386938561471652e-06,1.0,1.0,1.0,1.0,1.0,1.0,1.0,1.0,1.0,1.0,3.679246379885047e-07,1.0,1.0,1.0,1.0,1.0,1.0,1.0,1.0,1.0,1.0,pancreas,classification
278,5.854361617707582e-06,1.0,1.0,1.0,1.0,1.0,1.0,1.0,1.0,1.0,1.0,4.075232027389575e-07,1.0,1.0,1.0,1.0,1.0,1.0,1.0,1.0,1.0,1.0,pancreas,classification
279,8.672669017848669e-05,0.9985795454545454,0.9985821710636867,0.9985795454545454,0.9985780305152022,1.0,0.9939024390243902,0.9969418960244648,0.9981515711645101,1.0,0.9990749306197965,1.043472601416149e-06,1.0,1.0,1.0,1.0,1.0,1.0,1.0,1.0,1.0,1.0,pancreas,classification
280,5.439682378881695e-06,1.0,1.0,1.0,1.0,1.0,1.0,1.0,1.0,1.0,1.0,3.703576603377521e-07,1.0,1.0,1.0,1.0,1.0,1.0,1.0,1.0,1.0,1.0,pancreas,classification
281,2.104942283990981e-06,1.0,1.0,1.0,1.0,1.0,1.0,1.0,1.0,1.0,1.0,3.919031867512372e-07,1.0,1.0,1.0,1.0,1.0,1.0,1.0,1.0,1.0,1.0,pancreas,classification
282,1.493765451372879e-05,1.0,1.0,1.0,1.0,1.0,1.0,1.0,1.0,1.0,1.0,3.81194395644839e-07,1.0,1.0,1.0,1.0,1.0,1.0,1.0,1.0,1.0,1.0,pancreas,classification
283,0.00011610252134049274,0.9985795454545454,0.9985821710636867,0.9985795454545454,0.9985780305152022,1.0,0.9939024390243902,0.9969418960244648,0.9981515711645101,1.0,0.9990749306197965,3.9173306990133744e-07,1.0,1.0,1.0,1.0,1.0,1.0,1.0,1.0,1.0,1.0,pancreas,classification
284,2.904907960431625e-05,1.0,1.0,1.0,1.0,1.0,1.0,1.0,1.0,1.0,1.0,3.944637683162e-07,1.0,1.0,1.0,1.0,1.0,1.0,1.0,1.0,1.0,1.0,pancreas,classification
285,2.2399223227735505e-06,1.0,1.0,1.0,1.0,1.0,1.0,1.0,1.0,1.0,1.0,3.764319506610098e-07,1.0,1.0,1.0,1.0,1.0,1.0,1.0,1.0,1.0,1.0,pancreas,classification
286,1.8672609939394327e-05,1.0,1.0,1.0,1.0,1.0,1.0,1.0,1.0,1.0,1.0,5.511615974931126e-07,1.0,1.0,1.0,1.0,1.0,1.0,1.0,1.0,1.0,1.0,pancreas,classification
287,9.027254390306636e-06,1.0,1.0,1.0,1.0,1.0,1.0,1.0,1.0,1.0,1.0,3.9078092454887653e-07,1.0,1.0,1.0,1.0,1.0,1.0,1.0,1.0,1.0,1.0,pancreas,classification
288,2.1841707402229943e-05,1.0,1.0,1.0,1.0,1.0,1.0,1.0,1.0,1.0,1.0,3.9454891459006997e-07,1.0,1.0,1.0,1.0,1.0,1.0,1.0,1.0,1.0,1.0,pancreas,classification
289,1.864653872923389e-06,1.0,1.0,1.0,1.0,1.0,1.0,1.0,1.0,1.0,1.0,3.5357395621428045e-07,1.0,1.0,1.0,1.0,1.0,1.0,1.0,1.0,1.0,1.0,pancreas,classification
290,1.5809783894321132e-05,1.0,1.0,1.0,1.0,1.0,1.0,1.0,1.0,1.0,1.0,3.967286762541665e-07,1.0,1.0,1.0,1.0,1.0,1.0,1.0,1.0,1.0,1.0,pancreas,classification
291,3.325737149075601e-05,1.0,1.0,1.0,1.0,1.0,1.0,1.0,1.0,1.0,1.0,4.100414566272031e-07,1.0,1.0,1.0,1.0,1.0,1.0,1.0,1.0,1.0,1.0,pancreas,classification
292,3.7282144931664747e-06,1.0,1.0,1.0,1.0,1.0,1.0,1.0,1.0,1.0,1.0,3.622094378773578e-07,1.0,1.0,1.0,1.0,1.0,1.0,1.0,1.0,1.0,1.0,pancreas,classification
293,1.5774393383274152e-05,1.0,1.0,1.0,1.0,1.0,1.0,1.0,1.0,1.0,1.0,3.8663331606998824e-07,1.0,1.0,1.0,1.0,1.0,1.0,1.0,1.0,1.0,1.0,pancreas,classification
294,4.938101450978717e-06,1.0,1.0,1.0,1.0,1.0,1.0,1.0,1.0,1.0,1.0,3.8764961697200884e-07,1.0,1.0,1.0,1.0,1.0,1.0,1.0,1.0,1.0,1.0,pancreas,classification
295,2.1090962576408856e-06,1.0,1.0,1.0,1.0,1.0,1.0,1.0,1.0,1.0,1.0,3.856807030512176e-07,1.0,1.0,1.0,1.0,1.0,1.0,1.0,1.0,1.0,1.0,pancreas,classification
296,7.80146276921104e-06,1.0,1.0,1.0,1.0,1.0,1.0,1.0,1.0,1.0,1.0,3.750983652976588e-07,1.0,1.0,1.0,1.0,1.0,1.0,1.0,1.0,1.0,1.0,pancreas,classification
297,6.101319335336732e-06,1.0,1.0,1.0,1.0,1.0,1.0,1.0,1.0,1.0,1.0,3.5408232499569503e-07,1.0,1.0,1.0,1.0,1.0,1.0,1.0,1.0,1.0,1.0,pancreas,classification
298,6.847078251129543e-06,1.0,1.0,1.0,1.0,1.0,1.0,1.0,1.0,1.0,1.0,3.609401269179877e-07,1.0,1.0,1.0,1.0,1.0,1.0,1.0,1.0,1.0,1.0,pancreas,classification
299,1.992275554388553e-06,1.0,1.0,1.0,1.0,1.0,1.0,1.0,1.0,1.0,1.0,3.7103476364047144e-07,1.0,1.0,1.0,1.0,1.0,1.0,1.0,1.0,1.0,1.0,pancreas,classification
300,3.6307758196327002e-06,1.0,1.0,1.0,1.0,1.0,1.0,1.0,1.0,1.0,1.0,3.637755722510602e-07,1.0,1.0,1.0,1.0,1.0,1.0,1.0,1.0,1.0,1.0,pancreas,classification
301,5.767748549281102e-05,0.9985795454545454,0.9985821710636867,0.9985795454545454,0.9985780305152022,1.0,0.9939024390243902,0.9969418960244648,0.9981515711645101,1.0,0.9990749306197965,3.8400730772991665e-07,1.0,1.0,1.0,1.0,1.0,1.0,1.0,1.0,1.0,1.0,pancreas,classification
302,3.5771059081277845e-06,1.0,1.0,1.0,1.0,1.0,1.0,1.0,1.0,1.0,1.0,3.6352126771403576e-07,1.0,1.0,1.0,1.0,1.0,1.0,1.0,1.0,1.0,1.0,pancreas,classification
303,2.2262959747236395e-06,1.0,1.0,1.0,1.0,1.0,1.0,1.0,1.0,1.0,1.0,4.124324277654523e-07,1.0,1.0,1.0,1.0,1.0,1.0,1.0,1.0,1.0,1.0,pancreas,classification
304,3.154496115795072e-06,1.0,1.0,1.0,1.0,1.0,1.0,1.0,1.0,1.0,1.0,3.8597597877428186e-07,1.0,1.0,1.0,1.0,1.0,1.0,1.0,1.0,1.0,1.0,pancreas,classification
305,1.0172343969181632e-05,1.0,1.0,1.0,1.0,1.0,1.0,1.0,1.0,1.0,1.0,3.988858478268495e-07,1.0,1.0,1.0,1.0,1.0,1.0,1.0,1.0,1.0,1.0,pancreas,classification
306,9.375641670704805e-05,0.9985795454545454,0.9985821710636867,0.9985795454545454,0.9985780305152022,1.0,0.9939024390243902,0.9969418960244648,0.9981515711645101,1.0,0.9990749306197965,3.691726249144267e-07,1.0,1.0,1.0,1.0,1.0,1.0,1.0,1.0,1.0,1.0,pancreas,classification
307,0.002639114015570437,0.9900568181818182,0.9904638490164804,0.9900568181818182,0.9901282686794782,0.9590643274853801,1.0,0.9791044776119403,1.0,0.987037037037037,0.9934762348555451,0.0012081869868697222,0.9659090909090909,0.9673701298701299,0.9659090909090909,0.9649711602266348,1.0,0.8571428571428571,0.9230769230769231,0.9571428571428572,1.0,0.9781021897810219,pancreas,classification
308,3.26205046715958e-06,1.0,1.0,1.0,1.0,1.0,1.0,1.0,1.0,1.0,1.0,3.5647362427549856e-07,1.0,1.0,1.0,1.0,1.0,1.0,1.0,1.0,1.0,1.0,pancreas,classification
309,1.5006742780149744e-06,1.0,1.0,1.0,1.0,1.0,1.0,1.0,1.0,1.0,1.0,3.655958742208234e-07,1.0,1.0,1.0,1.0,1.0,1.0,1.0,1.0,1.0,1.0,pancreas,classification
310,6.857641753041125e-06,1.0,1.0,1.0,1.0,1.0,1.0,1.0,1.0,1.0,1.0,4.021464095868313e-07,1.0,1.0,1.0,1.0,1.0,1.0,1.0,1.0,1.0,1.0,pancreas,classification
311,5.591292141363366e-06,1.0,1.0,1.0,1.0,1.0,1.0,1.0,1.0,1.0,1.0,3.8902493315617903e-07,1.0,1.0,1.0,1.0,1.0,1.0,1.0,1.0,1.0,1.0,pancreas,classification
312,2.6740705706629342e-05,1.0,1.0,1.0,1.0,1.0,1.0,1.0,1.0,1.0,1.0,3.7266481585489103e-07,1.0,1.0,1.0,1.0,1.0,1.0,1.0,1.0,1.0,1.0,pancreas,classification
313,1.688420541964578e-06,1.0,1.0,1.0,1.0,1.0,1.0,1.0,1.0,1.0,1.0,3.502518433668394e-07,1.0,1.0,1.0,1.0,1.0,1.0,1.0,1.0,1.0,1.0,pancreas,classification
314,4.447484229785914e-06,1.0,1.0,1.0,1.0,1.0,1.0,1.0,1.0,1.0,1.0,3.469080809281877e-07,1.0,1.0,1.0,1.0,1.0,1.0,1.0,1.0,1.0,1.0,pancreas,classification
315,8.176570182947465e-06,1.0,1.0,1.0,1.0,1.0,1.0,1.0,1.0,1.0,1.0,3.741038121709359e-07,1.0,1.0,1.0,1.0,1.0,1.0,1.0,1.0,1.0,1.0,pancreas,classification
316,7.019597700522437e-06,1.0,1.0,1.0,1.0,1.0,1.0,1.0,1.0,1.0,1.0,3.64707101529017e-07,1.0,1.0,1.0,1.0,1.0,1.0,1.0,1.0,1.0,1.0,pancreas,classification
317,5.96678394515493e-06,1.0,1.0,1.0,1.0,1.0,1.0,1.0,1.0,1.0,1.0,3.864011856339031e-07,1.0,1.0,1.0,1.0,1.0,1.0,1.0,1.0,1.0,1.0,pancreas,classification
318,7.179723594933049e-05,0.9985795454545454,0.9985821710636867,0.9985795454545454,0.9985780305152022,1.0,0.9939024390243902,0.9969418960244648,0.9981515711645101,1.0,0.9990749306197965,4.1198863827544713e-07,1.0,1.0,1.0,1.0,1.0,1.0,1.0,1.0,1.0,1.0,pancreas,classification
319,1.5707020214573608e-06,1.0,1.0,1.0,1.0,1.0,1.0,1.0,1.0,1.0,1.0,3.9721546262295637e-07,1.0,1.0,1.0,1.0,1.0,1.0,1.0,1.0,1.0,1.0,pancreas,classification
320,2.5700682907757834e-05,1.0,1.0,1.0,1.0,1.0,1.0,1.0,1.0,1.0,1.0,3.7435738549489045e-07,1.0,1.0,1.0,1.0,1.0,1.0,1.0,1.0,1.0,1.0,pancreas,classification
321,1.0422066677309969e-05,1.0,1.0,1.0,1.0,1.0,1.0,1.0,1.0,1.0,1.0,3.771087516600925e-07,1.0,1.0,1.0,1.0,1.0,1.0,1.0,1.0,1.0,1.0,pancreas,classification
322,1.7919828244637095e-05,1.0,1.0,1.0,1.0,1.0,1.0,1.0,1.0,1.0,1.0,3.6652672654533736e-07,1.0,1.0,1.0,1.0,1.0,1.0,1.0,1.0,1.0,1.0,pancreas,classification
323,3.2297214309034477e-06,1.0,1.0,1.0,1.0,1.0,1.0,1.0,1.0,1.0,1.0,4.23713730283866e-07,1.0,1.0,1.0,1.0,1.0,1.0,1.0,1.0,1.0,1.0,pancreas,classification
324,2.5080619911415685e-06,1.0,1.0,1.0,1.0,1.0,1.0,1.0,1.0,1.0,1.0,3.658081327144332e-07,1.0,1.0,1.0,1.0,1.0,1.0,1.0,1.0,1.0,1.0,pancreas,classification
325,8.22503498521986e-06,1.0,1.0,1.0,1.0,1.0,1.0,1.0,1.0,1.0,1.0,3.7954318217585253e-07,1.0,1.0,1.0,1.0,1.0,1.0,1.0,1.0,1.0,1.0,pancreas,classification
326,1.0727073894207189e-06,1.0,1.0,1.0,1.0,1.0,1.0,1.0,1.0,1.0,1.0,3.6180706140178453e-07,1.0,1.0,1.0,1.0,1.0,1.0,1.0,1.0,1.0,1.0,pancreas,classification
327,7.698581396456658e-06,1.0,1.0,1.0,1.0,1.0,1.0,1.0,1.0,1.0,1.0,3.9501358111754764e-07,1.0,1.0,1.0,1.0,1.0,1.0,1.0,1.0,1.0,1.0,pancreas,classification
328,1.8275864099657404e-05,1.0,1.0,1.0,1.0,1.0,1.0,1.0,1.0,1.0,1.0,3.8127850065062707e-07,1.0,1.0,1.0,1.0,1.0,1.0,1.0,1.0,1.0,1.0,pancreas,classification
329,3.870285493948441e-06,1.0,1.0,1.0,1.0,1.0,1.0,1.0,1.0,1.0,1.0,3.616591238204075e-07,1.0,1.0,1.0,1.0,1.0,1.0,1.0,1.0,1.0,1.0,pancreas,classification
330,1.600253119187817e-06,1.0,1.0,1.0,1.0,1.0,1.0,1.0,1.0,1.0,1.0,3.594571079578269e-07,1.0,1.0,1.0,1.0,1.0,1.0,1.0,1.0,1.0,1.0,pancreas,classification
331,1.0719387306194635e-05,1.0,1.0,1.0,1.0,1.0,1.0,1.0,1.0,1.0,1.0,5.909809601689631e-07,1.0,1.0,1.0,1.0,1.0,1.0,1.0,1.0,1.0,1.0,pancreas,classification
332,1.2406039875724094e-05,1.0,1.0,1.0,1.0,1.0,1.0,1.0,1.0,1.0,1.0,3.625699026666883e-07,1.0,1.0,1.0,1.0,1.0,1.0,1.0,1.0,1.0,1.0,pancreas,classification
333,0.0001208416158107184,0.9985795454545454,0.9985821710636867,0.9985795454545454,0.9985780305152022,1.0,0.9939024390243902,0.9969418960244648,0.9981515711645101,1.0,0.9990749306197965,3.8633700424642564e-07,1.0,1.0,1.0,1.0,1.0,1.0,1.0,1.0,1.0,1.0,pancreas,classification
334,0.00022059389031493413,0.9985795454545454,0.9985821710636867,0.9985795454545454,0.9985780305152022,1.0,0.9939024390243902,0.9969418960244648,0.9981515711645101,1.0,0.9990749306197965,3.9095082177647617e-07,1.0,1.0,1.0,1.0,1.0,1.0,1.0,1.0,1.0,1.0,pancreas,classification
335,1.5305929028127966e-05,1.0,1.0,1.0,1.0,1.0,1.0,1.0,1.0,1.0,1.0,3.6733109967909433e-07,1.0,1.0,1.0,1.0,1.0,1.0,1.0,1.0,1.0,1.0,pancreas,classification
336,7.27775491976052e-05,0.9985795454545454,0.9985881542699725,0.9985795454545454,0.9985810459727403,0.9939393939393939,1.0,0.9969604863221885,1.0,0.9981481481481481,0.9990732159406858,3.6678049106988264e-07,1.0,1.0,1.0,1.0,1.0,1.0,1.0,1.0,1.0,1.0,pancreas,classification
337,2.349410003432695e-06,1.0,1.0,1.0,1.0,1.0,1.0,1.0,1.0,1.0,1.0,3.5520387923911173e-07,1.0,1.0,1.0,1.0,1.0,1.0,1.0,1.0,1.0,1.0,pancreas,classification
338,7.209230187237898e-05,0.9985795454545454,0.9985821710636867,0.9985795454545454,0.9985780305152022,1.0,0.9939024390243902,0.9969418960244648,0.9981515711645101,1.0,0.9990749306197965,8.08244428030362e-05,1.0,1.0,1.0,1.0,1.0,1.0,1.0,1.0,1.0,1.0,pancreas,classification
339,3.970724681452835e-05,0.9985795454545454,0.9985821710636867,0.9985795454545454,0.9985780305152022,1.0,0.9939024390243902,0.9969418960244648,0.9981515711645101,1.0,0.9990749306197965,3.815958703770858e-07,1.0,1.0,1.0,1.0,1.0,1.0,1.0,1.0,1.0,1.0,pancreas,classification
340,3.046756793490989e-05,1.0,1.0,1.0,1.0,1.0,1.0,1.0,1.0,1.0,1.0,3.793524285811145e-07,1.0,1.0,1.0,1.0,1.0,1.0,1.0,1.0,1.0,1.0,pancreas,classification
341,2.157040877971316e-05,1.0,1.0,1.0,1.0,1.0,1.0,1.0,1.0,1.0,1.0,4.304639146952964e-07,1.0,1.0,1.0,1.0,1.0,1.0,1.0,1.0,1.0,1.0,pancreas,classification
342,3.974892027000268e-06,1.0,1.0,1.0,1.0,1.0,1.0,1.0,1.0,1.0,1.0,3.8373325268862985e-07,1.0,1.0,1.0,1.0,1.0,1.0,1.0,1.0,1.0,1.0,pancreas,classification
343,2.8095154333259003e-05,1.0,1.0,1.0,1.0,1.0,1.0,1.0,1.0,1.0,1.0,3.6305631438567204e-07,1.0,1.0,1.0,1.0,1.0,1.0,1.0,1.0,1.0,1.0,pancreas,classification
344,3.5237408078294474e-06,1.0,1.0,1.0,1.0,1.0,1.0,1.0,1.0,1.0,1.0,3.84750377820224e-07,1.0,1.0,1.0,1.0,1.0,1.0,1.0,1.0,1.0,1.0,pancreas,classification
345,1.754160479740883e-06,1.0,1.0,1.0,1.0,1.0,1.0,1.0,1.0,1.0,1.0,3.5569086972745107e-07,1.0,1.0,1.0,1.0,1.0,1.0,1.0,1.0,1.0,1.0,pancreas,classification
346,5.273391698262293e-06,1.0,1.0,1.0,1.0,1.0,1.0,1.0,1.0,1.0,1.0,3.9964958049991267e-07,1.0,1.0,1.0,1.0,1.0,1.0,1.0,1.0,1.0,1.0,pancreas,classification
347,8.215647137888027e-05,0.9985795454545454,0.9985821710636867,0.9985795454545454,0.9985780305152022,1.0,0.9939024390243902,0.9969418960244648,0.9981515711645101,1.0,0.9990749306197965,3.727918169715849e-07,1.0,1.0,1.0,1.0,1.0,1.0,1.0,1.0,1.0,1.0,pancreas,classification
348,6.449521476073724e-06,1.0,1.0,1.0,1.0,1.0,1.0,1.0,1.0,1.0,1.0,4.065703235896349e-07,1.0,1.0,1.0,1.0,1.0,1.0,1.0,1.0,1.0,1.0,pancreas,classification
349,2.300214709614259e-06,1.0,1.0,1.0,1.0,1.0,1.0,1.0,1.0,1.0,1.0,3.9014658041609934e-07,1.0,1.0,1.0,1.0,1.0,1.0,1.0,1.0,1.0,1.0,pancreas,classification
350,3.941462020923774e-06,1.0,1.0,1.0,1.0,1.0,1.0,1.0,1.0,1.0,1.0,3.7158518104909244e-07,1.0,1.0,1.0,1.0,1.0,1.0,1.0,1.0,1.0,1.0,pancreas,classification
351,5.470997662500436e-06,1.0,1.0,1.0,1.0,1.0,1.0,1.0,1.0,1.0,1.0,4.176823024822211e-07,1.0,1.0,1.0,1.0,1.0,1.0,1.0,1.0,1.0,1.0,pancreas,classification
352,1.2686113385804923e-05,1.0,1.0,1.0,1.0,1.0,1.0,1.0,1.0,1.0,1.0,3.7040033682635776e-07,1.0,1.0,1.0,1.0,1.0,1.0,1.0,1.0,1.0,1.0,pancreas,classification
353,6.331690644597901e-06,1.0,1.0,1.0,1.0,1.0,1.0,1.0,1.0,1.0,1.0,3.624849295068667e-07,1.0,1.0,1.0,1.0,1.0,1.0,1.0,1.0,1.0,1.0,pancreas,classification
354,2.017078669909593e-06,1.0,1.0,1.0,1.0,1.0,1.0,1.0,1.0,1.0,1.0,4.1148026949403255e-07,1.0,1.0,1.0,1.0,1.0,1.0,1.0,1.0,1.0,1.0,pancreas,classification
355,6.680224877506837e-06,1.0,1.0,1.0,1.0,1.0,1.0,1.0,1.0,1.0,1.0,3.7753185531321587e-07,1.0,1.0,1.0,1.0,1.0,1.0,1.0,1.0,1.0,1.0,pancreas,classification
356,1.2997896103105301e-05,1.0,1.0,1.0,1.0,1.0,1.0,1.0,1.0,1.0,1.0,4.125795437010476e-07,1.0,1.0,1.0,1.0,1.0,1.0,1.0,1.0,1.0,1.0,pancreas,classification
357,0.00019419016504168047,0.9971590909090909,0.9971933187294634,0.9971590909090909,0.9971650643728566,0.9879518072289156,1.0,0.9939393939393939,1.0,0.9962962962962963,0.9981447124304267,3.7990416372353636e-07,1.0,1.0,1.0,1.0,1.0,1.0,1.0,1.0,1.0,1.0,pancreas,classification
358,2.055173394213935e-06,1.0,1.0,1.0,1.0,1.0,1.0,1.0,1.0,1.0,1.0,3.840079252561488e-07,1.0,1.0,1.0,1.0,1.0,1.0,1.0,1.0,1.0,1.0,pancreas,classification
359,3.638822431252141e-05,0.9985795454545454,0.9985821710636867,0.9985795454545454,0.9985780305152022,1.0,0.9939024390243902,0.9969418960244648,0.9981515711645101,1.0,0.9990749306197965,3.9848554096848105e-07,1.0,1.0,1.0,1.0,1.0,1.0,1.0,1.0,1.0,1.0,pancreas,classification
360,3.818354518226773e-06,1.0,1.0,1.0,1.0,1.0,1.0,1.0,1.0,1.0,1.0,3.476260520652762e-07,1.0,1.0,1.0,1.0,1.0,1.0,1.0,1.0,1.0,1.0,pancreas,classification
361,2.8059623027522984e-06,1.0,1.0,1.0,1.0,1.0,1.0,1.0,1.0,1.0,1.0,3.5622020339525823e-07,1.0,1.0,1.0,1.0,1.0,1.0,1.0,1.0,1.0,1.0,pancreas,classification
362,2.5605290080544694e-06,1.0,1.0,1.0,1.0,1.0,1.0,1.0,1.0,1.0,1.0,3.771948771910419e-07,1.0,1.0,1.0,1.0,1.0,1.0,1.0,1.0,1.0,1.0,pancreas,classification
363,7.17587123233443e-06,1.0,1.0,1.0,1.0,1.0,1.0,1.0,1.0,1.0,1.0,3.9668603077106207e-07,1.0,1.0,1.0,1.0,1.0,1.0,1.0,1.0,1.0,1.0,pancreas,classification
364,1.5599756515236798e-06,1.0,1.0,1.0,1.0,1.0,1.0,1.0,1.0,1.0,1.0,3.737232868223311e-07,1.0,1.0,1.0,1.0,1.0,1.0,1.0,1.0,1.0,1.0,pancreas,classification
365,5.3833760599207956e-05,1.0,1.0,1.0,1.0,1.0,1.0,1.0,1.0,1.0,1.0,3.592880349598007e-07,1.0,1.0,1.0,1.0,1.0,1.0,1.0,1.0,1.0,1.0,pancreas,classification
366,5.105925604906051e-06,1.0,1.0,1.0,1.0,1.0,1.0,1.0,1.0,1.0,1.0,4.1133294168751244e-07,1.0,1.0,1.0,1.0,1.0,1.0,1.0,1.0,1.0,1.0,pancreas,classification
367,6.975508896480485e-06,1.0,1.0,1.0,1.0,1.0,1.0,1.0,1.0,1.0,1.0,4.207501030412624e-07,1.0,1.0,1.0,1.0,1.0,1.0,1.0,1.0,1.0,1.0,pancreas,classification
368,4.307454527980264e-05,0.9985795454545454,0.9985821710636867,0.9985795454545454,0.9985780305152022,1.0,0.9939024390243902,0.9969418960244648,0.9981515711645101,1.0,0.9990749306197965,4.1406179269126203e-07,1.0,1.0,1.0,1.0,1.0,1.0,1.0,1.0,1.0,1.0,pancreas,classification
369,1.7850569932420512e-05,1.0,1.0,1.0,1.0,1.0,1.0,1.0,1.0,1.0,1.0,3.847493778928104e-07,1.0,1.0,1.0,1.0,1.0,1.0,1.0,1.0,1.0,1.0,pancreas,classification
370,5.497936869729032e-06,1.0,1.0,1.0,1.0,1.0,1.0,1.0,1.0,1.0,1.0,3.9209257352013083e-07,1.0,1.0,1.0,1.0,1.0,1.0,1.0,1.0,1.0,1.0,pancreas,classification
371,2.3075250626644364e-06,1.0,1.0,1.0,1.0,1.0,1.0,1.0,1.0,1.0,1.0,3.4743709937339934e-07,1.0,1.0,1.0,1.0,1.0,1.0,1.0,1.0,1.0,1.0,pancreas,classification
372,0.0001253462573022158,0.9985795454545454,0.9985881542699725,0.9985795454545454,0.9985810459727403,0.9939393939393939,1.0,0.9969604863221885,1.0,0.9981481481481481,0.9990732159406858,3.4426203528296767e-07,1.0,1.0,1.0,1.0,1.0,1.0,1.0,1.0,1.0,1.0,pancreas,classification
373,2.5553777631289036e-06,1.0,1.0,1.0,1.0,1.0,1.0,1.0,1.0,1.0,1.0,3.81236935192481e-07,1.0,1.0,1.0,1.0,1.0,1.0,1.0,1.0,1.0,1.0,pancreas,classification
374,5.6110781611354554e-05,0.9985795454545454,0.9985821710636867,0.9985795454545454,0.9985780305152022,1.0,0.9939024390243902,0.9969418960244648,0.9981515711645101,1.0,0.9990749306197965,3.701881687654598e-07,1.0,1.0,1.0,1.0,1.0,1.0,1.0,1.0,1.0,1.0,pancreas,classification
375,3.925647947963543e-06,1.0,1.0,1.0,1.0,1.0,1.0,1.0,1.0,1.0,1.0,4.067599661539134e-07,1.0,1.0,1.0,1.0,1.0,1.0,1.0,1.0,1.0,1.0,pancreas,classification
376,9.905340856552026e-06,1.0,1.0,1.0,1.0,1.0,1.0,1.0,1.0,1.0,1.0,4.1048493606219627e-07,1.0,1.0,1.0,1.0,1.0,1.0,1.0,1.0,1.0,1.0,pancreas,classification
377,3.609542826087487e-06,1.0,1.0,1.0,1.0,1.0,1.0,1.0,1.0,1.0,1.0,3.9141624793873314e-07,1.0,1.0,1.0,1.0,1.0,1.0,1.0,1.0,1.0,1.0,pancreas,classification
378,2.5868375123588354e-06,1.0,1.0,1.0,1.0,1.0,1.0,1.0,1.0,1.0,1.0,4.708945198217407e-07,1.0,1.0,1.0,1.0,1.0,1.0,1.0,1.0,1.0,1.0,pancreas,classification
379,4.594990489114149e-06,1.0,1.0,1.0,1.0,1.0,1.0,1.0,1.0,1.0,1.0,3.6786020338943426e-07,1.0,1.0,1.0,1.0,1.0,1.0,1.0,1.0,1.0,1.0,pancreas,classification
380,2.3958447547494703e-06,1.0,1.0,1.0,1.0,1.0,1.0,1.0,1.0,1.0,1.0,3.6832505078233557e-07,1.0,1.0,1.0,1.0,1.0,1.0,1.0,1.0,1.0,1.0,pancreas,classification
381,1.5225810030146518e-06,1.0,1.0,1.0,1.0,1.0,1.0,1.0,1.0,1.0,1.0,3.997545961324663e-07,1.0,1.0,1.0,1.0,1.0,1.0,1.0,1.0,1.0,1.0,pancreas,classification
382,2.7475499099306364e-06,1.0,1.0,1.0,1.0,1.0,1.0,1.0,1.0,1.0,1.0,3.9869695197839145e-07,1.0,1.0,1.0,1.0,1.0,1.0,1.0,1.0,1.0,1.0,pancreas,classification
383,1.2766881145477203e-05,1.0,1.0,1.0,1.0,1.0,1.0,1.0,1.0,1.0,1.0,3.973429210707929e-07,1.0,1.0,1.0,1.0,1.0,1.0,1.0,1.0,1.0,1.0,pancreas,classification
384,3.0599764680904298e-06,1.0,1.0,1.0,1.0,1.0,1.0,1.0,1.0,1.0,1.0,3.750353336975174e-07,1.0,1.0,1.0,1.0,1.0,1.0,1.0,1.0,1.0,1.0,pancreas,classification
385,0.0004202648199793657,0.9971590909090909,0.997169573968467,0.9971590909090909,0.9971530020731681,1.0,0.9878048780487805,0.9938650306748467,0.996309963099631,1.0,0.9981515711645101,3.794372958054737e-07,1.0,1.0,1.0,1.0,1.0,1.0,1.0,1.0,1.0,1.0,pancreas,classification
386,3.478687376782959e-06,1.0,1.0,1.0,1.0,1.0,1.0,1.0,1.0,1.0,1.0,4.138078343823343e-07,1.0,1.0,1.0,1.0,1.0,1.0,1.0,1.0,1.0,1.0,pancreas,classification
387,1.7343300775316741e-06,1.0,1.0,1.0,1.0,1.0,1.0,1.0,1.0,1.0,1.0,4.107830203669106e-07,1.0,1.0,1.0,1.0,1.0,1.0,1.0,1.0,1.0,1.0,pancreas,classification
388,2.3473211350413048e-06,1.0,1.0,1.0,1.0,1.0,1.0,1.0,1.0,1.0,1.0,3.9624216893488745e-07,1.0,1.0,1.0,1.0,1.0,1.0,1.0,1.0,1.0,1.0,pancreas,classification
389,4.743663667609739e-06,1.0,1.0,1.0,1.0,1.0,1.0,1.0,1.0,1.0,1.0,4.362422910989236e-07,1.0,1.0,1.0,1.0,1.0,1.0,1.0,1.0,1.0,1.0,pancreas,classification
390,1.75371959075092e-05,1.0,1.0,1.0,1.0,1.0,1.0,1.0,1.0,1.0,1.0,4.1418923822013975e-07,1.0,1.0,1.0,1.0,1.0,1.0,1.0,1.0,1.0,1.0,pancreas,classification
391,1.337498510426113e-05,1.0,1.0,1.0,1.0,1.0,1.0,1.0,1.0,1.0,1.0,4.07755108385159e-07,1.0,1.0,1.0,1.0,1.0,1.0,1.0,1.0,1.0,1.0,pancreas,classification
392,3.1054695468087217e-06,1.0,1.0,1.0,1.0,1.0,1.0,1.0,1.0,1.0,1.0,3.917763432458411e-07,1.0,1.0,1.0,1.0,1.0,1.0,1.0,1.0,1.0,1.0,pancreas,classification
393,4.323008931030679e-06,1.0,1.0,1.0,1.0,1.0,1.0,1.0,1.0,1.0,1.0,3.96770934168506e-07,1.0,1.0,1.0,1.0,1.0,1.0,1.0,1.0,1.0,1.0,pancreas,classification
394,3.583736274363632e-06,1.0,1.0,1.0,1.0,1.0,1.0,1.0,1.0,1.0,1.0,3.8817835378391796e-07,1.0,1.0,1.0,1.0,1.0,1.0,1.0,1.0,1.0,1.0,pancreas,classification
395,0.00013931038874530216,0.9985795454545454,0.9985881542699725,0.9985795454545454,0.9985810459727403,0.9939393939393939,1.0,0.9969604863221885,1.0,0.9981481481481481,0.9990732159406858,3.94569796795126e-07,1.0,1.0,1.0,1.0,1.0,1.0,1.0,1.0,1.0,1.0,pancreas,classification
396,1.085030469673918e-06,1.0,1.0,1.0,1.0,1.0,1.0,1.0,1.0,1.0,1.0,3.8693092237322574e-07,1.0,1.0,1.0,1.0,1.0,1.0,1.0,1.0,1.0,1.0,pancreas,classification
397,6.21295552928235e-06,1.0,1.0,1.0,1.0,1.0,1.0,1.0,1.0,1.0,1.0,0.0004130015042691908,0.9886363636363636,0.9888034759358288,0.9886363636363636,0.9885398702471874,1.0,0.9523809523809523,0.975609756097561,0.9852941176470589,1.0,0.9925925925925926,pancreas,classification
398,1.41818796945162e-05,1.0,1.0,1.0,1.0,1.0,1.0,1.0,1.0,1.0,1.0,3.8506821004540887e-07,1.0,1.0,1.0,1.0,1.0,1.0,1.0,1.0,1.0,1.0,pancreas,classification
399,9.47969197798412e-06,1.0,1.0,1.0,1.0,1.0,1.0,1.0,1.0,1.0,1.0,4.259783746750724e-07,1.0,1.0,1.0,1.0,1.0,1.0,1.0,1.0,1.0,1.0,pancreas,classification
400,1.8304583358547626e-06,1.0,1.0,1.0,1.0,1.0,1.0,1.0,1.0,1.0,1.0,4.240103159893558e-07,1.0,1.0,1.0,1.0,1.0,1.0,1.0,1.0,1.0,1.0,pancreas,classification
401,3.106796974996293e-06,1.0,1.0,1.0,1.0,1.0,1.0,1.0,1.0,1.0,1.0,3.854266129689098e-07,1.0,1.0,1.0,1.0,1.0,1.0,1.0,1.0,1.0,1.0,pancreas,classification
402,7.500758307153112e-06,1.0,1.0,1.0,1.0,1.0,1.0,1.0,1.0,1.0,1.0,3.639650365337068e-07,1.0,1.0,1.0,1.0,1.0,1.0,1.0,1.0,1.0,1.0,pancreas,classification
403,0.0003078306061203245,0.9985795454545454,0.9985821710636867,0.9985795454545454,0.9985780305152022,1.0,0.9939024390243902,0.9969418960244648,0.9981515711645101,1.0,0.9990749306197965,3.997765635300642e-07,1.0,1.0,1.0,1.0,1.0,1.0,1.0,1.0,1.0,1.0,pancreas,classification
404,7.4248604717426625e-06,1.0,1.0,1.0,1.0,1.0,1.0,1.0,1.0,1.0,1.0,3.7342608617440087e-07,1.0,1.0,1.0,1.0,1.0,1.0,1.0,1.0,1.0,1.0,pancreas,classification
405,2.4379675057740644e-06,1.0,1.0,1.0,1.0,1.0,1.0,1.0,1.0,1.0,1.0,3.745048218206648e-07,1.0,1.0,1.0,1.0,1.0,1.0,1.0,1.0,1.0,1.0,pancreas,classification
406,1.4510950308022075e-06,1.0,1.0,1.0,1.0,1.0,1.0,1.0,1.0,1.0,1.0,3.7888727630078473e-07,1.0,1.0,1.0,1.0,1.0,1.0,1.0,1.0,1.0,1.0,pancreas,classification
407,3.8749886018959757e-05,0.9985795454545454,0.9985881542699725,0.9985795454545454,0.9985810459727403,0.9939393939393939,1.0,0.9969604863221885,1.0,0.9981481481481481,0.9990732159406858,3.7854944035974436e-07,1.0,1.0,1.0,1.0,1.0,1.0,1.0,1.0,1.0,1.0,pancreas,classification
408,5.331920740238936e-06,1.0,1.0,1.0,1.0,1.0,1.0,1.0,1.0,1.0,1.0,4.1450595941486507e-07,1.0,1.0,1.0,1.0,1.0,1.0,1.0,1.0,1.0,1.0,pancreas,classification
409,3.175750248632622e-06,1.0,1.0,1.0,1.0,1.0,1.0,1.0,1.0,1.0,1.0,0.0008210362898146493,0.9715909090909091,0.9726128188358405,0.9715909090909091,0.9709520437368538,1.0,0.8809523809523809,0.9367088607594937,0.9640287769784173,1.0,0.9816849816849816,pancreas,classification
410,0.00013250253761689444,0.9985795454545454,0.9985821710636867,0.9985795454545454,0.9985780305152022,1.0,0.9939024390243902,0.9969418960244648,0.9981515711645101,1.0,0.9990749306197965,4.03162289330794e-07,1.0,1.0,1.0,1.0,1.0,1.0,1.0,1.0,1.0,1.0,pancreas,classification
411,9.18407575638143e-06,1.0,1.0,1.0,1.0,1.0,1.0,1.0,1.0,1.0,1.0,3.890673305952739e-07,1.0,1.0,1.0,1.0,1.0,1.0,1.0,1.0,1.0,1.0,pancreas,classification
412,0.00010143755577535723,0.9985795454545454,0.9985821710636867,0.9985795454545454,0.9985780305152022,1.0,0.9939024390243902,0.9969418960244648,0.9981515711645101,1.0,0.9990749306197965,3.601361904450393e-07,1.0,1.0,1.0,1.0,1.0,1.0,1.0,1.0,1.0,1.0,pancreas,classification
413,3.3379459086869576e-06,1.0,1.0,1.0,1.0,1.0,1.0,1.0,1.0,1.0,1.0,4.168559438643239e-07,1.0,1.0,1.0,1.0,1.0,1.0,1.0,1.0,1.0,1.0,pancreas,classification
414,9.591147579096122e-06,1.0,1.0,1.0,1.0,1.0,1.0,1.0,1.0,1.0,1.0,3.883267616153965e-07,1.0,1.0,1.0,1.0,1.0,1.0,1.0,1.0,1.0,1.0,pancreas,classification
415,9.93987039573147e-05,0.9985795454545454,0.9985821710636867,0.9985795454545454,0.9985780305152022,1.0,0.9939024390243902,0.9969418960244648,0.9981515711645101,1.0,0.9990749306197965,3.788231000808909e-07,1.0,1.0,1.0,1.0,1.0,1.0,1.0,1.0,1.0,1.0,pancreas,classification
416,2.4221709121651327e-06,1.0,1.0,1.0,1.0,1.0,1.0,1.0,1.0,1.0,1.0,3.9878184762446006e-07,1.0,1.0,1.0,1.0,1.0,1.0,1.0,1.0,1.0,1.0,pancreas,classification
417,4.015928049418769e-06,1.0,1.0,1.0,1.0,1.0,1.0,1.0,1.0,1.0,1.0,3.688129817708779e-07,1.0,1.0,1.0,1.0,1.0,1.0,1.0,1.0,1.0,1.0,pancreas,classification
418,2.8673171312024435e-06,1.0,1.0,1.0,1.0,1.0,1.0,1.0,1.0,1.0,1.0,3.734893477320094e-07,1.0,1.0,1.0,1.0,1.0,1.0,1.0,1.0,1.0,1.0,pancreas,classification
419,2.1243802088768215e-06,1.0,1.0,1.0,1.0,1.0,1.0,1.0,1.0,1.0,1.0,3.875435058117463e-07,1.0,1.0,1.0,1.0,1.0,1.0,1.0,1.0,1.0,1.0,pancreas,classification
420,2.6570616297889997e-06,1.0,1.0,1.0,1.0,1.0,1.0,1.0,1.0,1.0,1.0,3.807069116522722e-07,1.0,1.0,1.0,1.0,1.0,1.0,1.0,1.0,1.0,1.0,pancreas,classification
421,2.258939608943613e-06,1.0,1.0,1.0,1.0,1.0,1.0,1.0,1.0,1.0,1.0,3.9302497870349645e-07,1.0,1.0,1.0,1.0,1.0,1.0,1.0,1.0,1.0,1.0,pancreas,classification
422,2.7646163893926068e-06,1.0,1.0,1.0,1.0,1.0,1.0,1.0,1.0,1.0,1.0,3.7833783814924327e-07,1.0,1.0,1.0,1.0,1.0,1.0,1.0,1.0,1.0,1.0,pancreas,classification
423,3.5032460920867625e-06,1.0,1.0,1.0,1.0,1.0,1.0,1.0,1.0,1.0,1.0,3.943379764140528e-07,1.0,1.0,1.0,1.0,1.0,1.0,1.0,1.0,1.0,1.0,pancreas,classification
424,4.140335725175894e-06,1.0,1.0,1.0,1.0,1.0,1.0,1.0,1.0,1.0,1.0,3.8396638305212866e-07,1.0,1.0,1.0,1.0,1.0,1.0,1.0,1.0,1.0,1.0,pancreas,classification
425,5.872826693446727e-05,0.9985795454545454,0.9985881542699725,0.9985795454545454,0.9985810459727403,0.9939393939393939,1.0,0.9969604863221885,1.0,0.9981481481481481,0.9990732159406858,4.014481217754193e-07,1.0,1.0,1.0,1.0,1.0,1.0,1.0,1.0,1.0,1.0,pancreas,classification
426,7.624055453706288e-06,1.0,1.0,1.0,1.0,1.0,1.0,1.0,1.0,1.0,1.0,3.6987081970933516e-07,1.0,1.0,1.0,1.0,1.0,1.0,1.0,1.0,1.0,1.0,pancreas,classification
427,3.013335676820878e-06,1.0,1.0,1.0,1.0,1.0,1.0,1.0,1.0,1.0,1.0,3.951417035998681e-07,1.0,1.0,1.0,1.0,1.0,1.0,1.0,1.0,1.0,1.0,pancreas,classification
428,2.800230646471391e-06,1.0,1.0,1.0,1.0,1.0,1.0,1.0,1.0,1.0,1.0,3.9393424344780215e-07,1.0,1.0,1.0,1.0,1.0,1.0,1.0,1.0,1.0,1.0,pancreas,classification
429,1.7860253791468494e-06,1.0,1.0,1.0,1.0,1.0,1.0,1.0,1.0,1.0,1.0,3.9285534502265695e-07,1.0,1.0,1.0,1.0,1.0,1.0,1.0,1.0,1.0,1.0,pancreas,classification
430,5.350426092640894e-06,1.0,1.0,1.0,1.0,1.0,1.0,1.0,1.0,1.0,1.0,4.257877993619662e-07,1.0,1.0,1.0,1.0,1.0,1.0,1.0,1.0,1.0,1.0,pancreas,classification
431,1.4885620939511766e-06,1.0,1.0,1.0,1.0,1.0,1.0,1.0,1.0,1.0,1.0,3.8189245866636734e-07,1.0,1.0,1.0,1.0,1.0,1.0,1.0,1.0,1.0,1.0,pancreas,classification
432,5.386110176046217e-06,1.0,1.0,1.0,1.0,1.0,1.0,1.0,1.0,1.0,1.0,3.669596028998967e-05,1.0,1.0,1.0,1.0,1.0,1.0,1.0,1.0,1.0,1.0,pancreas,classification
433,4.224740822874909e-06,1.0,1.0,1.0,1.0,1.0,1.0,1.0,1.0,1.0,1.0,3.618073611216294e-07,1.0,1.0,1.0,1.0,1.0,1.0,1.0,1.0,1.0,1.0,pancreas,classification
434,4.270927877056155e-06,1.0,1.0,1.0,1.0,1.0,1.0,1.0,1.0,1.0,1.0,3.9497064624976536e-07,1.0,1.0,1.0,1.0,1.0,1.0,1.0,1.0,1.0,1.0,pancreas,classification
435,0.00022331573285198786,0.9985795454545454,0.9985881542699725,0.9985795454545454,0.9985810459727403,0.9939393939393939,1.0,0.9969604863221885,1.0,0.9981481481481481,0.9990732159406858,3.551827644927967e-07,1.0,1.0,1.0,1.0,1.0,1.0,1.0,1.0,1.0,1.0,pancreas,classification
436,5.121294829667601e-06,1.0,1.0,1.0,1.0,1.0,1.0,1.0,1.0,1.0,1.0,3.765807150557521e-07,1.0,1.0,1.0,1.0,1.0,1.0,1.0,1.0,1.0,1.0,pancreas,classification
437,4.606012499731481e-06,1.0,1.0,1.0,1.0,1.0,1.0,1.0,1.0,1.0,1.0,3.7641057495172636e-07,1.0,1.0,1.0,1.0,1.0,1.0,1.0,1.0,1.0,1.0,pancreas,classification
438,3.1835975717471725e-06,1.0,1.0,1.0,1.0,1.0,1.0,1.0,1.0,1.0,1.0,3.5757406118880847e-07,1.0,1.0,1.0,1.0,1.0,1.0,1.0,1.0,1.0,1.0,pancreas,classification
439,1.7100011707394845e-05,1.0,1.0,1.0,1.0,1.0,1.0,1.0,1.0,1.0,1.0,3.897650086318291e-07,1.0,1.0,1.0,1.0,1.0,1.0,1.0,1.0,1.0,1.0,pancreas,classification
440,0.0003034278014914869,0.9985795454545454,0.9985821710636867,0.9985795454545454,0.9985780305152022,1.0,0.9939024390243902,0.9969418960244648,0.9981515711645101,1.0,0.9990749306197965,3.8737415634800115e-07,1.0,1.0,1.0,1.0,1.0,1.0,1.0,1.0,1.0,1.0,pancreas,classification
441,6.342556331291731e-06,1.0,1.0,1.0,1.0,1.0,1.0,1.0,1.0,1.0,1.0,3.7194539262682985e-07,1.0,1.0,1.0,1.0,1.0,1.0,1.0,1.0,1.0,1.0,pancreas,classification
442,2.380716623597643e-06,1.0,1.0,1.0,1.0,1.0,1.0,1.0,1.0,1.0,1.0,3.7704612829905026e-07,1.0,1.0,1.0,1.0,1.0,1.0,1.0,1.0,1.0,1.0,pancreas,classification
443,4.1615362869668555e-06,1.0,1.0,1.0,1.0,1.0,1.0,1.0,1.0,1.0,1.0,3.9107847142490343e-07,1.0,1.0,1.0,1.0,1.0,1.0,1.0,1.0,1.0,1.0,pancreas,classification
444,5.031149556926224e-06,1.0,1.0,1.0,1.0,1.0,1.0,1.0,1.0,1.0,1.0,4.0591306380768155e-07,1.0,1.0,1.0,1.0,1.0,1.0,1.0,1.0,1.0,1.0,pancreas,classification
445,1.549729083969644e-05,1.0,1.0,1.0,1.0,1.0,1.0,1.0,1.0,1.0,1.0,3.9751088045456773e-07,1.0,1.0,1.0,1.0,1.0,1.0,1.0,1.0,1.0,1.0,pancreas,classification
446,0.0002760363170033677,0.9971590909090909,0.9971590909090909,0.9971590909090909,0.9971590909090909,0.9939024390243902,0.9939024390243902,0.9939024390243902,0.9981481481481481,0.9981481481481481,0.9981481481481481,3.841152998905851e-07,1.0,1.0,1.0,1.0,1.0,1.0,1.0,1.0,1.0,1.0,pancreas,classification
447,5.012940062246426e-06,1.0,1.0,1.0,1.0,1.0,1.0,1.0,1.0,1.0,1.0,4.4967877825415187e-07,1.0,1.0,1.0,1.0,1.0,1.0,1.0,1.0,1.0,1.0,pancreas,classification
448,2.2646268705143897e-06,1.0,1.0,1.0,1.0,1.0,1.0,1.0,1.0,1.0,1.0,3.86951161214132e-07,1.0,1.0,1.0,1.0,1.0,1.0,1.0,1.0,1.0,1.0,pancreas,classification
449,2.725543681624355e-05,1.0,1.0,1.0,1.0,1.0,1.0,1.0,1.0,1.0,1.0,3.855964223475894e-07,1.0,1.0,1.0,1.0,1.0,1.0,1.0,1.0,1.0,1.0,pancreas,classification
450,1.281910490356288e-05,1.0,1.0,1.0,1.0,1.0,1.0,1.0,1.0,1.0,1.0,4.011310517688054e-07,1.0,1.0,1.0,1.0,1.0,1.0,1.0,1.0,1.0,1.0,pancreas,classification
451,1.1672137158701513e-05,1.0,1.0,1.0,1.0,1.0,1.0,1.0,1.0,1.0,1.0,3.5302340703227936e-07,1.0,1.0,1.0,1.0,1.0,1.0,1.0,1.0,1.0,1.0,pancreas,classification
452,7.80045426942231e-06,1.0,1.0,1.0,1.0,1.0,1.0,1.0,1.0,1.0,1.0,3.546962184166411e-07,1.0,1.0,1.0,1.0,1.0,1.0,1.0,1.0,1.0,1.0,pancreas,classification
453,5.0113650861372996e-06,1.0,1.0,1.0,1.0,1.0,1.0,1.0,1.0,1.0,1.0,3.906548019213832e-07,1.0,1.0,1.0,1.0,1.0,1.0,1.0,1.0,1.0,1.0,pancreas,classification
454,1.0286611790568465e-05,1.0,1.0,1.0,1.0,1.0,1.0,1.0,1.0,1.0,1.0,4.1397769026926573e-07,1.0,1.0,1.0,1.0,1.0,1.0,1.0,1.0,1.0,1.0,pancreas,classification
455,1.485178222021039e-06,1.0,1.0,1.0,1.0,1.0,1.0,1.0,1.0,1.0,1.0,4.0464334719300415e-07,1.0,1.0,1.0,1.0,1.0,1.0,1.0,1.0,1.0,1.0,pancreas,classification
456,5.254584519579194e-06,1.0,1.0,1.0,1.0,1.0,1.0,1.0,1.0,1.0,1.0,3.788668152537866e-07,1.0,1.0,1.0,1.0,1.0,1.0,1.0,1.0,1.0,1.0,pancreas,classification
457,4.552710973758746e-05,1.0,1.0,1.0,1.0,1.0,1.0,1.0,1.0,1.0,1.0,3.673526924268861e-07,1.0,1.0,1.0,1.0,1.0,1.0,1.0,1.0,1.0,1.0,pancreas,classification
458,6.760564656619036e-06,1.0,1.0,1.0,1.0,1.0,1.0,1.0,1.0,1.0,1.0,6.662346653353201e-07,1.0,1.0,1.0,1.0,1.0,1.0,1.0,1.0,1.0,1.0,pancreas,classification
459,4.354831469816583e-06,1.0,1.0,1.0,1.0,1.0,1.0,1.0,1.0,1.0,1.0,0.00018002916213659276,1.0,1.0,1.0,1.0,1.0,1.0,1.0,1.0,1.0,1.0,pancreas,classification
460,4.497778264904313e-06,1.0,1.0,1.0,1.0,1.0,1.0,1.0,1.0,1.0,1.0,3.685591604029138e-07,1.0,1.0,1.0,1.0,1.0,1.0,1.0,1.0,1.0,1.0,pancreas,classification
461,3.345840432444902e-05,1.0,1.0,1.0,1.0,1.0,1.0,1.0,1.0,1.0,1.0,3.751416179718283e-07,1.0,1.0,1.0,1.0,1.0,1.0,1.0,1.0,1.0,1.0,pancreas,classification
462,0.0002726894018995164,0.9971590909090909,0.997169573968467,0.9971590909090909,0.9971530020731681,1.0,0.9878048780487805,0.9938650306748467,0.996309963099631,1.0,0.9981515711645101,4.1918404359752126e-07,1.0,1.0,1.0,1.0,1.0,1.0,1.0,1.0,1.0,1.0,pancreas,classification
463,2.77754287610192e-06,1.0,1.0,1.0,1.0,1.0,1.0,1.0,1.0,1.0,1.0,4.1452768910362053e-07,1.0,1.0,1.0,1.0,1.0,1.0,1.0,1.0,1.0,1.0,pancreas,classification
464,6.5721892832987745e-06,1.0,1.0,1.0,1.0,1.0,1.0,1.0,1.0,1.0,1.0,3.807703618266797e-07,1.0,1.0,1.0,1.0,1.0,1.0,1.0,1.0,1.0,1.0,pancreas,classification
465,5.0389607346026175e-05,1.0,1.0,1.0,1.0,1.0,1.0,1.0,1.0,1.0,1.0,3.960722897938302e-07,1.0,1.0,1.0,1.0,1.0,1.0,1.0,1.0,1.0,1.0,pancreas,classification
466,5.7794742502892404e-06,1.0,1.0,1.0,1.0,1.0,1.0,1.0,1.0,1.0,1.0,4.04918208377322e-07,1.0,1.0,1.0,1.0,1.0,1.0,1.0,1.0,1.0,1.0,pancreas,classification
467,5.684274601559412e-06,1.0,1.0,1.0,1.0,1.0,1.0,1.0,1.0,1.0,1.0,3.94568889884216e-07,1.0,1.0,1.0,1.0,1.0,1.0,1.0,1.0,1.0,1.0,pancreas,classification
468,7.187668244574235e-05,0.9985795454545454,0.9985821710636867,0.9985795454545454,0.9985780305152022,1.0,0.9939024390243902,0.9969418960244648,0.9981515711645101,1.0,0.9990749306197965,4.1044234742251073e-07,1.0,1.0,1.0,1.0,1.0,1.0,1.0,1.0,1.0,1.0,pancreas,classification
469,2.086007238620947e-06,1.0,1.0,1.0,1.0,1.0,1.0,1.0,1.0,1.0,1.0,3.97024734866136e-07,1.0,1.0,1.0,1.0,1.0,1.0,1.0,1.0,1.0,1.0,pancreas,classification
470,1.730676438750255e-05,1.0,1.0,1.0,1.0,1.0,1.0,1.0,1.0,1.0,1.0,3.6815504503548174e-07,1.0,1.0,1.0,1.0,1.0,1.0,1.0,1.0,1.0,1.0,pancreas,classification
471,1.7549591265461375e-06,1.0,1.0,1.0,1.0,1.0,1.0,1.0,1.0,1.0,1.0,3.8726794958744326e-07,1.0,1.0,1.0,1.0,1.0,1.0,1.0,1.0,1.0,1.0,pancreas,classification
472,7.584542198008586e-06,1.0,1.0,1.0,1.0,1.0,1.0,1.0,1.0,1.0,1.0,3.573843927866123e-07,1.0,1.0,1.0,1.0,1.0,1.0,1.0,1.0,1.0,1.0,pancreas,classification
473,0.00023773512144228707,0.9985795454545454,0.9985821710636867,0.9985795454545454,0.9985780305152022,1.0,0.9939024390243902,0.9969418960244648,0.9981515711645101,1.0,0.9990749306197965,3.5626243547168007e-07,1.0,1.0,1.0,1.0,1.0,1.0,1.0,1.0,1.0,1.0,pancreas,classification
474,5.086270674455178e-06,1.0,1.0,1.0,1.0,1.0,1.0,1.0,1.0,1.0,1.0,1.4103766364893422e-06,1.0,1.0,1.0,1.0,1.0,1.0,1.0,1.0,1.0,1.0,pancreas,classification
475,2.0343027735882724e-06,1.0,1.0,1.0,1.0,1.0,1.0,1.0,1.0,1.0,1.0,3.896387697337063e-07,1.0,1.0,1.0,1.0,1.0,1.0,1.0,1.0,1.0,1.0,pancreas,classification
476,5.10297283152671e-06,1.0,1.0,1.0,1.0,1.0,1.0,1.0,1.0,1.0,1.0,3.8913081694276613e-07,1.0,1.0,1.0,1.0,1.0,1.0,1.0,1.0,1.0,1.0,pancreas,classification
477,2.5006251201437575e-06,1.0,1.0,1.0,1.0,1.0,1.0,1.0,1.0,1.0,1.0,4.094058929447122e-07,1.0,1.0,1.0,1.0,1.0,1.0,1.0,1.0,1.0,1.0,pancreas,classification
478,1.8678512248015977e-05,1.0,1.0,1.0,1.0,1.0,1.0,1.0,1.0,1.0,1.0,3.8760690172652673e-07,1.0,1.0,1.0,1.0,1.0,1.0,1.0,1.0,1.0,1.0,pancreas,classification
479,6.810882528508376e-06,1.0,1.0,1.0,1.0,1.0,1.0,1.0,1.0,1.0,1.0,3.746332595255808e-07,1.0,1.0,1.0,1.0,1.0,1.0,1.0,1.0,1.0,1.0,pancreas,classification
480,1.8773455162152624e-06,1.0,1.0,1.0,1.0,1.0,1.0,1.0,1.0,1.0,1.0,4.095121875541901e-07,1.0,1.0,1.0,1.0,1.0,1.0,1.0,1.0,1.0,1.0,pancreas,classification
481,6.994960309405294e-06,1.0,1.0,1.0,1.0,1.0,1.0,1.0,1.0,1.0,1.0,4.135976300031788e-07,1.0,1.0,1.0,1.0,1.0,1.0,1.0,1.0,1.0,1.0,pancreas,classification
482,1.6144241047041676e-06,1.0,1.0,1.0,1.0,1.0,1.0,1.0,1.0,1.0,1.0,3.859353331460046e-07,1.0,1.0,1.0,1.0,1.0,1.0,1.0,1.0,1.0,1.0,pancreas,classification
483,2.915255351545263e-06,1.0,1.0,1.0,1.0,1.0,1.0,1.0,1.0,1.0,1.0,4.150772900340433e-07,1.0,1.0,1.0,1.0,1.0,1.0,1.0,1.0,1.0,1.0,pancreas,classification
484,0.00018893520964204734,0.9985795454545454,0.9985821710636867,0.9985795454545454,0.9985780305152022,1.0,0.9939024390243902,0.9969418960244648,0.9981515711645101,1.0,0.9990749306197965,3.708021086946577e-07,1.0,1.0,1.0,1.0,1.0,1.0,1.0,1.0,1.0,1.0,pancreas,classification
485,3.9209583516966715e-06,1.0,1.0,1.0,1.0,1.0,1.0,1.0,1.0,1.0,1.0,3.891516603909457e-07,1.0,1.0,1.0,1.0,1.0,1.0,1.0,1.0,1.0,1.0,pancreas,classification
486,4.353682801262369e-06,1.0,1.0,1.0,1.0,1.0,1.0,1.0,1.0,1.0,1.0,3.4903349403107725e-05,1.0,1.0,1.0,1.0,1.0,1.0,1.0,1.0,1.0,1.0,pancreas,classification
487,3.1803063042058386e-06,1.0,1.0,1.0,1.0,1.0,1.0,1.0,1.0,1.0,1.0,3.9304624589352566e-07,1.0,1.0,1.0,1.0,1.0,1.0,1.0,1.0,1.0,1.0,pancreas,classification
488,9.642650754606372e-05,0.9985795454545454,0.9985821710636867,0.9985795454545454,0.9985780305152022,1.0,0.9939024390243902,0.9969418960244648,0.9981515711645101,1.0,0.9990749306197965,4.0221104830545135e-07,1.0,1.0,1.0,1.0,1.0,1.0,1.0,1.0,1.0,1.0,pancreas,classification
489,3.871587723706811e-06,1.0,1.0,1.0,1.0,1.0,1.0,1.0,1.0,1.0,1.0,4.2015743546967727e-07,1.0,1.0,1.0,1.0,1.0,1.0,1.0,1.0,1.0,1.0,pancreas,classification
490,4.88878637580373e-06,1.0,1.0,1.0,1.0,1.0,1.0,1.0,1.0,1.0,1.0,4.014677870145533e-07,1.0,1.0,1.0,1.0,1.0,1.0,1.0,1.0,1.0,1.0,pancreas,classification
491,0.00013281101322284238,0.9985795454545454,0.9985821710636867,0.9985795454545454,0.9985780305152022,1.0,0.9939024390243902,0.9969418960244648,0.9981515711645101,1.0,0.9990749306197965,3.7950016462673375e-07,1.0,1.0,1.0,1.0,1.0,1.0,1.0,1.0,1.0,1.0,pancreas,classification
492,3.7422838594445485e-06,1.0,1.0,1.0,1.0,1.0,1.0,1.0,1.0,1.0,1.0,4.1882354780268954e-07,1.0,1.0,1.0,1.0,1.0,1.0,1.0,1.0,1.0,1.0,pancreas,classification
493,1.62650243670338e-05,1.0,1.0,1.0,1.0,1.0,1.0,1.0,1.0,1.0,1.0,3.9372372901363467e-07,1.0,1.0,1.0,1.0,1.0,1.0,1.0,1.0,1.0,1.0,pancreas,classification
494,3.1968297714063905e-06,1.0,1.0,1.0,1.0,1.0,1.0,1.0,1.0,1.0,1.0,4.1854954185344634e-07,1.0,1.0,1.0,1.0,1.0,1.0,1.0,1.0,1.0,1.0,pancreas,classification
495,1.678582891496593e-05,1.0,1.0,1.0,1.0,1.0,1.0,1.0,1.0,1.0,1.0,3.850669982470704e-07,1.0,1.0,1.0,1.0,1.0,1.0,1.0,1.0,1.0,1.0,pancreas,classification
496,1.1803973917908066e-06,1.0,1.0,1.0,1.0,1.0,1.0,1.0,1.0,1.0,1.0,3.695962582448622e-07,1.0,1.0,1.0,1.0,1.0,1.0,1.0,1.0,1.0,1.0,pancreas,classification
497,4.21924140296555e-06,1.0,1.0,1.0,1.0,1.0,1.0,1.0,1.0,1.0,1.0,3.5734122020998754e-07,1.0,1.0,1.0,1.0,1.0,1.0,1.0,1.0,1.0,1.0,pancreas,classification
498,3.950977040806885e-06,1.0,1.0,1.0,1.0,1.0,1.0,1.0,1.0,1.0,1.0,3.783163513369139e-07,1.0,1.0,1.0,1.0,1.0,1.0,1.0,1.0,1.0,1.0,pancreas,classification
499,1.4623459970214918e-06,1.0,1.0,1.0,1.0,1.0,1.0,1.0,1.0,1.0,1.0,3.8822041274629143e-07,1.0,1.0,1.0,1.0,1.0,1.0,1.0,1.0,1.0,1.0,pancreas,classification
500,5.1076560738620586e-05,0.9985795454545454,0.9985881542699725,0.9985795454545454,0.9985810459727403,0.9939393939393939,1.0,0.9969604863221885,1.0,0.9981481481481481,0.9990732159406858,3.890251243567697e-07,1.0,1.0,1.0,1.0,1.0,1.0,1.0,1.0,1.0,1.0,pancreas,classification
