epoch,train_loss,val_loss,train_accuracy,val_accuracy,train_dice,val_dice,train_iou,val_iou,dataset,task
1,0.023329807994347675,0.024029181530727212,0.0652633397945529,0.4167774909704774,0.06329077245307291,0.3006099446784045,0.0331885073319579,0.21096097488210253,brain_stroke_bleeding,segmentation
2,0.02090577507199208,0.021529141083434598,0.5652953179116813,0.85888671875,0.3695897390711603,0.4626393129599979,0.286389347759244,0.42973714892086523,brain_stroke_bleeding,segmentation
3,0.019358308849767112,0.020571088671085223,0.8734961060492759,0.8981651421168342,0.4804450297447967,0.4901945324453498,0.4438704111798921,0.45767401405410435,brain_stroke_bleeding,segmentation
4,0.017900408740608158,0.01944006477768098,0.907805243427267,0.9239643039415829,0.5023512997379364,0.5280273620461011,0.4674356663707268,0.4869671823406496,brain_stroke_bleeding,segmentation
5,0.01627438209519278,0.017543617954206225,0.9337868486303527,0.9454081933103015,0.5306241659822172,0.5450449731265187,0.49188046201618835,0.5040262361579844,brain_stroke_bleeding,segmentation
6,0.014685679255264532,0.016671260247877493,0.9710681060099181,0.9477158742933417,0.5721882111537357,0.5556883999091806,0.5287056075758878,0.5109018463046605,brain_stroke_bleeding,segmentation
7,0.013392502137035207,0.015402372458472324,0.9870903726188602,0.9757515605370602,0.6003695200078301,0.5972906721384368,0.551335552169007,0.5455287592682448,brain_stroke_bleeding,segmentation
8,0.012339992547215382,0.014485123469002882,0.9906583925338476,0.9918329440169598,0.6251602236763069,0.6635239113545268,0.5683944234750349,0.5951255380424673,brain_stroke_bleeding,segmentation
9,0.011535334497014582,0.013610521602870232,0.990361057540932,0.9905852504711056,0.55410720289531,0.5259108806817915,0.5251361818397831,0.5098408917100048,brain_stroke_bleeding,segmentation
10,0.010897775853911334,0.012612297307306798,0.990053575645466,0.9903570587311558,0.5105373025383295,0.49757758508035904,0.5016305610989193,0.49517852936551715,brain_stroke_bleeding,segmentation
11,0.01034325432567212,0.012355623832300081,0.9899877745198362,0.9903570587311558,0.49892355893161655,0.49757758508035904,0.49571447485277775,0.49517852936551715,brain_stroke_bleeding,segmentation
12,0.0099232762076092,0.01156599887052373,0.9900575729101071,0.9912612378297738,0.5131691665632638,0.6086955775058914,0.5029864749299565,0.5579869308489174,brain_stroke_bleeding,segmentation
13,0.009546808166527929,0.009861855500906557,0.9915986721701826,0.9927714745603015,0.727331695525441,0.8142338793542397,0.6446701796618571,0.7274202996118829,brain_stroke_bleeding,segmentation
14,0.00916436322089707,0.009599582933301303,0.9914713746654596,0.9927825160961056,0.7801616538626314,0.8179273686249233,0.6923963549985466,0.7313918790702723,brain_stroke_bleeding,segmentation
15,0.008819477271373086,0.009501449876095183,0.9913154813444585,0.9931162158448492,0.7882187293759477,0.8224237492181747,0.7002662757016952,0.7363580709023441,brain_stroke_bleeding,segmentation
16,0.008522686489883538,0.009265172271872285,0.9912589046756927,0.9925027971890703,0.7931494848089864,0.8220264692147842,0.7051822404064876,0.7357838410892923,brain_stroke_bleeding,segmentation
17,0.00801912824663167,0.008462560086993117,0.9914015762751889,0.9920304648241206,0.798312141425676,0.8122161694872942,0.7104538882013076,0.7250957815015326,brain_stroke_bleeding,segmentation
18,0.007654432836047348,0.00861973206901071,0.9912988773221033,0.9930953596105527,0.7987656838164053,0.8262934917715885,0.7108923972965391,0.7406135528125991,brain_stroke_bleeding,segmentation
19,0.007425952993652382,0.008027667900425705,0.9910876372599181,0.990891959798995,0.795436774409657,0.8095170608385033,0.7074504031811018,0.7219675221264736,brain_stroke_bleeding,segmentation
20,0.00723237174584223,0.008014925310959169,0.9912432230990239,0.992154375392588,0.798183226491036,0.8208796316531335,0.7102833066457384,0.7344519482843768,brain_stroke_bleeding,segmentation
21,0.0070275877524983675,0.007880079611461966,0.9915814531840366,0.9915998449277639,0.8054065046459542,0.8153375299237766,0.7178197635494152,0.7283289731210941,brain_stroke_bleeding,segmentation
22,0.006892363618242951,0.007698536593111316,0.9916447944545025,0.9924574042085427,0.8066609491231221,0.8282213897189836,0.7191452097202978,0.7426123409628634,brain_stroke_bleeding,segmentation
23,0.006795322808720903,0.00739780667439178,0.991640489707966,0.9922427076790201,0.8065721070561338,0.8268411857418241,0.7190512300114698,0.7410297183562773,brain_stroke_bleeding,segmentation
24,0.006655765251638908,0.007393287579018866,0.9918329733745277,0.9925138387248744,0.8116811778433062,0.8269532750680415,0.7244809439076962,0.7412147600381924,brain_stroke_bleeding,segmentation
25,0.0065547792752383635,0.007396954537636072,0.9919771823835013,0.9923028227072864,0.8123751606220564,0.8241435423184276,0.7252523144222709,0.7380615746222645,brain_stroke_bleeding,segmentation
26,0.006151273171006883,0.0070632655716421616,0.9918637215640743,0.9922905543341709,0.8099169673862101,0.8280656829414311,0.7226201795969972,0.7424017417472745,brain_stroke_bleeding,segmentation
27,0.00587893191077547,0.006540512394665474,0.992223782863665,0.9930180688599246,0.8146041128982038,0.8348795596456882,0.7276883676254239,0.7502267062377712,brain_stroke_bleeding,segmentation
28,0.005798111184117776,0.006453791829808872,0.9921158567183564,0.9931714235238693,0.8122546267242431,0.8385521902203619,0.7251567527939323,0.7544554313743571,brain_stroke_bleeding,segmentation
29,0.005670595998577868,0.0063113177841033164,0.9923144900228275,0.9928733020571608,0.8157113998593852,0.8363788904614223,0.7288966043330776,0.7519028026277114,brain_stroke_bleeding,segmentation
30,0.005606161894966433,0.00621190113038873,0.9922794370867444,0.9932192701790201,0.8155736794735143,0.8396379065473982,0.7287405959916939,0.7557148530127865,brain_stroke_bleeding,segmentation
31,0.0055685939469025175,0.006141557990007065,0.9922179407076511,0.9935370210427136,0.8148553943430883,0.8395398636450635,0.727956070713504,0.7556695908315288,brain_stroke_bleeding,segmentation
32,0.005497449272375563,0.006184744400594701,0.9925804618624056,0.9920954872016332,0.8212348627889146,0.8257742571705259,0.7349367282792912,0.7398145138532646,brain_stroke_bleeding,segmentation
33,0.005456375591550726,0.006037428975105286,0.9924058121457808,0.9935443820665829,0.8188815644546588,0.8429278301230102,0.7323375852638195,0.7595937108626827,brain_stroke_bleeding,segmentation
34,0.005419991028398951,0.005941246098010384,0.9924291807698362,0.9934904012248744,0.8188250561226234,0.8450202682461465,0.7322817268140326,0.7620253894469822,brain_stroke_bleeding,segmentation
35,0.005342464828371101,0.005923948096270538,0.9927664884091625,0.9938878965138191,0.8268396875917756,0.848594604338929,0.7411452351944445,0.7663165270930203,brain_stroke_bleeding,segmentation
36,0.0053342442856327416,0.005952638447584219,0.9927320504368703,0.9937603054334171,0.8248491016575621,0.8474501498240389,0.7389358128749638,0.7649377424573076,brain_stroke_bleeding,segmentation
37,0.005344656725374217,0.005824531367675743,0.9925878414278967,0.9941038198806532,0.8200183641723433,0.853664507004162,0.7336133921000653,0.7724090198643865,brain_stroke_bleeding,segmentation
38,0.005312883715035033,0.005865552018036195,0.9925158906643576,0.9937075514290201,0.8208897630368185,0.845915991083819,0.7345456017114409,0.7631210400371538,brain_stroke_bleeding,segmentation
39,0.0052566319253642855,0.005908829108554514,0.9928470486657746,0.9939001648869347,0.8265938571413597,0.8445469526905359,0.7408906716279463,0.7615569329883507,brain_stroke_bleeding,segmentation
40,0.005247542648681765,0.005741668481323587,0.9927452721583753,0.9937603054334171,0.8247583580091401,0.8480037604732767,0.7388387351823308,0.7655914518324074,brain_stroke_bleeding,segmentation
41,0.005024030297919545,0.004744895776013034,0.992735125255825,0.9929984394629398,0.8229760491098632,0.8398518500546486,0.7368766471358535,0.7559144989198525,brain_stroke_bleeding,segmentation
42,0.004528341406688882,0.004877135681746593,0.9931287020820214,0.9936057239321608,0.8276222105954905,0.847031131932362,0.7420951251086452,0.7644117761554294,brain_stroke_bleeding,segmentation
43,0.004369327240161391,0.004758582230488859,0.9932812131021725,0.9939553725659548,0.8309934269347512,0.8474034816770392,0.7458951397624987,0.7649229089593201,brain_stroke_bleeding,segmentation
44,0.004354853952486509,0.004712958881004372,0.9932144895308564,0.9942215962625628,0.8294623884008798,0.8506697418343053,0.744165324378345,0.7688488750636804,brain_stroke_bleeding,segmentation
45,0.004325302200443498,0.004393193253021144,0.9932701437539357,0.9943074748743719,0.8296978075165746,0.8565448336650052,0.7444408591714187,0.7759279823490222,brain_stroke_bleeding,segmentation
46,0.00425928204275799,0.004381356077577601,0.9933605434312027,0.9944350659547738,0.8324606681511656,0.8546134758266317,0.7475634880071208,0.7736178150498885,brain_stroke_bleeding,segmentation
47,0.004218798299655506,0.004596936979785037,0.9934423336153967,0.9941332639761307,0.8325688491401665,0.8505423985670383,0.7477034106214513,0.7686792561835512,brain_stroke_bleeding,segmentation
48,0.004252027851583375,0.004393985934892491,0.993214182048961,0.9944227975816583,0.8285744860294484,0.8535564326604597,0.7431741945753945,0.7723430917646599,brain_stroke_bleeding,segmentation
49,0.004223430730984253,0.004290862299090055,0.9933829896095718,0.9945602033605527,0.8334045513438015,0.8574525997206757,0.7486342510202064,0.7770804146976243,brain_stroke_bleeding,segmentation
50,0.0042474275966285155,0.0043650296090835304,0.9933153435925692,0.9943884461369347,0.8308080654134993,0.8529146795800895,0.7456946096922199,0.7715657877588796,brain_stroke_bleeding,segmentation
51,0.004109683195574758,0.004246756284680199,0.9934952205014169,0.9944350659547738,0.836297231857106,0.8562042808593415,0.7519438593391893,0.7755404071237186,brain_stroke_bleeding,segmentation
52,0.004161691063222116,0.004300237338447092,0.9933780698992444,0.9941590275596733,0.8323956990223074,0.852311648665989,0.7474940753331987,0.7707969668521881,brain_stroke_bleeding,segmentation
53,0.004191228045474372,0.004183577607624495,0.9930410697418136,0.9942473598461056,0.8256952023697558,0.8555114207123408,0.7399394906608994,0.7746645535971156,brain_stroke_bleeding,segmentation
54,0.004091974066321735,0.004187297207027225,0.9934072806793136,0.9942976601758794,0.8326730258838653,0.8556677717467158,0.7478132582586243,0.7748636399713271,brain_stroke_bleeding,segmentation
55,0.004094358092591504,0.004105955399760049,0.9934198874370277,0.994703743326005,0.8344540831415992,0.8592882769132016,0.7498309770925202,0.779347336401678,brain_stroke_bleeding,segmentation
56,0.0040656111909250165,0.004215510197021254,0.9934509431084698,0.9944669637248744,0.8353227808919572,0.8552648434748299,0.7508244162395041,0.7744102349976619,brain_stroke_bleeding,segmentation
57,0.004090269957141251,0.004215420378212952,0.9934672396489295,0.9940633342493719,0.835125448631406,0.8515526189610685,0.7506035893889051,0.7698699029811634,brain_stroke_bleeding,segmentation
58,0.004056217632155574,0.0041161312080507904,0.9935727059390743,0.9945000883322864,0.8371357000695545,0.857129485827095,0.7529181207792535,0.7766757925540599,brain_stroke_bleeding,segmentation
59,0.004052751179155835,0.004109551896102464,0.9937098428644522,0.9943197432474874,0.8381633998513673,0.855963705700592,0.7541244623568772,0.7752261667824718,brain_stroke_bleeding,segmentation
60,0.004015633371900251,0.004021119345073125,0.9936108336941121,0.9946031426664573,0.8389430127952797,0.8609018256942256,0.7549985031387513,0.7813062421545958,brain_stroke_bleeding,segmentation
61,0.003997377826074509,0.003992584257868666,0.993670177699937,0.994659577182789,0.8403200836254001,0.8613937868714932,0.7565976332435982,0.7819223900358963,brain_stroke_bleeding,segmentation
62,0.00400353848971708,0.003957060675824707,0.9936126785854849,0.994662030857412,0.8376576618904013,0.8618886689493126,0.7535240133312908,0.7825326143828615,brain_stroke_bleeding,segmentation
63,0.003945171513995836,0.003907234599841899,0.9937993200960328,0.9948877689227387,0.8426256171807402,0.8654678939367737,0.7592958104803793,0.7870137344476016,brain_stroke_bleeding,segmentation
64,0.003946104169042044,0.003950544413010679,0.9937412060177897,0.9947405484453518,0.8426930029905304,0.8617512764929145,0.7593619275966257,0.7823783845376684,brain_stroke_bleeding,segmentation
65,0.00394941552047165,0.0038965404333181717,0.9937464332100125,0.994820292870603,0.8426360915090041,0.8651524136994361,0.7592968584097384,0.7866077841509765,brain_stroke_bleeding,segmentation
66,0.0039792116496815185,0.0039603228694829505,0.993724294513539,0.9946448551350503,0.8409209972657401,0.8614787643239165,0.7573034657985145,0.7820241805407191,brain_stroke_bleeding,segmentation
67,0.004002810969610959,0.0039209379023643,0.9936870892041877,0.9947515899811558,0.8406473755771544,0.8645683499288495,0.7569792543184466,0.7858678455368616,brain_stroke_bleeding,segmentation
68,0.0039172520959557455,0.003967571647921999,0.9937944003857053,0.9944105292085427,0.843344244965456,0.8610279053946964,0.7601310834654165,0.781423972261055,brain_stroke_bleeding,segmentation
69,0.0039542767803374705,0.003937437231816239,0.9937501229927582,0.9945896474560302,0.8437947972554739,0.8619829231533627,0.7606470816490118,0.782634905275877,brain_stroke_bleeding,segmentation
70,0.003930254381910079,0.0039006320375892982,0.9937879432659005,0.9946914749528895,0.8424260576360355,0.8636181887778966,0.7590615015198041,0.7846766681579609,brain_stroke_bleeding,segmentation
71,0.003913607138680571,0.00392360992767104,0.9938829551715995,0.9946583503454773,0.8437924075548736,0.863835770314918,0.7606721093336759,0.7849401869264387,brain_stroke_bleeding,segmentation
72,0.0038928010827047697,0.0039112639412209015,0.993715070056675,0.9947479094692211,0.8433997857348305,0.8641782738126096,0.7601791564797247,0.7853824113661231,brain_stroke_bleeding,segmentation
73,0.0038685041669784324,0.003922546703611786,0.9938801878345404,0.9946681650439698,0.8444710639391132,0.8635841384985536,0.7614640405149087,0.784630000122015,brain_stroke_bleeding,segmentation
74,0.003885100307107272,0.00389633601035305,0.9938666586311398,0.9947074238379398,0.8444702939329705,0.8645385642765351,0.7614603153813617,0.7858224090392337,brain_stroke_bleeding,segmentation
75,0.003885077889680262,0.0038881440782666805,0.9939198529990554,0.9948117050094221,0.8448301902519675,0.8647000059437768,0.7618923510756924,0.7860430107925275,brain_stroke_bleeding,segmentation
76,0.0038543848475671235,0.003866635337846363,0.9938469797898299,0.9948227465452262,0.8450605018172914,0.8662882907732614,0.7621467841092683,0.7880256967378716,brain_stroke_bleeding,segmentation
77,0.003859267670952103,0.003872393139043645,0.9938469797898299,0.9948337880810302,0.8447967165314316,0.8663825124232436,0.7618379857328894,0.7881455841884568,brain_stroke_bleeding,segmentation
78,0.0038936243061755108,0.0038888814611051548,0.9938691184863035,0.9947515899811558,0.8452516365903195,0.8649706805722555,0.7623752979099003,0.7863684316390642,brain_stroke_bleeding,segmentation
79,0.003858247663947737,0.003877243130051311,0.9938503620906801,0.9948607785018844,0.8453826435394971,0.8663320021574189,0.7625249388828165,0.7880875140211347,brain_stroke_bleeding,segmentation
80,0.003920063836223233,0.003868963326042022,0.9938282233942065,0.9947650851915829,0.8435936591398525,0.8668422721897839,0.7604288586855252,0.788708012695702,brain_stroke_bleeding,segmentation
81,0.0038433134630885472,0.003868923077930757,0.9938503620906801,0.9947626315169598,0.8462260015037901,0.8663875164234119,0.7635148588746532,0.7881384334195904,brain_stroke_bleeding,segmentation
82,0.0038284821909681075,0.003852167208889621,0.9939087836508187,0.994895129946608,0.8466423867155848,0.8668922600717542,0.7640166358185494,0.7887950619235932,brain_stroke_bleeding,segmentation
83,0.003837993307513014,0.0038490740947387924,0.9939343046481424,0.9948558711526382,0.8461480434565714,0.867612625027266,0.7634406485429215,0.7896909618051302,brain_stroke_bleeding,segmentation
84,0.003872945595072859,0.0038521984339359417,0.9939232352999056,0.9948350149183417,0.8454845978705716,0.8672320431502051,0.762659626420632,0.7892095740104752,brain_stroke_bleeding,segmentation
85,0.0038626728490257743,0.003851466592232786,0.9937879432659005,0.9948239733825377,0.8447423896876731,0.8669235303035179,0.7617621063872713,0.7888208572384265,brain_stroke_bleeding,segmentation
86,0.00386046739271666,0.0038398899999096165,0.9938079295891058,0.994850963803392,0.8453373987071431,0.8668267405937565,0.7624630759138737,0.7887047071418287,brain_stroke_bleeding,segmentation
87,0.003859754895758569,0.003851659521086132,0.9940044105203085,0.9947908487751256,0.8472067568999554,0.8662951512591102,0.7647010698895631,0.7880282598193853,brain_stroke_bleeding,segmentation
88,0.0038782651688650215,0.0038654443681539604,0.9938411376338161,0.9947221458856784,0.845632503513821,0.8662654328779708,0.7628160372459257,0.7879781539848737,brain_stroke_bleeding,segmentation
89,0.0038583871887372784,0.0038520618149982624,0.9937737990987091,0.9948239733825377,0.844697589941358,0.867104345369265,0.7617067424920576,0.7890474188420971,brain_stroke_bleeding,segmentation
90,0.003845072944908959,0.0038467797277560783,0.9939164706982053,0.994853417478015,0.8467638489117447,0.8676641739589263,0.764161182728701,0.7897552196995699,brain_stroke_bleeding,segmentation
91,0.0038590570559879993,0.0038498666268497257,0.993914318324937,0.9948497369660804,0.8458131738922028,0.8673644342521627,0.7630432472520792,0.7893783682942296,brain_stroke_bleeding,segmentation
92,0.0038404860522044397,0.003853285282700505,0.9939186230714736,0.9948497369660804,0.8457385002548656,0.8672328322066809,0.7629565025108355,0.789213325300133,brain_stroke_bleeding,segmentation
93,0.0038679356989392106,0.0038478597624218044,0.993941991695529,0.9948485101287688,0.846565851366383,0.867636234298498,0.7639334556584936,0.7897192227441573,brain_stroke_bleeding,segmentation
94,0.003863663823163179,0.0038481727616870823,0.9937455107643262,0.9948472832914573,0.8429153964309062,0.8674982478764801,0.7596215119505086,0.7895457957279618,brain_stroke_bleeding,segmentation
95,0.003880159802716085,0.0038479294758945255,0.9938448274165617,0.9948975836212312,0.8441429901994822,0.8676371671489875,0.7610733286771085,0.7897295808148275,brain_stroke_bleeding,segmentation
96,0.0038697554704073996,0.003853568255002774,0.9939330747205605,0.9948301075690955,0.8460509489007406,0.8667928964533074,0.763326329576065,0.7886584069148059,brain_stroke_bleeding,segmentation
97,0.003807932138442993,0.0038552838354254486,0.9938881823638224,0.9948227465452262,0.8457703612925289,0.86701535421454,0.7629875716024133,0.7889356661339517,brain_stroke_bleeding,segmentation
98,0.0038498795828230737,0.0038471081897841026,0.9938903347370907,0.9949073983197236,0.8456909123984553,0.8674948020068243,0.7628947866416146,0.7895527339500323,brain_stroke_bleeding,segmentation
99,0.003822873395771464,0.003847801655381169,0.994013327495277,0.9948681395257538,0.8483031386660966,0.8671552451825348,0.765997392386796,0.7891195089532794,brain_stroke_bleeding,segmentation
100,0.0038400497052921757,0.0038480674052358273,0.993946603923961,0.9948853152481156,0.8459796535969604,0.8673520261806578,0.7632454023867166,0.7893694748226504,brain_stroke_bleeding,segmentation
