epoch,train_loss,val_loss,train_accuracy,val_accuracy,dataset,task
1,0.04419735585950748,0.0434125043470397,0.27108057464084945,0.2997502081598668,pmram,classification
2,0.042117794602954235,0.039949190011131674,0.33666458463460336,0.3930058284762698,pmram,classification
3,0.03997757577310372,0.03633327900023385,0.39870914012075787,0.47543713572023316,pmram,classification
4,0.03736902120930936,0.03326149745150272,0.4497189256714553,0.5528726061615321,pmram,classification
5,0.03496912183201663,0.03267465314698358,0.5113470747449511,0.5611990008326395,pmram,classification
6,0.032468722781463885,0.02852735824132343,0.5654799083905893,0.6394671107410491,pmram,classification
7,0.0309342928610815,0.026690055289733023,0.592962731626067,0.6636136552872606,pmram,classification
8,0.02975920735610765,0.024160441560213214,0.6204455548615448,0.7069109075770191,pmram,classification
9,0.028250256057284956,0.022298595217443526,0.6389756402248594,0.7468776019983348,pmram,classification
10,0.026279032311041405,0.022233465926831807,0.668540495523631,0.7310574521232306,pmram,classification
11,0.025375834144008128,0.020119082347042454,0.6912346450135332,0.7810158201498751,pmram,classification
12,0.02429563492108404,0.01933685744136299,0.6937330834894857,0.7860116569525396,pmram,classification
13,0.0236968824869887,0.018670786652934243,0.7091401207578597,0.7701915070774354,pmram,classification
14,0.02242256311167287,0.017281697180547086,0.7303768478034561,0.8059950041631974,pmram,classification
15,0.02124826121449396,0.01674255386280279,0.7430772433895482,0.813488759367194,pmram,classification
16,0.020819185904704007,0.01920976051184458,0.759525296689569,0.794338051623647,pmram,classification
17,0.01969738316714652,0.01583360134314538,0.7711846762440142,0.832639467110741,pmram,classification
18,0.0187433009008157,0.013275627788159373,0.7770143660212367,0.8642797668609492,pmram,classification
19,0.019074657072927614,0.012885877011122057,0.7855506974807412,0.86511240632806,pmram,classification
20,0.018101617375897935,0.012739420383796406,0.7965854674161982,0.8784346378018318,pmram,classification
21,0.017394783281297108,0.011208300549322918,0.8017905475744327,0.8850957535387177,pmram,classification
22,0.01680323767607445,0.0111305634246877,0.817405788049136,0.8800999167360533,pmram,classification
23,0.01534948947713595,0.010551254659717426,0.8267749323339579,0.8950874271440467,pmram,classification
24,0.015558184617240305,0.010708307396065285,0.8273995419529461,0.8950874271440467,pmram,classification
25,0.01583194044538272,0.010029025927967672,0.8355194669997918,0.9000832639467111,pmram,classification
26,0.014383541332069547,0.010012348817597817,0.8407245471580262,0.8942547876769359,pmram,classification
27,0.015263813577069607,0.009812325927786386,0.8355194669997918,0.8967527060782681,pmram,classification
28,0.01505150620531048,0.008848258919958071,0.8457214241099313,0.9150707743547044,pmram,classification
29,0.014310594371227382,0.009413514159104906,0.8503018946491776,0.8992506244796004,pmram,classification
30,0.013806148181476867,0.008904179987760507,0.8492608786175307,0.9059117402164862,pmram,classification
31,0.014166728661081679,0.009782027158510873,0.8492608786175307,0.906744379683597,pmram,classification
32,0.013543670388551744,0.008712340775973394,0.8542577555694357,0.9159034138218152,pmram,classification
33,0.013115828006361366,0.00836591470946281,0.8563397876327296,0.9242298084929226,pmram,classification
34,0.01287555957979742,0.007981366764049943,0.8621694774099521,0.9233971690258118,pmram,classification
35,0.01307211087851035,0.007767884180160684,0.8652925255048928,0.9217318900915903,pmram,classification
36,0.012804504244272446,0.007136818849722809,0.8619612742036228,0.9317235636969192,pmram,classification
37,0.012242328247601058,0.007905073023457809,0.8673745575681866,0.9233971690258118,pmram,classification
38,0.012184782739780655,0.0072912495400288225,0.8679991671871747,0.9333888426311407,pmram,classification
39,0.011917169098615298,0.006925529608817819,0.8696647928378097,0.9350541215653622,pmram,classification
40,0.011378056703819079,0.007529707009796298,0.8773683114719967,0.9242298084929226,pmram,classification
41,0.011484757270536,0.0067362916422426256,0.8782011242973142,0.9408825978351374,pmram,classification
42,0.011381420685944397,0.006184963604046046,0.8757026858213617,0.9425478767693589,pmram,classification
43,0.011220395565032959,0.005883045935015397,0.8773683114719967,0.9458784346378019,pmram,classification
44,0.010514527304877893,0.00562458956221756,0.8921507391213824,0.9450457951706911,pmram,classification
45,0.011571991376620691,0.005837003843894509,0.8856964397251718,0.9425478767693589,pmram,classification
46,0.010355104286826304,0.005733584679607349,0.8904851134707474,0.9458784346378019,pmram,classification
47,0.010041119577721856,0.006562224211641196,0.8933999583593587,0.9350541215653622,pmram,classification
48,0.010176455351137604,0.005175396827957613,0.888611284613783,0.9492089925062448,pmram,classification
49,0.009995633359690545,0.005491899452067533,0.9027691026441808,0.9425478767693589,pmram,classification
50,0.009421438572867423,0.005723333549216625,0.9015198834062045,0.9425478767693589,pmram,classification
51,0.009829674338812931,0.004867211027655574,0.8958983968353113,0.9525395503746877,pmram,classification
52,0.008620718713169566,0.004706999977165019,0.9065167603581095,0.95503746877602,pmram,classification
53,0.009392880483478302,0.004574533902437463,0.9029773058505101,0.9575353871773522,pmram,classification
54,0.008603691399351845,0.004352571633485434,0.911721840516344,0.9542048293089093,pmram,classification
55,0.008660226401043216,0.004315535177311532,0.9108890276910264,0.958368026644463,pmram,classification
56,0.008774478949471462,0.004748567524711159,0.9065167603581095,0.9533721898417985,pmram,classification
57,0.009011774146070387,0.004895137720659908,0.9106808244846971,0.9475437135720233,pmram,classification
58,0.007643395122710725,0.003767050289355845,0.9208827815948366,0.9633638634471274,pmram,classification
59,0.0078361093751309,0.003687826652144959,0.9152612950239434,0.9608659450457951,pmram,classification
60,0.007570773991363485,0.003475246937025794,0.921715594420154,0.9691923397169026,pmram,classification
61,0.007675706581686676,0.00404990243288897,0.926087861753071,0.9600333055786844,pmram,classification
62,0.007545823528788721,0.0034364712371069825,0.9237976264834479,0.9625312239800167,pmram,classification
63,0.007358401923031452,0.0039834132096997705,0.9269206745783886,0.9600333055786844,pmram,classification
64,0.006848035332543786,0.003772706302855285,0.9283780970226941,0.9641965029142381,pmram,classification
65,0.00672082421405723,0.0034365257082334864,0.929419113054341,0.9683597002497918,pmram,classification
66,0.006832575363456247,0.003410304030349213,0.9267124713720591,0.9641965029142381,pmram,classification
67,0.0070673147336272136,0.00336967346310417,0.9312929419113054,0.9625312239800167,pmram,classification
68,0.007281114597221774,0.003001429033554861,0.9265042681657297,0.9725228975853455,pmram,classification
69,0.006206510513970504,0.0029174466598019017,0.9317093483239642,0.9700249791840133,pmram,classification
70,0.0068574219547691455,0.003046093640428697,0.9331667707682698,0.9716902581182348,pmram,classification
71,0.005894996343727735,0.0032276505624548183,0.9364980220695399,0.9716902581182348,pmram,classification
72,0.006693580713919642,0.0029048425060922557,0.9331667707682698,0.9708576186511241,pmram,classification
73,0.006478742925733694,0.002831085685091551,0.9362898188632105,0.9716902581182348,pmram,classification
74,0.006008096366217924,0.002610047392820091,0.9364980220695399,0.9708576186511241,pmram,classification
75,0.0064022181702608275,0.002420589358054976,0.9398292733708099,0.9783513738551207,pmram,classification
76,0.005874217486126508,0.0023499455005954097,0.9410784926087862,0.97751873438801,pmram,classification
77,0.005965189513050961,0.0024824784258279725,0.9381636477201749,0.9708576186511241,pmram,classification
78,0.005474903939752164,0.0023725064444998518,0.9406620861961275,0.9766860949208993,pmram,classification
79,0.005073411272291514,0.001935086759748705,0.9462835727670206,0.9783513738551207,pmram,classification
80,0.005991895227240643,0.0022455706516223387,0.9394128669581512,0.97751873438801,pmram,classification
81,0.005167579402836467,0.0019284313180942172,0.9483656048303144,0.9791840133222315,pmram,classification
82,0.005501912836960373,0.0018743567205934501,0.9429523214657506,0.9825145711906744,pmram,classification
83,0.004708475427666779,0.001702392480408247,0.9527378721632314,0.9800166527893422,pmram,classification
84,0.004958796937812865,0.0017323266873004335,0.9525296689569019,0.9800166527893422,pmram,classification
85,0.004459254902035352,0.00162376505830678,0.9548199042265251,0.9816819317235637,pmram,classification
86,0.005140220559086374,0.0015887741922640509,0.9500312304809494,0.9800166527893422,pmram,classification
87,0.005318214510519592,0.0015893739560536798,0.9475327920049968,0.9800166527893422,pmram,classification
88,0.004280573280569683,0.0018988958739060645,0.959192171559442,0.9825145711906744,pmram,classification
89,0.004343764091408113,0.0023216770622230985,0.9556527170518426,0.9800166527893422,pmram,classification
90,0.004560878624053342,0.001537882984630596,0.9541952946075369,0.9833472106577852,pmram,classification
91,0.004401177631323843,0.0017365121230681572,0.9550281074328545,0.97751873438801,pmram,classification
92,0.004169169121446888,0.0016419934965732146,0.9600249843847595,0.984179850124896,pmram,classification
93,0.004170777881721606,0.0015014761005784946,0.9581511555277952,0.9875104079933389,pmram,classification
94,0.00473713249242693,0.0018153456353786387,0.9521132625442432,0.97751873438801,pmram,classification
95,0.004101871688410643,0.0010570427302044694,0.9558609202581719,0.9925062447960034,pmram,classification
96,0.0044025243177557025,0.0008997263805204064,0.9583593587341245,0.9916736053288926,pmram,classification
97,0.004099993502070447,0.0011417232488718607,0.9587757651467833,0.9866777685262281,pmram,classification
98,0.00405355277210443,0.001426734918919233,0.9552363106391838,0.9891756869275604,pmram,classification
99,0.003685364766209672,0.0011586184471110495,0.9616906100353946,0.9850124895920067,pmram,classification
100,0.0035070469625241465,0.0014998830671109674,0.962523422860712,0.9850124895920067,pmram,classification
101,0.003502762740669497,0.0015238899276975688,0.9658546741619821,0.9858451290591174,pmram,classification
102,0.0033200060186297626,0.001155351990404276,0.9648136581303353,0.9858451290591174,pmram,classification
103,0.0037676442077904226,0.0010576359390651034,0.9662710805746408,0.9891756869275604,pmram,classification
104,0.0033222852942679025,0.0011285733661112638,0.9650218613366646,0.9883430474604497,pmram,classification
105,0.003521195536546445,0.0012555182969614827,0.9687695190505934,0.9883430474604497,pmram,classification
106,0.0025919011482620287,0.0010287933266581307,0.9710597543202165,0.9883430474604497,pmram,classification
107,0.0027354158063686946,0.0009466285307850568,0.9714761607328752,0.9883430474604497,pmram,classification
108,0.0036597803437247774,0.001207650399888609,0.9618988132417239,0.9866777685262281,pmram,classification
109,0.002840990690247245,0.0010774089886165603,0.9677285030189465,0.9900083263946711,pmram,classification
110,0.003118872433197348,0.0010435338829799892,0.9698105350822402,0.9891756869275604,pmram,classification
111,0.003079969832513116,0.0010873229370036044,0.9671038933999584,0.9900083263946711,pmram,classification
112,0.002668113260432353,0.0013519343563342323,0.9733499895898396,0.9858451290591174,pmram,classification
113,0.0031082838284700654,0.0011377452409746347,0.9698105350822402,0.9891756869275604,pmram,classification
114,0.002912300580731676,0.001074639691053878,0.9689777222569228,0.9900083263946711,pmram,classification
115,0.0027973431934954105,0.0014119033180611468,0.9702269414948991,0.9883430474604497,pmram,classification
116,0.0030508752194449056,0.0009776726254586946,0.9648136581303353,0.9891756869275604,pmram,classification
117,0.003137730249174074,0.000933253291612809,0.9654382677493233,0.9916736053288926,pmram,classification
118,0.003461271078934086,0.001253146882154215,0.9641890485113471,0.9891756869275604,pmram,classification
119,0.003077943154685153,0.0011711092758846223,0.9691859254632521,0.9916736053288926,pmram,classification
120,0.003258574356786657,0.001278402528444074,0.9658546741619821,0.9908409658617818,pmram,classification
121,0.002659105036460839,0.0008633558347210177,0.9700187382885697,0.9933388842631141,pmram,classification
122,0.003331896220435674,0.0009679905316101497,0.9671038933999584,0.9900083263946711,pmram,classification
123,0.0034955473446665135,0.0011375775811984378,0.9702269414948991,0.9891756869275604,pmram,classification
124,0.0029439432497050783,0.0012164647614569416,0.9693941286695815,0.9891756869275604,pmram,classification
125,0.003678083981928504,0.0014832839835047424,0.9687695190505934,0.9875104079933389,pmram,classification
126,0.003026140626991494,0.0010494087215165587,0.9679367062252758,0.9908409658617818,pmram,classification
127,0.0031725687555373087,0.0010601131196640164,0.968561315844264,0.9900083263946711,pmram,classification
128,0.002658941734340969,0.0011653339499599928,0.9710597543202165,0.9925062447960034,pmram,classification
129,0.003075247435215275,0.0010394219702247725,0.9700187382885697,0.9900083263946711,pmram,classification
130,0.0026613304631169107,0.0008261645619690008,0.9725171767645222,0.9933388842631141,pmram,classification
131,0.003813053618662033,0.0012854609519613908,0.9675202998126171,0.9875104079933389,pmram,classification
132,0.002923022659079354,0.0009192795377165749,0.9687695190505934,0.9916736053288926,pmram,classification
133,0.0029651156070911893,0.0010294710467418317,0.968561315844264,0.9908409658617818,pmram,classification
134,0.0029000123763426302,0.0009729607840325314,0.9718925671455341,0.9900083263946711,pmram,classification
135,0.0027726630824430926,0.0009894781491232975,0.9706433479075578,0.9925062447960034,pmram,classification
136,0.003255026310863791,0.0011948523351838882,0.9691859254632521,0.9875104079933389,pmram,classification
137,0.0029574706110162474,0.0011259194897359035,0.9673120966062877,0.9900083263946711,pmram,classification
138,0.002820628239466263,0.0012964368458576717,0.9696023318759109,0.9900083263946711,pmram,classification
139,0.0033274555047336043,0.0011120799147244,0.9664792837809703,0.9891756869275604,pmram,classification
140,0.002826699223507032,0.0012032124146021945,0.9702269414948991,0.9883430474604497,pmram,classification
141,0.0033056897517660558,0.0014191401132121124,0.9718925671455341,0.9891756869275604,pmram,classification
142,0.003367430220483918,0.0009691894204075837,0.9654382677493233,0.9908409658617818,pmram,classification
143,0.0028396955793659477,0.000984124436456521,0.9731417863835103,0.9900083263946711,pmram,classification
144,0.003017535585848614,0.0009975783948745457,0.9679367062252758,0.9900083263946711,pmram,classification
145,0.0034196590054597974,0.0010822929517923545,0.9693941286695815,0.9908409658617818,pmram,classification
146,0.002458821489579794,0.0010318766368613529,0.9748074120341453,0.9908409658617818,pmram,classification
147,0.002729961394811099,0.0010981686175998602,0.9731417863835103,0.9908409658617818,pmram,classification
148,0.0029055513006247397,0.0012043871666552138,0.9714761607328752,0.9875104079933389,pmram,classification
149,0.003063933312266215,0.0008889983427927184,0.9681449094316052,0.9900083263946711,pmram,classification
150,0.0028478791333219977,0.00094174246922551,0.9691859254632521,0.9925062447960034,pmram,classification
151,0.0027636064043144075,0.001288541309616151,0.9721007703518634,0.9883430474604497,pmram,classification
152,0.0027173409882607917,0.0012925962291713757,0.9702269414948991,0.9891756869275604,pmram,classification
153,0.0030921944379248075,0.0009997357877217959,0.9666874869872996,0.9908409658617818,pmram,classification
154,0.0030113428270910807,0.000983594625577219,0.9716843639392047,0.9925062447960034,pmram,classification
155,0.0035205755246849315,0.001022955863740447,0.9683531126379347,0.9908409658617818,pmram,classification
156,0.0025618369516317604,0.001082586025377948,0.9743910056214866,0.9916736053288926,pmram,classification
157,0.0029888022995441252,0.0012206020478087848,0.9687695190505934,0.9900083263946711,pmram,classification
158,0.003125539240308064,0.0008626612999416782,0.9733499895898396,0.9941715237302248,pmram,classification
159,0.00289810654583542,0.0007921006484189808,0.9710597543202165,0.9916736053288926,pmram,classification
160,0.0032391710682756008,0.0012069559290843839,0.9656464709556527,0.9908409658617818,pmram,classification
161,0.002701726402756189,0.001106807374652106,0.9721007703518634,0.9875104079933389,pmram,classification
162,0.0030855408492733694,0.0010018500074477467,0.9725171767645222,0.9916736053288926,pmram,classification
163,0.0031854878420170376,0.0009039433174406013,0.9683531126379347,0.9900083263946711,pmram,classification
164,0.0026637196892575,0.0011024075311350386,0.9723089735581928,0.9908409658617818,pmram,classification
165,0.0030606524737068212,0.0010802333342449602,0.9710597543202165,0.9900083263946711,pmram,classification
166,0.0027779412333018396,0.0009954098616335092,0.9704351447012284,0.9908409658617818,pmram,classification
167,0.0029116988546801946,0.0013013025955122576,0.9689777222569228,0.9875104079933389,pmram,classification
168,0.003278412002837043,0.0012730500241315038,0.9671038933999584,0.9925062447960034,pmram,classification
169,0.002948319822722007,0.0010911618653284719,0.9725171767645222,0.9908409658617818,pmram,classification
170,0.0034339085830925853,0.001021965008056866,0.9650218613366646,0.9916736053288926,pmram,classification
171,0.003222866485135014,0.0010895554242278764,0.9700187382885697,0.9916736053288926,pmram,classification
172,0.0025113104439669974,0.0011455423546044604,0.9760566312721216,0.9891756869275604,pmram,classification
173,0.0031147303836090152,0.0008985082673949564,0.9691859254632521,0.9900083263946711,pmram,classification
174,0.003017683548462278,0.0010165215012765522,0.9679367062252758,0.9916736053288926,pmram,classification
175,0.002876054545527651,0.0010423774201520637,0.9691859254632521,0.9883430474604497,pmram,classification
176,0.002856560060094174,0.0011949867130699975,0.9675202998126171,0.9891756869275604,pmram,classification
177,0.0032112869053424436,0.00090899782799662,0.9660628773683114,0.9900083263946711,pmram,classification
178,0.003566264668122778,0.0009281024289124341,0.9654382677493233,0.9908409658617818,pmram,classification
179,0.0025417388199847762,0.0010528944754161927,0.9731417863835103,0.9900083263946711,pmram,classification
180,0.002881131637890909,0.0012944357843447684,0.9716843639392047,0.9891756869275604,pmram,classification
181,0.0025265968532493257,0.0012819755019435502,0.9727253799708515,0.9908409658617818,pmram,classification
182,0.0029353688507085477,0.001371954119710762,0.9691859254632521,0.9891756869275604,pmram,classification
183,0.0032633354346567073,0.0012045286616758691,0.9706433479075578,0.9900083263946711,pmram,classification
184,0.00295635509501903,0.001319333220204706,0.9706433479075578,0.9883430474604497,pmram,classification
185,0.003181425286569407,0.0011334480470795493,0.9698105350822402,0.9908409658617818,pmram,classification
186,0.00336619060640806,0.000954536261749636,0.968561315844264,0.9941715237302248,pmram,classification
187,0.002998806938840037,0.001212744843711042,0.9641890485113471,0.9908409658617818,pmram,classification
188,0.0030882321875472596,0.0011959154706302532,0.968561315844264,0.9883430474604497,pmram,classification
189,0.0032306564381850648,0.0010114472150433496,0.9729335831771809,0.9900083263946711,pmram,classification
190,0.003019111289334637,0.0010227688743680915,0.9696023318759109,0.9891756869275604,pmram,classification
191,0.0026324406497831203,0.0011643122302579208,0.9710597543202165,0.9900083263946711,pmram,classification
192,0.0029886697081400286,0.0011440800469163976,0.9675202998126171,0.9891756869275604,pmram,classification
193,0.0034340528319290213,0.0008578253712204226,0.9687695190505934,0.9933388842631141,pmram,classification
194,0.003210173517154569,0.0010748740392647913,0.9710597543202165,0.9900083263946711,pmram,classification
195,0.0030210983142812853,0.0009178751534848264,0.9687695190505934,0.9900083263946711,pmram,classification
196,0.0033343634211855577,0.00111960217652906,0.9681449094316052,0.9900083263946711,pmram,classification
197,0.003029515793131691,0.0010957905687670921,0.9677285030189465,0.9925062447960034,pmram,classification
198,0.0030355588948909077,0.0009643998515437808,0.9681449094316052,0.9891756869275604,pmram,classification
199,0.002746406550870717,0.001170951610959936,0.9710597543202165,0.9891756869275604,pmram,classification
200,0.0024754846699895734,0.0009753447957336903,0.9718925671455341,0.9925062447960034,pmram,classification
201,0.0028146073317076516,0.0011387508751035083,0.9727253799708515,0.9900083263946711,pmram,classification
202,0.002870561572576305,0.0010404780328345114,0.9704351447012284,0.9900083263946711,pmram,classification
203,0.0029951434062517345,0.0009083176954695141,0.9708515511138871,0.9883430474604497,pmram,classification
204,0.0031945523529602615,0.001231092698895353,0.9673120966062877,0.9891756869275604,pmram,classification
205,0.00289669747121342,0.0009218780215299199,0.9698105350822402,0.9916736053288926,pmram,classification
206,0.003286831628402465,0.0009674304994683927,0.965230064542994,0.9883430474604497,pmram,classification
207,0.0034596795122546938,0.0011312132778823326,0.9687695190505934,0.9900083263946711,pmram,classification
208,0.003157456162741069,0.0010246015448498538,0.9700187382885697,0.9933388842631141,pmram,classification
209,0.0026105297589761847,0.0009572858651549393,0.9727253799708515,0.9900083263946711,pmram,classification
210,0.0025639317963871886,0.0011829105861094174,0.9725171767645222,0.9908409658617818,pmram,classification
211,0.0024792608358923836,0.0008752790086210196,0.9733499895898396,0.9916736053288926,pmram,classification
212,0.0033399851998737362,0.0009712106587022518,0.9704351447012284,0.9908409658617818,pmram,classification
213,0.002811785805231655,0.0012216114425112018,0.9721007703518634,0.9875104079933389,pmram,classification
214,0.002479290684509434,0.0012181974233257632,0.9760566312721216,0.9891756869275604,pmram,classification
215,0.0029192846414328472,0.0011552675610887418,0.966895690193629,0.9908409658617818,pmram,classification
216,0.003136133745835457,0.0008514539443722598,0.9683531126379347,0.9941715237302248,pmram,classification
217,0.002932028735396628,0.001217639989930699,0.9698105350822402,0.9891756869275604,pmram,classification
218,0.0026172829659369874,0.0010463026314229394,0.9712679575265459,0.9925062447960034,pmram,classification
219,0.002528810277856559,0.0009841210337558901,0.9741828024151572,0.9900083263946711,pmram,classification
220,0.0030181738946211834,0.0011110092155778041,0.9712679575265459,0.9891756869275604,pmram,classification
221,0.0035721755612450772,0.0011109566200853361,0.9681449094316052,0.9900083263946711,pmram,classification
222,0.002757242962783162,0.000904829893299967,0.9704351447012284,0.9925062447960034,pmram,classification
223,0.002874181349824803,0.0008263479818207685,0.9691859254632521,0.9908409658617818,pmram,classification
224,0.0029128657340966187,0.0010271268880473982,0.9698105350822402,0.9900083263946711,pmram,classification
225,0.0029930733155917556,0.0011173740997104024,0.9725171767645222,0.9900083263946711,pmram,classification
226,0.0027868742022755266,0.0008619514875172899,0.9718925671455341,0.9916736053288926,pmram,classification
227,0.0034125512875942308,0.0011118889148878266,0.9654382677493233,0.9883430474604497,pmram,classification
228,0.003210727520680275,0.0010986279410858336,0.9671038933999584,0.9908409658617818,pmram,classification
229,0.0030936503351625118,0.0010478523529625554,0.9691859254632521,0.9933388842631141,pmram,classification
230,0.0031537892789039517,0.0011947427414509652,0.9698105350822402,0.9900083263946711,pmram,classification
231,0.0031933240096472387,0.000915541132907387,0.9704351447012284,0.9900083263946711,pmram,classification
232,0.0028095777946519087,0.0011539776002263942,0.9735581927961691,0.9908409658617818,pmram,classification
233,0.003216336577934491,0.0011910992735790571,0.9689777222569228,0.9875104079933389,pmram,classification
234,0.0026991728138874315,0.0010139306913751125,0.9756402248594629,0.9891756869275604,pmram,classification
235,0.0030677698884378824,0.0012048380528898487,0.9706433479075578,0.9900083263946711,pmram,classification
236,0.00288308203959046,0.0010081607979070162,0.9689777222569228,0.9900083263946711,pmram,classification
237,0.0034657789920903657,0.0013930654451002884,0.9675202998126171,0.9866777685262281,pmram,classification
238,0.002972652895022017,0.0011986504499059943,0.9718925671455341,0.9891756869275604,pmram,classification
239,0.0027111050134841544,0.0011227586871551212,0.9710597543202165,0.9916736053288926,pmram,classification
240,0.00289941874841531,0.0012474543791881558,0.9698105350822402,0.9891756869275604,pmram,classification
241,0.002506759403575566,0.0009825121092576718,0.9723089735581928,0.9891756869275604,pmram,classification
242,0.0035008716607567558,0.001068243344541605,0.9710597543202165,0.9900083263946711,pmram,classification
243,0.00280695129185915,0.0012546863977244429,0.9700187382885697,0.9916736053288926,pmram,classification
244,0.0032056799759945225,0.0011067729130027494,0.9677285030189465,0.9883430474604497,pmram,classification
245,0.00317586598512194,0.001086971856697116,0.968561315844264,0.9908409658617818,pmram,classification
246,0.002747954068929981,0.001220963510113158,0.9689777222569228,0.9883430474604497,pmram,classification
247,0.0031425900898475138,0.0008533807947524481,0.9662710805746408,0.9941715237302248,pmram,classification
248,0.002892103712240247,0.0008711576600210876,0.9710597543202165,0.9916736053288926,pmram,classification
249,0.003118968277207091,0.0008090694644701644,0.9700187382885697,0.9900083263946711,pmram,classification
250,0.003127257382121405,0.001293211553453605,0.9693941286695815,0.9908409658617818,pmram,classification
251,0.0027088967683043873,0.001032385663389167,0.9729335831771809,0.9900083263946711,pmram,classification
252,0.003289441537758087,0.0008949387006672544,0.9702269414948991,0.9933388842631141,pmram,classification
253,0.0028869066196031343,0.0013637136641601341,0.9689777222569228,0.9875104079933389,pmram,classification
254,0.0027594676977339546,0.0011431258445145016,0.9725171767645222,0.9891756869275604,pmram,classification
255,0.0032159933560922845,0.0012023101588300152,0.9671038933999584,0.9891756869275604,pmram,classification
256,0.0026682112342692552,0.0011105311142325675,0.9710597543202165,0.9900083263946711,pmram,classification
257,0.003381719768879958,0.0010050254149655568,0.966895690193629,0.9925062447960034,pmram,classification
258,0.0032022144233793573,0.0008889037769111021,0.9683531126379347,0.9933388842631141,pmram,classification
259,0.0032844975951464906,0.0009337957827475149,0.9679367062252758,0.9891756869275604,pmram,classification
260,0.0031590978393450228,0.0008904070246012433,0.9691859254632521,0.9916736053288926,pmram,classification
261,0.00275238067433397,0.0008557331469142616,0.9721007703518634,0.9925062447960034,pmram,classification
262,0.003838622434149676,0.0009300958417157498,0.9631480324797002,0.9908409658617818,pmram,classification
263,0.0028819114403372975,0.0010891942346901273,0.9706433479075578,0.9916736053288926,pmram,classification
264,0.0031951903371854316,0.0010402746053473043,0.9689777222569228,0.9900083263946711,pmram,classification
265,0.003509935065378733,0.0011293704378776109,0.9679367062252758,0.9891756869275604,pmram,classification
266,0.0032312752656303554,0.0012800399152768293,0.9664792837809703,0.9891756869275604,pmram,classification
267,0.0028153775886066495,0.000900182992236985,0.9693941286695815,0.9900083263946711,pmram,classification
268,0.0029720424371184953,0.0011062967371145926,0.9654382677493233,0.9908409658617818,pmram,classification
269,0.0028368031434278895,0.001040801089132929,0.9702269414948991,0.9908409658617818,pmram,classification
270,0.0030143619740900336,0.0010653135882803765,0.9683531126379347,0.9900083263946711,pmram,classification
271,0.002918483633485972,0.0008109124977572772,0.9708515511138871,0.9916736053288926,pmram,classification
272,0.002690735616079971,0.0011020890637909642,0.9739745992088278,0.9916736053288926,pmram,classification
273,0.0030176638794840683,0.0008818886881007144,0.9681449094316052,0.9925062447960034,pmram,classification
274,0.0030396878720299354,0.001094687385577631,0.9698105350822402,0.9900083263946711,pmram,classification
275,0.0027379028269543687,0.0011532463621484624,0.9693941286695815,0.9883430474604497,pmram,classification
276,0.0031940644808026706,0.000848521914861966,0.9658546741619821,0.9933388842631141,pmram,classification
277,0.0031158091405776175,0.0008892138662292846,0.9689777222569228,0.9916736053288926,pmram,classification
278,0.0026695798555485613,0.0011219133833868368,0.9737663960024985,0.9891756869275604,pmram,classification
279,0.0030801675766016167,0.0010377630759278726,0.966895690193629,0.9883430474604497,pmram,classification
280,0.00311801848553436,0.0010453249924164032,0.9679367062252758,0.9900083263946711,pmram,classification
281,0.0031208490385970034,0.0010415669003320078,0.9721007703518634,0.9908409658617818,pmram,classification
282,0.00294104591545238,0.0010376446027398655,0.9737663960024985,0.9900083263946711,pmram,classification
283,0.0032503374440387253,0.0010081304360931734,0.9689777222569228,0.9925062447960034,pmram,classification
284,0.003111065035251939,0.0010002851342746707,0.9710597543202165,0.9908409658617818,pmram,classification
285,0.003926600458039552,0.0011693992034348347,0.9650218613366646,0.9875104079933389,pmram,classification
286,0.0031094415184686687,0.0010484666075033261,0.9706433479075578,0.9916736053288926,pmram,classification
287,0.002719165381075562,0.001126588809984014,0.9710597543202165,0.9891756869275604,pmram,classification
288,0.002666153734497138,0.0009134081417196845,0.9687695190505934,0.9916736053288926,pmram,classification
289,0.0032833392100977588,0.0009865102947121183,0.966895690193629,0.9925062447960034,pmram,classification
290,0.002721046607642001,0.000915868829146375,0.9700187382885697,0.9900083263946711,pmram,classification
291,0.0030034708958402256,0.0010326143814022844,0.9683531126379347,0.9908409658617818,pmram,classification
292,0.0029732635132844326,0.0010742349069345306,0.9696023318759109,0.9925062447960034,pmram,classification
293,0.003442175096793241,0.0010212564551667757,0.9729335831771809,0.9916736053288926,pmram,classification
294,0.003022772753060519,0.0009246216561539807,0.9702269414948991,0.9908409658617818,pmram,classification
295,0.003001700547172248,0.0011481577730183175,0.9693941286695815,0.9908409658617818,pmram,classification
296,0.0028411048242844394,0.0012090236439426228,0.9745992088278159,0.9891756869275604,pmram,classification
297,0.003108296501621846,0.0010142867241309122,0.9693941286695815,0.9900083263946711,pmram,classification
298,0.003393073759822967,0.0012242212631025482,0.9721007703518634,0.9883430474604497,pmram,classification
299,0.002685841667195757,0.001196362625661738,0.9710597543202165,0.9900083263946711,pmram,classification
300,0.002978072397592364,0.0013026623359705313,0.9702269414948991,0.9891756869275604,pmram,classification
301,0.002763129879536106,0.0009097890028083304,0.9704351447012284,0.9908409658617818,pmram,classification
302,0.0029470952898232906,0.0009540780730464873,0.9727253799708515,0.9908409658617818,pmram,classification
303,0.003050057387145055,0.0009117516129511059,0.9683531126379347,0.9916736053288926,pmram,classification
304,0.002573562037900118,0.0016795590003839168,0.9750156152404748,0.9875104079933389,pmram,classification
305,0.0031312816843620046,0.0009309473795681373,0.9681449094316052,0.9916736053288926,pmram,classification
306,0.003204139842055141,0.001018697446519253,0.9664792837809703,0.9900083263946711,pmram,classification
307,0.00272457089039334,0.0009303715081573723,0.9714761607328752,0.9908409658617818,pmram,classification
308,0.0028192473217428455,0.0009905648391405361,0.9706433479075578,0.9916736053288926,pmram,classification
309,0.0037187259158927366,0.0008627485716909319,0.9675202998126171,0.9908409658617818,pmram,classification
310,0.0027244028519174345,0.0011298466849138497,0.9716843639392047,0.9891756869275604,pmram,classification
311,0.0030521966327720948,0.0010787555110407412,0.9712679575265459,0.9900083263946711,pmram,classification
312,0.0030525245659352713,0.0012101315263950334,0.9737663960024985,0.9891756869275604,pmram,classification
313,0.0028006531656011024,0.0010972786417539596,0.9710597543202165,0.9916736053288926,pmram,classification
314,0.0027448776278504415,0.0012505912458676098,0.9714761607328752,0.9883430474604497,pmram,classification
315,0.0030399823954742685,0.001024821292776475,0.9658546741619821,0.9883430474604497,pmram,classification
316,0.0028887747453617573,0.0009569784831472803,0.9693941286695815,0.9916736053288926,pmram,classification
317,0.0028787178843775263,0.000950668891736746,0.9731417863835103,0.9908409658617818,pmram,classification
318,0.003850307574789632,0.0012524754831026138,0.9702269414948991,0.9891756869275604,pmram,classification
319,0.002912927529957458,0.0013158143622851888,0.9675202998126171,0.9891756869275604,pmram,classification
320,0.0029916438870729195,0.0010323454017171652,0.9687695190505934,0.9883430474604497,pmram,classification
321,0.003396642691231434,0.000857464118095287,0.9660628773683114,0.9941715237302248,pmram,classification
322,0.003013304269170866,0.0009372110870572972,0.9681449094316052,0.9908409658617818,pmram,classification
323,0.0028177478440670565,0.0009445922358502803,0.9702269414948991,0.9916736053288926,pmram,classification
324,0.0029947353468196864,0.0013023051852011412,0.9689777222569228,0.9891756869275604,pmram,classification
325,0.004091939135285317,0.0014096010647144954,0.9700187382885697,0.9866777685262281,pmram,classification
326,0.002651625178586021,0.0014705178800886566,0.9708515511138871,0.9891756869275604,pmram,classification
327,0.0032860730459024364,0.0009236889906835546,0.9704351447012284,0.9908409658617818,pmram,classification
328,0.0031117637816338787,0.0009199895488515459,0.9691859254632521,0.9900083263946711,pmram,classification
329,0.0029644572959218875,0.001105451767373951,0.9704351447012284,0.9900083263946711,pmram,classification
330,0.0026874458867154494,0.0012291023704680078,0.9689777222569228,0.9891756869275604,pmram,classification
331,0.003313018615793281,0.0013882314664568382,0.9714761607328752,0.9883430474604497,pmram,classification
332,0.0028822904720463443,0.0010809217256685403,0.9696023318759109,0.9916736053288926,pmram,classification
333,0.0027001661699526626,0.001130433205854796,0.9733499895898396,0.9891756869275604,pmram,classification
334,0.0026383615438129297,0.0014281729278895232,0.9754320216531335,0.9900083263946711,pmram,classification
335,0.0032394779212004984,0.0008636696692974889,0.9654382677493233,0.9916736053288926,pmram,classification
336,0.003164660553024221,0.0009400830313340016,0.9696023318759109,0.9925062447960034,pmram,classification
337,0.0027410912668933947,0.0009006844859858734,0.9727253799708515,0.9908409658617818,pmram,classification
338,0.003149629218655854,0.0010975486285624704,0.9708515511138871,0.9908409658617818,pmram,classification
339,0.002856436382448632,0.0009803952411558481,0.9723089735581928,0.9925062447960034,pmram,classification
340,0.0031593551890478203,0.0012665929720208954,0.9698105350822402,0.9883430474604497,pmram,classification
341,0.0034260328033736956,0.0007890301097810988,0.965230064542994,0.9925062447960034,pmram,classification
342,0.003300099968506896,0.0010278990897788147,0.9689777222569228,0.9891756869275604,pmram,classification
343,0.002556678828460095,0.00113688238844474,0.9714761607328752,0.9900083263946711,pmram,classification
344,0.0027289462983360047,0.0012231778824929888,0.9727253799708515,0.9875104079933389,pmram,classification
345,0.002931928485007571,0.0011140099787878355,0.9687695190505934,0.9900083263946711,pmram,classification
346,0.0030325038097089134,0.0012064102903740492,0.9656464709556527,0.9900083263946711,pmram,classification
347,0.00304568524937495,0.0010356319665778537,0.9687695190505934,0.9900083263946711,pmram,classification
348,0.0030682152193877324,0.0008690376517104665,0.9673120966062877,0.9925062447960034,pmram,classification
349,0.002727387039368581,0.0011509836521108234,0.9704351447012284,0.9908409658617818,pmram,classification
350,0.0032422950679105527,0.0010553169584554697,0.9710597543202165,0.9883430474604497,pmram,classification
351,0.0026951740495278864,0.0010939271074504925,0.9687695190505934,0.9900083263946711,pmram,classification
352,0.0030452911524858706,0.0010102895000479576,0.9712679575265459,0.9891756869275604,pmram,classification
353,0.002588033565815888,0.0009357046504984986,0.9737663960024985,0.9900083263946711,pmram,classification
354,0.002638850406870206,0.0009673877683569747,0.9716843639392047,0.9891756869275604,pmram,classification
355,0.0028933104559179614,0.0010134908471482928,0.9708515511138871,0.9933388842631141,pmram,classification
356,0.0027957074794501017,0.0009865765884397653,0.9723089735581928,0.9900083263946711,pmram,classification
357,0.002592085065904174,0.0008310011085347706,0.9718925671455341,0.9916736053288926,pmram,classification
358,0.0028693173466067643,0.001041434198690828,0.9714761607328752,0.9908409658617818,pmram,classification
359,0.0030092769147304294,0.0010411169649032779,0.9691859254632521,0.9908409658617818,pmram,classification
360,0.0036946124322177246,0.00111669635374586,0.9675202998126171,0.9891756869275604,pmram,classification
361,0.0028039927505361596,0.0011495650917691777,0.9708515511138871,0.9883430474604497,pmram,classification
362,0.0027329174437361,0.001067697456328324,0.9718925671455341,0.9916736053288926,pmram,classification
363,0.003112445597451738,0.0015288261808361935,0.9677285030189465,0.9875104079933389,pmram,classification
364,0.0028758834797928553,0.0011419255626104853,0.9723089735581928,0.9883430474604497,pmram,classification
365,0.0027518962874373354,0.001050574488652487,0.9710597543202165,0.9891756869275604,pmram,classification
366,0.002589706015524338,0.0011506203409256436,0.9725171767645222,0.9900083263946711,pmram,classification
367,0.002879667392804483,0.0009866689940950183,0.9696023318759109,0.9900083263946711,pmram,classification
368,0.003156773419963483,0.0010766762046672273,0.9704351447012284,0.9900083263946711,pmram,classification
369,0.0034696845065894633,0.0010454856827824092,0.9716843639392047,0.9875104079933389,pmram,classification
370,0.0028431465538645596,0.0012375916855302729,0.9683531126379347,0.9891756869275604,pmram,classification
371,0.0027329470554505156,0.001097121848635605,0.9725171767645222,0.9883430474604497,pmram,classification
372,0.002903843765330658,0.0009931971208129596,0.9662710805746408,0.9900083263946711,pmram,classification
373,0.0031726994395528283,0.001105890190965503,0.9710597543202165,0.9891756869275604,pmram,classification
374,0.0028876096289236486,0.0011705628937059124,0.9689777222569228,0.9908409658617818,pmram,classification
375,0.003114399296494696,0.0012424554244276262,0.9687695190505934,0.9900083263946711,pmram,classification
376,0.0028233422444553166,0.0010078437988887494,0.9727253799708515,0.9891756869275604,pmram,classification
377,0.0027679281051160333,0.0009718433427287081,0.9727253799708515,0.9900083263946711,pmram,classification
378,0.0033343713820981557,0.0010799941390467424,0.9641890485113471,0.9883430474604497,pmram,classification
379,0.002844664506116262,0.0010411367624870917,0.9683531126379347,0.9900083263946711,pmram,classification
380,0.003024649562364762,0.0010247203454741283,0.9725171767645222,0.9900083263946711,pmram,classification
381,0.0028071727813284535,0.0010861332232068967,0.9696023318759109,0.9891756869275604,pmram,classification
382,0.003022355206276622,0.0011262680315873978,0.9714761607328752,0.9916736053288926,pmram,classification
383,0.003040860148434503,0.0010943941207452181,0.9683531126379347,0.9883430474604497,pmram,classification
384,0.0027535981519503376,0.0014125357938776853,0.9721007703518634,0.9891756869275604,pmram,classification
385,0.002925066471676913,0.0010056457841702171,0.9710597543202165,0.9908409658617818,pmram,classification
386,0.0032614403997254936,0.0011850209603494004,0.9681449094316052,0.9875104079933389,pmram,classification
387,0.0027748502569101313,0.0013795408149242872,0.9721007703518634,0.9891756869275604,pmram,classification
388,0.0029444670693531197,0.0009561964699596812,0.9687695190505934,0.9908409658617818,pmram,classification
389,0.002932010662542044,0.0010102538885913175,0.9696023318759109,0.9900083263946711,pmram,classification
390,0.003131862808367563,0.000919434859213434,0.9723089735581928,0.9916736053288926,pmram,classification
391,0.003105828990431104,0.0010498599979024594,0.9702269414948991,0.9908409658617818,pmram,classification
392,0.003243225656023981,0.000991682982231978,0.9660628773683114,0.9925062447960034,pmram,classification
393,0.0029602787321091764,0.0011389332635988862,0.9693941286695815,0.9883430474604497,pmram,classification
394,0.00272972299664043,0.0013857002468542394,0.9708515511138871,0.9900083263946711,pmram,classification
395,0.0027532373935929685,0.0011653473539096455,0.9710597543202165,0.9908409658617818,pmram,classification
396,0.002833766141038077,0.0009534764840274577,0.9708515511138871,0.9908409658617818,pmram,classification
397,0.002599999022625686,0.0011663374896793254,0.9760566312721216,0.9883430474604497,pmram,classification
398,0.004094342603990988,0.0013241258404876023,0.9660628773683114,0.9883430474604497,pmram,classification
399,0.0032398154869498793,0.0009271493546050553,0.9691859254632521,0.9908409658617818,pmram,classification
400,0.003036236461488925,0.0009528436968653625,0.9702269414948991,0.9908409658617818,pmram,classification
401,0.00342229231499801,0.0009539339795699351,0.9683531126379347,0.9900083263946711,pmram,classification
402,0.0035697871641909955,0.0014180536471077743,0.9662710805746408,0.9891756869275604,pmram,classification
403,0.0029758397466420673,0.0012574512939931178,0.9683531126379347,0.9875104079933389,pmram,classification
404,0.003307542658166453,0.0013068999267717533,0.9727253799708515,0.9900083263946711,pmram,classification
405,0.0025913389713287994,0.001166699657939393,0.9714761607328752,0.9900083263946711,pmram,classification
406,0.0027511077567503746,0.001106825456151942,0.9710597543202165,0.9891756869275604,pmram,classification
407,0.003271604131284016,0.0009596929730355839,0.9675202998126171,0.9925062447960034,pmram,classification
408,0.002720340691307529,0.000900976379618334,0.9708515511138871,0.9925062447960034,pmram,classification
409,0.0028327342231670486,0.00115573825314641,0.9708515511138871,0.9900083263946711,pmram,classification
410,0.0030538129873105306,0.0009521824508582821,0.9698105350822402,0.9908409658617818,pmram,classification
411,0.002831537013184322,0.0012175229407705795,0.9704351447012284,0.9891756869275604,pmram,classification
412,0.0028866850319212794,0.001140226138915423,0.9671038933999584,0.9891756869275604,pmram,classification
413,0.0029943466429679486,0.000971708688877219,0.9673120966062877,0.9925062447960034,pmram,classification
414,0.002732375260619336,0.0010195462295644413,0.9712679575265459,0.9908409658617818,pmram,classification
415,0.0030709507885033605,0.0011173495412148927,0.9758484280657922,0.9908409658617818,pmram,classification
416,0.0032645376674891413,0.0009299228165599577,0.9727253799708515,0.9916736053288926,pmram,classification
417,0.0027578495897185164,0.0011450313297267087,0.9700187382885697,0.9908409658617818,pmram,classification
418,0.0031401097567803583,0.0009363632582106335,0.9712679575265459,0.9900083263946711,pmram,classification
419,0.0032675982661957907,0.0012801064092659708,0.9687695190505934,0.9875104079933389,pmram,classification
420,0.003412530923759797,0.0010408426107269566,0.9689777222569228,0.9916736053288926,pmram,classification
421,0.0026910435811190086,0.00135240283233271,0.9698105350822402,0.9900083263946711,pmram,classification
422,0.0026306124086457445,0.0011448900486349589,0.9727253799708515,0.9900083263946711,pmram,classification
423,0.003219908884538959,0.0015216120365591445,0.966895690193629,0.9866777685262281,pmram,classification
424,0.002956005735425602,0.0009196887419347362,0.9691859254632521,0.9908409658617818,pmram,classification
425,0.0035278144660563847,0.0008144718833301809,0.9681449094316052,0.9933388842631141,pmram,classification
426,0.0030525289184091774,0.0011769665047862907,0.9708515511138871,0.9908409658617818,pmram,classification
427,0.0029903537859043094,0.0012489411443685934,0.9662710805746408,0.9908409658617818,pmram,classification
428,0.0030358249643267243,0.0009744869852182669,0.9708515511138871,0.9925062447960034,pmram,classification
429,0.0028903235524001623,0.000940189495811442,0.9706433479075578,0.9900083263946711,pmram,classification
430,0.002990728457577181,0.0008077317568474294,0.9725171767645222,0.9933388842631141,pmram,classification
431,0.003054126544550911,0.0009122361213071186,0.9679367062252758,0.9900083263946711,pmram,classification
432,0.0032222536907325974,0.0009568351018300697,0.9677285030189465,0.9883430474604497,pmram,classification
433,0.0028117574524654447,0.0008828228143362528,0.9712679575265459,0.9941715237302248,pmram,classification
434,0.002742795948351786,0.0012674562239105953,0.9727253799708515,0.9900083263946711,pmram,classification
435,0.002858129766894388,0.0011665365580379417,0.9712679575265459,0.9916736053288926,pmram,classification
436,0.0029367567043904275,0.0012229498069451115,0.9710597543202165,0.9891756869275604,pmram,classification
437,0.003434919366577546,0.000862824578585722,0.9671038933999584,0.9916736053288926,pmram,classification
438,0.0027015168333141856,0.0011322767955315402,0.9712679575265459,0.9891756869275604,pmram,classification
439,0.0033807300530294938,0.0014863999484480668,0.9725171767645222,0.9858451290591174,pmram,classification
440,0.0030875376951842943,0.0009593468009774184,0.9693941286695815,0.9933388842631141,pmram,classification
441,0.0028400260087567248,0.000934223537616351,0.9712679575265459,0.9925062447960034,pmram,classification
442,0.0029286331716826403,0.0007491269064361507,0.9737663960024985,0.9925062447960034,pmram,classification
443,0.0031583548034652804,0.0012243998653374047,0.9664792837809703,0.9900083263946711,pmram,classification
444,0.0030968206772332934,0.0009255306401695563,0.9691859254632521,0.9900083263946711,pmram,classification
445,0.002764622639783631,0.0010574542980123123,0.9750156152404748,0.9900083263946711,pmram,classification
446,0.0035254675411184318,0.0008106625557091587,0.9673120966062877,0.9933388842631141,pmram,classification
447,0.002920997866268254,0.0009657509664118563,0.9708515511138871,0.9900083263946711,pmram,classification
448,0.0028680552960286786,0.0010730271977135953,0.9733499895898396,0.9891756869275604,pmram,classification
449,0.0027857147816563958,0.0011067178575702005,0.9735581927961691,0.9883430474604497,pmram,classification
450,0.0027479994500123,0.0010761332122002612,0.9673120966062877,0.9891756869275604,pmram,classification
451,0.0028084998890930525,0.0010187770046144848,0.9718925671455341,0.9916736053288926,pmram,classification
452,0.003000664250844131,0.0012865549887450633,0.9712679575265459,0.9875104079933389,pmram,classification
453,0.0028664481386157614,0.0010428806170929754,0.9696023318759109,0.9908409658617818,pmram,classification
454,0.0031942908265578476,0.0009689716338028792,0.9710597543202165,0.9908409658617818,pmram,classification
455,0.003044112020544669,0.0010125989553446475,0.9698105350822402,0.9883430474604497,pmram,classification
456,0.002887591889196731,0.0008654553490883975,0.9702269414948991,0.9933388842631141,pmram,classification
457,0.002899780800744857,0.0011890719285689226,0.9693941286695815,0.9891756869275604,pmram,classification
458,0.0028697603977262637,0.0012359833395221796,0.9702269414948991,0.9891756869275604,pmram,classification
459,0.0030042236252406126,0.0010250220728571294,0.9702269414948991,0.9916736053288926,pmram,classification
460,0.0032008296089541992,0.0011351009523364204,0.9671038933999584,0.9883430474604497,pmram,classification
461,0.002916321171497662,0.001097121871705419,0.9714761607328752,0.9891756869275604,pmram,classification
462,0.002983197524570442,0.001024320661722311,0.9710597543202165,0.9900083263946711,pmram,classification
463,0.002898764589659105,0.0012416470288721647,0.9689777222569228,0.9900083263946711,pmram,classification
464,0.0031750649511918826,0.0012396235919660647,0.9691859254632521,0.9891756869275604,pmram,classification
465,0.002611844789747916,0.0012320286896177486,0.9712679575265459,0.9883430474604497,pmram,classification
466,0.003098394213280773,0.0012265691088960754,0.9660628773683114,0.9916736053288926,pmram,classification
467,0.0031205981436305567,0.0009477212827351816,0.9681449094316052,0.9891756869275604,pmram,classification
468,0.0036279540180802414,0.0010139140429178393,0.9673120966062877,0.9908409658617818,pmram,classification
469,0.0026943520869200347,0.0008722820565830312,0.9710597543202165,0.9916736053288926,pmram,classification
470,0.0035882934923529043,0.0009413277986246184,0.9739745992088278,0.9900083263946711,pmram,classification
471,0.003059745322423905,0.0013593416558276184,0.9708515511138871,0.9883430474604497,pmram,classification
472,0.0032541885727315725,0.0013141234567796783,0.9671038933999584,0.9891756869275604,pmram,classification
473,0.0032786099429628376,0.0010034583204989627,0.9658546741619821,0.9925062447960034,pmram,classification
474,0.0026606642548537784,0.0008952017390028846,0.9716843639392047,0.9925062447960034,pmram,classification
475,0.002735279084414216,0.0012028314637331963,0.9727253799708515,0.9908409658617818,pmram,classification
476,0.0026448839048380133,0.0010435220560169067,0.9698105350822402,0.9883430474604497,pmram,classification
477,0.003496257973797643,0.0012496902560272397,0.9673120966062877,0.9891756869275604,pmram,classification
478,0.0028507518190359253,0.0009390262527845731,0.9721007703518634,0.9908409658617818,pmram,classification
479,0.003717012625663089,0.001066618358993982,0.9691859254632521,0.9891756869275604,pmram,classification
480,0.003344477129300857,0.0009785172111547856,0.968561315844264,0.9908409658617818,pmram,classification
481,0.0030532442160782973,0.0008761694026315316,0.9698105350822402,0.9925062447960034,pmram,classification
482,0.003242012519029117,0.0011005784281382925,0.9718925671455341,0.9900083263946711,pmram,classification
483,0.0036928182602193973,0.0013256597388489211,0.9718925671455341,0.9891756869275604,pmram,classification
484,0.0029766376858102843,0.0009327992557669734,0.9671038933999584,0.9908409658617818,pmram,classification
485,0.0030576583214628494,0.001185344952623128,0.968561315844264,0.9891756869275604,pmram,classification
486,0.002890138969569157,0.001093052761500498,0.9683531126379347,0.9900083263946711,pmram,classification
487,0.002930851205638562,0.0009773562704565796,0.9689777222569228,0.9900083263946711,pmram,classification
488,0.003145290349805799,0.0009686847858683057,0.9677285030189465,0.9900083263946711,pmram,classification
489,0.002619962651868528,0.0012492600550795972,0.9700187382885697,0.9883430474604497,pmram,classification
490,0.0032645454628316656,0.0009873542427895692,0.9664792837809703,0.9908409658617818,pmram,classification
491,0.003976118850246205,0.0009549406120983215,0.9648136581303353,0.9900083263946711,pmram,classification
492,0.0028529553137531154,0.0011014559371730346,0.9712679575265459,0.9908409658617818,pmram,classification
493,0.0031058246140100113,0.0008939812477479544,0.9639808453050177,0.9925062447960034,pmram,classification
494,0.0028766776298762434,0.0011126577778937268,0.9710597543202165,0.9908409658617818,pmram,classification
495,0.00294811788632459,0.0008840472410300391,0.9706433479075578,0.9933388842631141,pmram,classification
496,0.0028344553739880333,0.0011516717680536837,0.9739745992088278,0.9891756869275604,pmram,classification
497,0.003128735102323748,0.0009917775673061286,0.9700187382885697,0.9908409658617818,pmram,classification
498,0.0029210050711235684,0.001044828978232996,0.9693941286695815,0.9900083263946711,pmram,classification
499,0.003403893897004306,0.0012549733022672995,0.966895690193629,0.9883430474604497,pmram,classification
500,0.002936093519726241,0.0011150341209173078,0.9710597543202165,0.9900083263946711,pmram,classification
