epoch,train_loss,train_accuracy,train_mean_iou,train_mean_dice,train_iou_Class_0,train_dice_Class_0,train_iou_Class_1,train_dice_Class_1,val_loss,val_accuracy,val_mean_iou,val_mean_dice,val_iou_Class_0,val_dice_Class_0,val_iou_Class_1,val_dice_Class_1,dataset,task
1,0.02357421503510586,0.3498790652252907,0.18929107782486046,0.2961161404925046,0.3250724266080991,0.49064854128798785,0.05350972904162182,0.10158373969702138,0.029900266365571457,0.7203036221590909,0.4038194168076753,0.50329958834427,0.7117533366109954,0.8316073599951684,0.09588549700435525,0.17499181669337155,medseg_liver,segmentation
2,0.023135735545047494,0.5129905523255814,0.28247697018487633,0.39680241980966696,0.49425124703703543,0.66153700459289,0.07070269333271723,0.1320678350264439,0.029269383712248367,0.8185258345170454,0.4785128643546491,0.5744135098423419,0.8128004945272073,0.8967346345955097,0.14422523418209102,0.25209238508917403,medseg_liver,segmentation
3,0.02274357371552046,0.6431203442950582,0.36082083778951596,0.4705674191818301,0.6297495103595713,0.772817548164969,0.09189216521946061,0.1683172901986912,0.028870365836403587,0.8166725852272727,0.4786795308767463,0.5756245252604237,0.8107089248670142,0.8954602407193148,0.14665013688647838,0.2557888098015326,medseg_liver,segmentation
4,0.02235987713170606,0.7231104651162791,0.4123757133165915,0.5166861835796346,0.7131302554990387,0.8325464490629784,0.11162117113414431,0.20082591809629088,0.02875722267410972,0.7991499467329546,0.4652865169637442,0.5634549760138355,0.7924712195560331,0.884221973452177,0.1381018143714553,0.24268797857549398,medseg_liver,segmentation
5,0.0220114131306493,0.7593284429505814,0.43888027110496086,0.5415906074579135,0.7505817836262844,0.8575226712018833,0.12717875858363736,0.2256585437139439,0.028723619200966576,0.7898060191761364,0.4607876240460101,0.5611249903627439,0.7824124066619387,0.8779252250911144,0.1391628414300815,0.24432475563437334,medseg_liver,segmentation
6,0.021729766629463017,0.801490961119186,0.4695964610001098,0.5691002959489817,0.7945986910900156,0.8855447126258482,0.14459423091020404,0.25265587927211525,0.028645190325650303,0.7909157492897727,0.4630175692201555,0.5641125422226128,0.783379514123523,0.878533714130422,0.14265562431678805,0.2496913703148035,medseg_liver,segmentation
7,0.021489830904228742,0.8211613144985465,0.48063365110907197,0.5763946680251208,0.8155334120035445,0.8983953769306364,0.1457338902145995,0.25439395911960516,0.028529145500876686,0.7993496981534091,0.4705263045697016,0.5716627846634139,0.7920433372428956,0.8839555615451515,0.1490092718965077,0.2593700077816763,medseg_liver,segmentation
8,0.02125479315602502,0.847545535065407,0.5089233446208218,0.6064740230319722,0.8424355694298533,0.9144803578564729,0.17541111981179017,0.29846768820747155,0.028376907110214233,0.8196799538352273,0.48817373703492833,0.5887938408979926,0.8131052885822582,0.8969201002309786,0.16324218548759853,0.28066758156500654,medseg_liver,segmentation
9,0.021048657422841982,0.8702449355014535,0.529758217313684,0.6262019645977047,0.8660773409433316,0.9282330608071322,0.19343909368403636,0.3241708683882773,0.02820720997723666,0.8429953835227273,0.5097278179509881,0.6098080910914436,0.8373063787205329,0.9114499230156901,0.18214925718144315,0.3081662591671972,medseg_liver,segmentation
10,0.02086351014846979,0.8896796647892442,0.5549222865355182,0.652658632030684,0.886055498867948,0.9395858174902891,0.2237890742030884,0.3657314465710788,0.028031658042560924,0.8692959872159091,0.5369646451030333,0.6367828084463021,0.8646113525060756,0.9273904198255796,0.20931793769999113,0.34617519706702465,medseg_liver,segmentation
11,0.020671561706897823,0.907215207122093,0.5693920272860049,0.6647399172868844,0.9045042307509863,0.9498579379834942,0.2342798238210236,0.3796218965902748,0.027840413830497047,0.8914129083806818,0.5636052908724927,0.6635347689326474,0.8875649216333966,0.9404337953741436,0.23964566011158872,0.3866357424911513,medseg_liver,segmentation
12,0.02047653322996095,0.9160411746002907,0.5827167422517726,0.6785966670560387,0.913599434415642,0.9548491894225803,0.25183405008790327,0.40234414468949714,0.02763194658539512,0.9111550071022727,0.5917942501432651,0.6919228508382482,0.9080478252369921,0.9518082442448282,0.2755406750495381,0.43203745743166827,medseg_liver,segmentation
13,0.020303928574850392,0.9237372819767442,0.582417534088143,0.6751631692639104,0.9218233459046533,0.9593216232584859,0.24301172227163262,0.39100471526933483,0.027415961027145386,0.9307528409090909,0.6255795747479816,0.7254430522987785,0.9283894512142482,0.9628651003350693,0.3227696982817151,0.4880210042624875,medseg_liver,segmentation
14,0.020107387110244398,0.9335369731104651,0.6027802658513908,0.6972609372950591,0.9318292995408314,0.9647118404947208,0.2737312321619502,0.4298100340953974,0.027229932221499355,0.9537464488636364,0.6813370383148604,0.7787741630295526,0.9522073156737161,0.9755186429522263,0.4104667609560047,0.582029683106879,medseg_liver,segmentation
15,0.019928783871406733,0.9422323537427325,0.6217047034532541,0.7170759780621434,0.9407467154302144,0.9694688214084388,0.30266269147629393,0.46468313471584805,0.027067333459854126,0.9647771661931818,0.7171427723069379,0.8107684979874293,0.9636384465563482,0.9814825618700737,0.4706470980575276,0.640054434104785,medseg_liver,segmentation
16,0.019750051027120546,0.9450598428415697,0.6285146433326957,0.7241104204668607,0.9436467563322947,0.9710064375205476,0.31338253033309665,0.4772144034131737,0.026893304152922196,0.9704256924715909,0.7374889679801839,0.8280153296781705,0.9695038220339526,0.9845158066590837,0.5054741139264154,0.6715148526972573,medseg_liver,segmentation
17,0.01956893053165702,0.9557708030523255,0.6655785517490542,0.7619478485741633,0.9545565913357228,0.9767500164151186,0.37660051216238555,0.5471456807332079,0.02670177546414462,0.9753750887784091,0.7554079109876974,0.8426091464772338,0.9746536146287427,0.9871641359357992,0.5361622073466521,0.6980541570186685,medseg_liver,segmentation
18,0.019414699354837108,0.9557793195857558,0.6324207524345205,0.7250774286417492,0.9548831456961426,0.976920945682515,0.3099583591728982,0.47323391160098327,0.026512766426259823,0.9784046519886364,0.7634704474835322,0.8488651899512487,0.9778213398361357,0.9887863176935375,0.5491195551309287,0.7089440622089599,medseg_liver,segmentation
19,0.019213310507840888,0.9599126771438954,0.667846718422297,0.7631795060897686,0.9589170223348261,0.9790277090878473,0.37677641450976795,0.5473313030916899,0.026295117356560448,0.980224609375,0.7710966903669574,0.8548689015709503,0.9797087257023038,0.9897503738634592,0.562484655031611,0.7199874292784414,medseg_liver,segmentation
20,0.019068713105002116,0.9619651617005814,0.6643532433243725,0.7588761701108386,0.9611052405445611,0.9801669188112319,0.3676012461041839,0.5375854214104453,0.026058597998185593,0.9805020419034091,0.7738815999195687,0.8570996545339822,0.9799895221163273,0.9898936445571266,0.5677736777228101,0.7243056645108379,medseg_liver,segmentation
21,0.018898843332778578,0.9624193768168605,0.652704284174783,0.7460394242625954,0.9616647650595787,0.9804578052156343,0.3437438032899874,0.5116210433095565,0.025837161324240944,0.9798251065340909,0.7743861245513259,0.857618260654335,0.979271893918411,0.9895274084650628,0.569500355184241,0.7257091128436073,medseg_liver,segmentation
22,0.018711941186771837,0.9660985192587209,0.6892769958438778,0.7835924011626889,0.9652691336766193,0.9823276793349894,0.41328485801113646,0.5848571229903884,0.02559272809462114,0.9786598899147727,0.7748269595623345,0.8581612987694838,0.9780344047689465,0.9888952410645157,0.5716195143557224,0.7274273564744518,medseg_liver,segmentation
23,0.018573521181594495,0.9602022392805233,0.6688470016791475,0.7641545823297254,0.9592137763693718,0.979182351552157,0.3784802269889232,0.5491268131072938,0.025301694869995117,0.9819890802556818,0.7957550694512076,0.8742220583592133,0.9814668904788217,0.9906467730496875,0.6100432484235934,0.7577973436687391,medseg_liver,segmentation
24,0.018366524646448536,0.9701296784156976,0.7163605523033487,0.808866924542508,0.9693388116674041,0.984430719513096,0.4633822929392932,0.6333031295719199,0.024955473162911156,0.9866943359375,0.8297636515794056,0.8989019388734337,0.9863193446053418,0.9931125599557726,0.6732079585534694,0.8046913177910948,medseg_liver,segmentation
25,0.018151610396629155,0.9753134084302325,0.7427992529089564,0.8317434263539158,0.9746598634497161,0.9871673410599359,0.5109386423681967,0.6763195116478957,0.02448814565485174,0.9873490767045454,0.8391440436920609,0.9054653183029298,0.9869802076302985,0.9934474473778332,0.6913078797538232,0.8174831892280262,medseg_liver,segmentation
26,0.017938743497050085,0.9792735964752907,0.7700524461822335,0.8541674516482545,0.9787087611651482,0.9892398319284165,0.5613961311993187,0.7190950713680924,0.023926602168516678,0.9818115234375,0.8087785367586595,0.8841402234931326,0.981213607811447,0.9905177351324043,0.6363434657058722,0.7777627118538608,medseg_liver,segmentation
27,0.017719417810440063,0.9761820948401163,0.757343755155154,0.8441057350802235,0.9754992860039378,0.9875977105283482,0.5391882243063701,0.7006137596320988,0.023430358279835094,0.9829767400568182,0.8214689428581188,0.8933471331830971,0.9823935175077962,0.9911185734130435,0.6605443682084412,0.7955756929531507,medseg_liver,segmentation
28,0.01755022864009059,0.979736328125,0.784742721502956,0.865937682558549,0.9791267629519111,0.9894533096925252,0.5903586800540008,0.7424220554245726,0.023048498413779518,0.9876930930397727,0.856994688883861,0.9176636624795124,0.9872767114475325,0.9935976260984813,0.7267126663201895,0.8417296988605434,medseg_liver,segmentation
29,0.017357626626657886,0.9805823037790697,0.7856484290962604,0.866528287594155,0.9800210888503714,0.9899097483041311,0.5912757693421495,0.7431468268841789,0.022758229212327438,0.9889803799715909,0.8666066851813419,0.9239396549267244,0.9886146049497362,0.9942747101314025,0.7445987654129476,0.8536045997220463,medseg_liver,segmentation
30,0.017114808393079183,0.983909429505814,0.817187675552397,0.8901113951751776,0.983411621815127,0.9916364419758255,0.6509637292896671,0.7885863483745297,0.02241294492374767,0.9878484552556818,0.8588652950320943,0.9189029532316844,0.9874350235797131,0.9936777925963812,0.7302955664844755,0.8441281138669875,medseg_liver,segmentation
31,0.016980711803879847,0.9834779251453488,0.8162822564031746,0.8894979562390899,0.9829558433340412,0.9914046716051419,0.6496086694723082,0.787591240873038,0.02207104590806094,0.9878817471590909,0.8628852518564754,0.9215745660352062,0.9874527467212977,0.9936867664907246,0.7383177569916531,0.8494623655796876,medseg_liver,segmentation
32,0.016801428309706753,0.9814367959665697,0.7994888732512495,0.8771665433687637,0.9808617621575719,0.9903384283507081,0.6181159843449272,0.7639946583868192,0.02185470407659357,0.9893132990056818,0.8697704726737088,0.925985875032034,0.988958194784107,0.9944484478131067,0.7505827505633105,0.8575233022509614,medseg_liver,segmentation
33,0.016634652434393417,0.9826404660247093,0.8091194829595858,0.8842899034765214,0.9820971118232307,0.9909677038173466,0.636141854095941,0.7776121031356962,0.021518979560245167,0.9897682883522727,0.872823275267887,0.9279373894886307,0.9894329069809409,0.994688389348553,0.7562136435548331,0.8611863896287084,medseg_liver,segmentation
34,0.016384502136430074,0.983619867369186,0.8152113378066305,0.8886919943050889,0.9831121621697848,0.991484174141851,0.6473105134434761,0.7858998144683269,0.02099135247143832,0.9890913529829546,0.8739741801795584,0.9287341837051606,0.9887027076713687,0.994319265375839,0.7592456526877481,0.8631491020344821,medseg_liver,segmentation
35,0.016164217230885528,0.9841847974200582,0.8212676388774311,0.8930603775059008,0.9836865331171332,0.991776187108942,0.658848744637729,0.7943445679028597,0.020553266460245304,0.9867387251420454,0.8557409615347811,0.9169058510977006,0.9862577336173943,0.9930813276897464,0.7252241894521678,0.8407303745056547,medseg_liver,segmentation
36,0.015986787718395856,0.9858767487281976,0.8409694489025216,0.9068874728737802,0.9854035800100971,0.9926481345471188,0.696535317794946,0.8211268112004417,0.020260996439240196,0.9856178977272727,0.8468321705722803,0.9109606186724188,0.9850967675153401,0.9924924403038983,0.7085675736292204,0.8294287970409393,medseg_liver,segmentation
37,0.015783575038577236,0.9854367278343024,0.8381314462358944,0.9049527289185901,0.9849457253780487,0.992415775187463,0.6913171670937401,0.8174896826497172,0.020009783181277187,0.9897238991477273,0.8795908357046724,0.9322972174356609,0.9893581566385228,0.9946506146588209,0.7698235147708222,0.8699438202125008,medseg_liver,segmentation
38,0.01555869884269182,0.9874835347020349,0.8561331513410136,0.917103445340566,0.987055956784397,0.9934858184685699,0.7252103458976303,0.840721072212562,0.019775742834264583,0.991455078125,0.8947661840126662,0.9417220602718319,0.9911558296854104,0.9955582731483216,0.7983765383399221,0.8878858473953424,medseg_liver,segmentation
39,0.015435945849085963,0.9863735465116279,0.8425126686382312,0.907909267648979,0.9859280454052178,0.9929141669420802,0.6990972918712444,0.8229043683558777,0.019412155855785717,0.9890580610795454,0.8744685098026788,0.9290561027776918,0.988664712305583,0.9943000508711821,0.7602723072997746,0.8638121546842015,medseg_liver,segmentation
40,0.015215788123219512,0.986915765806686,0.8532155611392824,0.9151867929134863,0.9864602856585999,0.9931839994792994,0.7199708366199649,0.8371895863476732,0.01910445365038785,0.9873379794034091,0.8609489820442374,0.9203356643345612,0.9868770630372676,0.9933951942941694,0.7350209010512072,0.8472761343749529,medseg_liver,segmentation
41,0.014982670545578003,0.9871230014534884,0.8539676128665867,0.9156763782642061,0.9866791574035555,0.9932949200444354,0.721256068329618,0.8380578364839769,0.018815839832479305,0.9890469637784091,0.875579882751055,0.9297737188215849,0.9886477347216123,0.9942914649587364,0.7625120307804978,0.8652559726844333,medseg_liver,segmentation
42,0.01481697171233421,0.9872479106104651,0.8546602308335745,0.916132613988432,0.9868099600654843,0.9933611969943612,0.7225105016016647,0.8389040309825029,0.018571173602884464,0.9869717684659091,0.8594101799915772,0.9193424122843994,0.9864902186409822,0.9931991704604213,0.7323301413421721,0.8454856541083774,medseg_liver,segmentation
43,0.014623647512391556,0.9875346339026163,0.8595204683711695,0.9193675379254782,0.9870953900768848,0.9935057924307218,0.7319455466654542,0.8452292834202346,0.018422018397938122,0.9854070490056818,0.8474496734155479,0.9114037103702675,0.98486627077178,0.9923754413830935,0.7100330760593158,0.8304319793574413,medseg_liver,segmentation
44,0.014438244145970012,0.9876226380813954,0.8603574759046144,0.9199178648054482,0.9871860433673117,0.9935517076141623,0.733528908441917,0.8462840219967342,0.01825984770601446,0.987548828125,0.8638937953418528,0.9222692326268824,0.9870896475531463,0.9935028837462109,0.7406979431305594,0.851035581507554,medseg_liver,segmentation
45,0.014263125353081281,0.9872649436773255,0.8554494698729265,0.9166629111653097,0.9868246378681562,0.9933686336072515,0.7240743018776966,0.839957188723368,0.018006378954107113,0.9869495738636364,0.8591403348466671,0.9191643216350998,0.9864676708502739,0.9931877425702409,0.7318129988430602,0.8451409006999586,medseg_liver,segmentation
46,0.014058925731237544,0.9884828079578488,0.8699886037157912,0.926193388383092,0.9880662430871314,0.99399730418724,0.751910964344451,0.8583894725789438,0.017785649407993664,0.9888250177556818,0.8746953466338447,0.9292200218965534,0.988412767816965,0.9941726223193807,0.7609779254507245,0.864267421473726,medseg_liver,segmentation
47,0.013942535186922827,0.9880172374636628,0.8631094227929076,0.9217116790821204,0.9875972591144462,0.993759932587611,0.738621586471369,0.8496634255766298,0.01756937395442616,0.9865167791193182,0.8557521693849239,0.9169330936331899,0.9860185728576357,0.9929600723107807,0.7254857659122123,0.840906114955599,medseg_liver,segmentation
48,0.013747614830039268,0.9874466297238372,0.8585868086775817,0.9187516384727247,0.9870052014455356,0.9934601084360469,0.7301684159096279,0.8440431685094024,0.017298438332297585,0.98486328125,0.8430159352327689,0.9084069077289084,0.9843043393197193,0.9920900940600363,0.7017275311458183,0.8247237213977805,medseg_liver,segmentation
49,0.013571640779805738,0.9882329896438954,0.8653663166201019,0.9231842106723225,0.987818783464994,0.9938720689047053,0.7429138497752098,0.8524963524399398,0.017046714370900936,0.9872048117897727,0.860716674719328,0.9201925236512647,0.9867347760547328,0.9933231027587843,0.7346985733839232,0.8470619445437451,medseg_liver,segmentation
50,0.013444351595501567,0.9880853697311046,0.8648594529714689,0.9228622555533503,0.9876624865510263,0.9937929535157743,0.7420564193919116,0.8519315575909263,0.016788152131167324,0.9874489524147727,0.8628629377151946,0.9215959450439517,0.9869871367087155,0.9934509574567054,0.7387387387216738,0.8497409326311979,medseg_liver,segmentation
51,0.013228019656136979,0.9888319858284884,0.8725475027289384,0.9278301553156221,0.9884301944277333,0.9941814373948408,0.7566648110301437,0.8614788732364033,0.01655440709807656,0.9858953302556818,0.8508661427505195,0.9136875997267981,0.985374329703591,0.9926332933404087,0.716357955797448,0.8347419061131877,medseg_liver,segmentation
52,0.01320452745570693,0.9862798646438954,0.8458457410461087,0.9102197108705357,0.9858127089709046,0.9928556751777222,0.7058787731213128,0.8275837465633492,0.01625772768800909,0.9868829900568182,0.8583914677566489,0.9186699815343348,0.986399723851126,0.9931533034436258,0.7303832116621719,0.8441866596250437,medseg_liver,segmentation
53,0.01297494110672973,0.9876538653706395,0.858484790264824,0.9186654316789242,0.987228094081287,0.99357300455003,0.729741486448361,0.8437578588078184,0.015954349528659473,0.9882479580965909,0.8682284419228425,0.9250621985107645,0.9878217070298445,0.9938735486552503,0.7486351768158407,0.8562508483662786,medseg_liver,segmentation
54,0.012759270363075788,0.98876953125,0.8698553938318132,0.9260840253063641,0.988375065749938,0.9941535505799166,0.7513357219136882,0.8580145000328117,0.015650972723960876,0.9885364879261364,0.871170844848222,0.9269589815749415,0.9881185157910007,0.9940237545626036,0.7542231739054432,0.8598942085872794,medseg_liver,segmentation
55,0.012681552837061327,0.9882102788880814,0.863777915139786,0.9221378638307407,0.9878014751018538,0.9938633082574199,0.739754355177718,0.8504124194040614,0.015391158786686983,0.9862726384943182,0.8533935498204572,0.9153654484813591,0.9857677040775634,0.9928328495356168,0.7210193955633509,0.8378980474271014,medseg_liver,segmentation
56,0.012558431819427845,0.9879916878633721,0.8641234469709309,0.9223842800159621,0.9875651872274226,0.9937436956269478,0.7406817067144391,0.8510248644049763,0.01533300361850045,0.9894242720170454,0.8785552621345079,0.9316565741022721,0.989040434241468,0.9944900236466477,0.7680700900275476,0.8688231245578965,medseg_liver,segmentation
57,0.012474661996198256,0.9879945267078488,0.8622487149882636,0.9211432454396036,0.987576745688732,0.9937495473630312,0.7369206842877952,0.8485369435161758,0.015153298323804682,0.9896129261363636,0.8801926636095879,0.9326892944027678,0.9892361829837516,0.994588969822526,0.7711491442354242,0.8707896189830096,medseg_liver,segmentation
58,0.012240791390108507,0.9891783248546512,0.8745226724054298,0.9290820426794852,0.9887937724885971,0.9943653144602417,0.7602515723222625,0.8637987708987287,0.0149253633889285,0.9885808771306818,0.8721037278054227,0.9275615419554247,0.9881619364253555,0.9940457246677156,0.7560455191854897,0.8610773592431339,medseg_liver,segmentation
59,0.012080077515092007,0.989246457122093,0.8746809951079386,0.9291791547922276,0.9888662896642872,0.9944019814737812,0.7604957005515901,0.8639563281106739,0.014837438409978693,0.9882146661931818,0.8692718080334811,0.925746818338045,0.9877808843314719,0.9938528860173451,0.7507627317354902,0.8576407506587448,medseg_liver,segmentation
60,0.011878501883772917,0.9889710892078488,0.8724802779696248,0.9277759077778887,0.9885800455031575,0.9942572316751006,0.7563805104360921,0.8612945838806766,0.014677944508465853,0.9872159090909091,0.861503254607866,0.9207142102919823,0.9867427729688516,0.9933271547723626,0.7362637362468805,0.8481012658116021,medseg_liver,segmentation
61,0.011778771530750186,0.9884998410247093,0.8692135470498095,0.9256862787976434,0.9880881319447461,0.9940083802806057,0.7503389621548727,0.8573641773146813,0.014288609678095037,0.9872270063920454,0.8615029419896036,0.9207130651202808,0.986754738258223,0.9933332174894476,0.7362511457209842,0.848092912751114,medseg_liver,segmentation
62,0.01169330470783766,0.987937749818314,0.861614025752262,0.9207267585123866,0.9875186529894757,0.9937201359133154,0.7357093985150481,0.8477333811114577,0.01409210671078075,0.9893132990056818,0.8786037667576079,0.9316956322887191,0.9889207192892361,0.9944295010840235,0.7682868142259797,0.8689617634934146,medseg_liver,segmentation
63,0.011559316238691641,0.9898596475290697,0.8797779908627321,0.9324070505080586,0.9895031942964057,0.9947239060818364,0.7700527874290585,0.870090194934281,0.013930868018757214,0.9890802556818182,0.8758440752943122,0.9299413755927299,0.9886823702601805,0.9943089807054815,0.763005780328444,0.8655737704799785,medseg_liver,segmentation
64,0.011347851780957954,0.9894707258357558,0.8785374945346102,0.931641844115647,0.989090502648402,0.9945153338487754,0.7679844864208183,0.8687683543825185,0.013903420079838146,0.9883145419034091,0.8695050144222405,0.925891167834292,0.9878873628258358,0.9939067789248653,0.7511226660186452,0.8578755567437188,medseg_liver,segmentation
65,0.011345290860464407,0.9876652207485465,0.8601540167635688,0.9197787048098728,0.9872327171537078,0.9935753458887399,0.7330753163734299,0.8459820637310057,0.013589905066923662,0.9873712713068182,0.8621054928258178,0.9211006602699796,0.9869071998884156,0.993410462193544,0.7373037857632202,0.8487908583464152,medseg_liver,segmentation
66,0.011063047619753106,0.9896183457485465,0.8789690385710209,0.9319073336590948,0.9892473750596175,0.9945946265531403,0.7686907020824244,0.8692200407650494,0.013507711616429415,0.9872492009943182,0.8615022808292929,0.9207107508457543,0.9867786663586827,0.9933453414488544,0.736225895299903,0.8480761602426541,medseg_liver,segmentation
67,0.010945736322292062,0.9898426144622093,0.8822567841912221,0.9339868364252093,0.9894742725683924,0.9947092920090799,0.775039295814052,0.8732643808413386,0.013217591426589272,0.9872048117897727,0.8612624394889605,0.9205552446943128,0.986732028398998,0.9933217105219299,0.7357928505789232,0.8477887788666959,medseg_liver,segmentation
68,0.010849090509636457,0.9897318995276163,0.8800317396908888,0.9325781561266571,0.9893648614077108,0.9946540029943207,0.7706986179740668,0.8705023092589935,0.01284580339084972,0.9886252663352273,0.8726006237100911,0.9278804062921692,0.9882074114969245,0.9940687332544461,0.7569938359232576,0.8616920793298922,medseg_liver,segmentation
69,0.010758925315945647,0.9898511309956395,0.8820089103063777,0.9338287851763596,0.9894845209203649,0.9947144705228617,0.7745332996923906,0.8729430998298576,0.012722163037820295,0.9910000887784091,0.8928347840374395,0.9405531015174061,0.990674623706704,0.9953154693478075,0.7949949443681751,0.8857907336870048,medseg_liver,segmentation
70,0.010643997857736986,0.9901123046875,0.882526700441036,0.9341394537168244,0.9897630783064287,0.9948552057251538,0.7752903225756432,0.873423701708495,0.012661513957110319,0.9904563210227273,0.8891671599878885,0.9383015665831342,0.9901048198720644,0.9950278095760947,0.7882295001037126,0.8815753235901739,medseg_liver,segmentation
71,0.010470339378645254,0.9896666061046512,0.8760965740111937,0.9300604802150435,0.9893112510825326,0.994626909734889,0.7628818969398549,0.865494050695198,0.012410781600258568,0.9884920987215909,0.8718325109343941,0.9273923285040198,0.9880675672554391,0.9939979742433835,0.7555974546133492,0.8607866827646559,medseg_liver,segmentation
72,0.010278657425281614,0.9900839162427325,0.8841496887257976,0.9351698776084887,0.9897256849050252,0.9948363157932169,0.77857369254657,0.8755034394237605,0.012263902209021828,0.9854847301136364,0.8479432883763971,0.9117340039433336,0.9849473502491686,0.9924165999924673,0.7109392265036256,0.8310514078941998,medseg_liver,segmentation
73,0.010269884799802027,0.9888830850290697,0.8730256250543176,0.9281361264719701,0.988482996538138,0.9942081458670189,0.7575682535704973,0.8620641070769212,0.012147245081988249,0.9878040660511364,0.8663593158077569,0.9238723104257351,0.9873525519293546,0.9936360319871946,0.7453660796861593,0.8541085888642758,medseg_liver,segmentation
74,0.010101555391799572,0.9905069040697675,0.8858768769431751,0.9362318305349924,0.9901730876602338,0.995062282571955,0.7815806662261163,0.8774013784980298,0.01204886490648443,0.9918767755681818,0.9022076571065937,0.9462640276460199,0.9915797223137456,0.995772060946437,0.8128355918994418,0.8967559943456029,medseg_liver,segmentation
75,0.010087076661198638,0.9899476517078488,0.8793824270471708,0.9321480078408352,0.9895992739168267,0.994772451810008,0.7691655801775151,0.8695235638716624,0.01180804046717557,0.9897349964488636,0.8826927470809327,0.9342710217808745,0.9893564384905826,0.9946497463684822,0.7760290556712827,0.8738922971932667,medseg_liver,segmentation
76,0.00999255547689837,0.9890165107194767,0.873209777448205,0.9282452417731164,0.988625639789097,0.9942802908786245,0.7577939151073131,0.8622101926676085,0.011834491382945667,0.9898903586647727,0.8842270391350793,0.9352320164545652,0.9895169271121613,0.9947308450885839,0.7789371511579972,0.8757331878205465,medseg_liver,segmentation
77,0.009759733496710311,0.9903110238008721,0.8850635224922003,0.9357319215718893,0.9899660143936128,0.9949577100644883,0.780161030590788,0.8765061330792904,0.011790760538794777,0.9920543323863636,0.9043210730478779,0.9475379260895351,0.9917623507202286,0.9958641404800163,0.8168797953755274,0.8992117116990539,medseg_liver,segmentation
78,0.009704057213871978,0.9902741188226745,0.881959885686789,0.9337680627587739,0.9899390351337968,0.9949440838696213,0.773980736239781,0.8725920416479264,0.011422317136417736,0.9889692826704546,0.8760601719731784,0.9300886704724363,0.9885618282651855,0.9942480180539354,0.7635585156811713,0.865929322890937,medseg_liver,segmentation
79,0.009540654199067937,0.9900470112645349,0.8845419982139817,0.9354204242435289,0.9896842607001551,0.9948153888013294,0.7793997357278084,0.8760254596857283,0.011270861056717959,0.9911221590909091,0.8954225843796932,0.9421480275147398,0.9907951812762587,0.9953763105264097,0.800049987483128,0.8889197445030698,medseg_liver,segmentation
80,0.009396401602168416,0.9904472883357558,0.8847867259503497,0.9355478439217226,0.9901134964725925,0.9950321911062203,0.7794599554281068,0.876063496737225,0.01134611733935096,0.9926646839488636,0.9100185184832736,0.9509383070437776,0.9923968805344126,0.9961839332615557,0.8276401564321346,0.9056926808259995,medseg_liver,segmentation
81,0.009461116998694664,0.9892947174781976,0.8707791451851792,0.9266451420572506,0.988934307168788,0.9944363708789539,0.7526239832015703,0.8588539132355472,0.011274246329610998,0.9890580610795454,0.8770293172901311,0.930705008257442,0.9886529719765365,0.9942941135616107,0.7654056626037258,0.8671159029532733,medseg_liver,segmentation
82,0.009200507818266403,0.9907396893168605,0.8916834600375732,0.9398536995764397,0.990399161765886,0.9951764257046832,0.7929677583092601,0.8845309734481963,0.01093705269423398,0.9874045632102273,0.8631887552915254,0.9218152292887998,0.9869376575238092,0.9934258921377184,0.7394398530592415,0.8502045664398812,medseg_liver,segmentation
83,0.009149587085080702,0.9899022301962209,0.8815481708133022,0.9335322880017332,0.9895414651354759,0.9947432435826051,0.7735548764911283,0.8723213324208611,0.010694469917904247,0.9924760298295454,0.9081855522563234,0.9498481282181727,0.9922009800526926,0.9960852243195357,0.8241701244599541,0.9036110321168096,medseg_liver,segmentation
84,0.009062988466994708,0.9904075445130814,0.8835051140731289,0.9347395981289244,0.9900759794056777,0.9950132453750404,0.77693424874058,0.8744659508828083,0.010743991895155474,0.9924871271306818,0.9084343850762273,0.949997113831758,0.9922119455169885,0.9960907500326275,0.8246568246354661,0.9039034776308885,medseg_liver,segmentation
85,0.008885965790859488,0.9908163381177325,0.8901092581403851,0.9388672842226151,0.990488259542322,0.9952214033857878,0.7897302567384482,0.8825131650594424,0.01064150712706826,0.9917879971590909,0.9019054935478004,0.9460850174932385,0.9914853467408536,0.9957244710471604,0.8123256403547471,0.8964455639393165,medseg_liver,segmentation
86,0.008737176483453707,0.9913841070130814,0.8965151111571398,0.9428061334422442,0.9910726366751407,0.9955163045484031,0.8019575856391389,0.8900959623360851,0.010371597653085535,0.9916437322443182,0.9000376381028117,0.9449532066906776,0.9913376587509303,0.9956499887344554,0.808737617454693,0.8942564246468999,medseg_liver,segmentation
87,0.008684177384820095,0.9906743958938954,0.8894130302484402,0.9384412495112087,0.9903385194550188,0.9951458103983103,0.7884875410418615,0.8817366886241071,0.01033045622435483,0.9944069602272727,0.9279477407672435,0.9614008215482752,0.9942050315032491,0.9970940959403846,0.8616904500312379,0.9257075471561659,medseg_liver,segmentation
88,0.008707808200703111,0.9904841933139535,0.8850589375407159,0.9357172931285784,0.9901520092601109,0.9950516389230236,0.7799658658213209,0.8763829473341334,0.010399999266321009,0.9946400035511364,0.9307489365039167,0.9630038804891252,0.994445849910312,0.9972151913325008,0.8670520230975213,0.9287925696457497,medseg_liver,segmentation
89,0.008443595365036366,0.9917929006177325,0.898523266052047,0.9440167869648435,0.9915040554834279,0.9957339054905867,0.8055424766206662,0.8922996684391002,0.01005049862644889,0.9944735440340909,0.9288240219499705,0.9619035014028792,0.9942735583269197,0.9971285575897199,0.8633744855730213,0.9266784452160384,medseg_liver,segmentation
90,0.008333972720212714,0.9911030614098837,0.8923151811707288,0.9402237908402613,0.9907874469408119,0.9953724074996833,0.7938429154006457,0.8850751741808395,0.009792466055263172,0.9935635653409091,0.9193105202587198,0.9564070292461895,0.9933289626525501,0.9966533184073277,0.8452920778648896,0.9161607400850512,medseg_liver,segmentation
91,0.008286350688268973,0.990489871002907,0.887357298893515,0.9371646188773599,0.9901486813933617,0.9950499584786091,0.7845659163936684,0.8792792792761107,0.009760727936571295,0.9941517223011364,0.9255216182922409,0.9600074032808936,0.9939391151326679,0.9969603460700811,0.8571041214518139,0.923054460491706,medseg_liver,segmentation
92,0.00818603970976763,0.9915146938590116,0.8969132648774734,0.9430435614200267,0.991211460091093,0.9955863352109751,0.8026150696638538,0.8905007876290782,0.009813942015171051,0.9947176846590909,0.9310794666172599,0.963190544744124,0.9945282324800044,0.9972566106456202,0.8676307007545153,0.9291244788426277,medseg_liver,segmentation
93,0.008096440067124922,0.9906005859375,0.8876959319879054,0.9373699906755137,0.9902662880188059,0.9951093418806367,0.7851255759570048,0.8796306394703907,0.009257345714352348,0.9938853870738636,0.9223323292786236,0.9581626390930533,0.993664117747377,0.9968219911286852,0.8510005408098702,0.9195032870574215,medseg_liver,segmentation
94,0.008132908753184386,0.9897375772165697,0.8782865536941615,0.9314618221144544,0.9893783624164477,0.994660825821665,0.7671947449718753,0.8682628184072436,0.009454510428688744,0.9923206676136364,0.906958793248684,0.9491178209326454,0.9920385646395011,0.9960033728754947,0.8218790218578668,0.9022322689897961,medseg_liver,segmentation
95,0.007871193421441455,0.9916481195494186,0.8988781219851283,0.9442429329877263,0.99134708427299,0.995654742563289,0.8064091596972665,0.8928311234121636,0.009818917648358778,0.9950395063920454,0.934579604491677,0.9651788701168791,0.9948622461283003,0.9974245069394284,0.8742969628550535,0.9329332332943296,medseg_liver,segmentation
96,0.007862359978431878,0.9906318132267442,0.8859830537766491,0.9362903677593714,0.9903067189121817,0.9951297551298444,0.7816593886411164,0.8774509803888983,0.009622059085152367,0.9947509765625,0.9315502412803702,0.9634591474282246,0.9945624058755969,0.9972737909285841,0.8685380766851435,0.9296445039278649,medseg_liver,segmentation
97,0.007635688539161239,0.9916935410610465,0.8981919789799189,0.9438192462288937,0.9913986207218011,0.9956807345406912,0.8049853372380366,0.8919577579170963,0.00925597074356946,0.9933083274147727,0.9162826093031422,0.9546342695309815,0.9930656178833539,0.9965207457022863,0.8394996007229306,0.9127477933596767,medseg_liver,segmentation
98,0.007600437416586765,0.9904983875363372,0.887761154697293,0.937417671646618,0.9901561429253373,0.9950537262567783,0.7853661664692486,0.8797816170364577,0.009006965566765179,0.9936079545454546,0.9190607855050189,0.9562582541603966,0.9933776357228341,0.9966778175100953,0.8447439352872037,0.9158386908106979,medseg_liver,segmentation
99,0.007490748582884323,0.9909980241642442,0.891467143895827,0.939702670070601,0.9906779984886684,0.9953171725822012,0.7922562893029858,0.884088167559001,0.009390412406487898,0.9952059659090909,0.9364314967942993,0.9662255251923744,0.9950349393147814,0.9975112913626846,0.8778280542738172,0.9349397590220642,medseg_liver,segmentation
100,0.00732669546160587,0.9927808184956395,0.9100049113329602,0.9509242215420887,0.9925218639170399,0.9962468988579833,0.8274879587488807,0.905601544226194,0.008902173827994953,0.9952281605113636,0.9369139896937619,0.9664983301383034,0.9950571871935225,0.9975224706147744,0.8787707921940014,0.9354741896618326,medseg_liver,segmentation
101,0.007343911500864251,0.9919745866642442,0.9021712559613309,0.9462363695494174,0.9916851229287098,0.9958252050107883,0.8126573889939519,0.8966475340880464,0.00890052995898507,0.9942405007102273,0.9266138352601766,0.9606365821180923,0.9940307090678083,0.9970064197582081,0.8591969614525449,0.9242667444779765,medseg_liver,segmentation
102,0.007130438505217086,0.9921364007994186,0.9042400888715763,0.9474843388990704,0.9918510237700071,0.9959088425124439,0.8166291539731455,0.8990598352856969,0.009046423164280977,0.9953280362215909,0.9375583711021396,0.9668598566639414,0.9951623652690056,0.9975753177710216,0.8799543769352737,0.9361443955568611,medseg_liver,segmentation
103,0.007068269474561824,0.9923720248909884,0.9060801195420065,0.9485849388280908,0.9920972912558478,0.9960329704885196,0.8200629478281654,0.901136907167662,0.008888470178300684,0.9943070845170454,0.927386564722946,0.9610807410597649,0.994099582483933,0.9970410617564459,0.860673546961959,0.925120420363084,medseg_liver,segmentation
104,0.0071071783124014385,0.991066156431686,0.8922815178753535,0.9402051775362963,0.9907479273237517,0.9953524639914174,0.7938151084269552,0.8850578910811752,0.008786298334598541,0.9945179332386364,0.9291160589820495,0.9620699644497794,0.9943202722578708,0.9971520483338923,0.8639118457062284,0.9269878805656667,medseg_liver,segmentation
105,0.006984643984672635,0.9919632312863372,0.901213022270412,0.945652929274386,0.991676662903086,0.9958209395872611,0.8107493816377381,0.8954849189615111,0.008263764056292448,0.9944624467329546,0.9283420230783559,0.9616260994033461,0.9942633127920143,0.9971234053340959,0.8624207333646976,0.9261287934725961,medseg_liver,segmentation
106,0.006817065179347992,0.9922641488008721,0.903952590307767,0.9473029602743359,0.9919894878560659,0.9959786373408247,0.8159156927594682,0.898627283207847,0.008346508849750866,0.9933083274147727,0.9169381194476799,0.9550215457945502,0.9930631449365639,0.9965195006083679,0.8408130939587959,0.9135235909807325,medseg_liver,segmentation
107,0.006885600297950035,0.990966796875,0.8935200182992402,0.9409803502248011,0.9906359160584356,0.9952959333919255,0.7964041205400447,0.8866647670576767,0.008183769881725311,0.9949729225852273,0.9342160367619168,0.9649741662590823,0.9947919061841862,0.9973891543274926,0.8736401673396474,0.932559178190672,medseg_liver,segmentation
108,0.006687770575978035,0.9922698264898255,0.9027721172252257,0.946585511384916,0.9919999999997086,0.995983935742825,0.8135442344507426,0.897187087027007,0.008400701663710854,0.9957386363636364,0.9419319281175538,0.9693108869064747,0.9955891981288602,0.9977897245208205,0.8882746581062475,0.9408320492921289,medseg_liver,segmentation
109,0.006674337352431098,0.9927013308502907,0.9091616893964236,0.9504227436482104,0.9924395917200172,0.9962054516927883,0.8258837870728302,0.9046400356036325,0.008307540281252428,0.9938853870738636,0.9229109591745253,0.958500279836531,0.993662004231856,0.9968209276423533,0.8521599141171946,0.9201796320307087,medseg_liver,segmentation
110,0.006750491642674735,0.9916083757267442,0.9000482156700842,0.9449617114265716,0.9912995361319459,0.9956307608623489,0.8087968952082225,0.8942926619907943,0.00794760679656809,0.9944402521306818,0.9284517676754525,0.9616902627168439,0.9942390616903418,0.9971112097740302,0.862664473660563,0.9262693156596575,medseg_liver,segmentation
111,0.006587513484234034,0.9915374046148255,0.8966214313903699,0.9428624567517847,0.991237017940158,0.9955992270227545,0.8020058448405818,0.8901256864808148,0.008285852995785799,0.9951393821022727,0.9349127758956858,0.9653649582873461,0.9949684089592246,0.9974778592893105,0.874857142832147,0.9332520572853817,medseg_liver,segmentation
112,0.006359113336995591,0.9930079260537791,0.91311708339119,0.9527710342169267,0.9927543479792801,0.9963640013993359,0.8334798188031,0.9091780670345175,0.008261217312379316,0.9948286576704546,0.9328492306812628,0.964199505150952,0.9946414608332245,0.9973135326463448,0.8710570005293011,0.9310854776555593,medseg_liver,segmentation
113,0.006444459217925405,0.9911371275436046,0.8910207881954222,0.9394156527635811,0.9908291106701944,0.9953934321732324,0.79121246572065,0.8834378733539298,0.008055907758799467,0.9921764026988636,0.9049309488913675,0.9479006694362309,0.9918913323507178,0.995929161637692,0.8179705654320173,0.8998721772347696,medseg_liver,segmentation
114,0.006277606064497039,0.9923152480014535,0.907209351264616,0.9492690884913411,0.9920317200531634,0.995999923160549,0.8223869824760686,0.902538253822133,0.007705655964938077,0.9936967329545454,0.9201434269714914,0.9568899790520895,0.9934691624879346,0.9967238833512154,0.8468176914550481,0.9170560747529636,medseg_liver,segmentation
115,0.006247233859328336,0.9919717478197675,0.9011217547126196,0.9455967492173665,0.9916861675228449,0.9958257316776491,0.8105573419023944,0.8953677667570838,0.007751286029815674,0.9954612038352273,0.9389198639185616,0.9676249135121064,0.9953009570411019,0.9976449452688749,0.8825387707960213,0.9376048817553378,medseg_liver,segmentation
116,0.0061519442256106885,0.9920001362645349,0.9013638704170165,0.9457428645665066,0.9917157362790804,0.9958406395199768,0.8110120045549526,0.8956450896130363,0.008207909085533836,0.9948619495738636,0.9322749572372924,0.9638699193619606,0.9946792006148285,0.9973325037010806,0.8698707138597563,0.9304073350228408,medseg_liver,segmentation
117,0.006244899575100388,0.9916566360828488,0.8984833253466542,0.9440002664779081,0.9913578141353723,0.9956601541906319,0.8056088365579362,0.8923403787651842,0.008286897431720387,0.9944180575284091,0.925966165161463,0.9602541944482249,0.9942237023415317,0.9971034856061103,0.8577086279813945,0.9234049032903395,medseg_liver,segmentation
118,0.00613157381845075,0.9917247683502907,0.8980679232919504,0.9437412137511969,0.9914326441237956,0.9956978932220055,0.8047032024601051,0.8917845342803884,0.007879305969585072,0.9952503551136364,0.936082936977654,0.9660261675964052,0.9950837372774528,0.9975358113392995,0.8770821366778553,0.9345165238535111,medseg_liver,segmentation
119,0.00595495693905409,0.9927609465843024,0.910655559181706,0.9513147110049087,0.9924980141799322,0.9962348841671717,0.82881310418348,0.9063945378426459,0.007622125473889438,0.9946843927556818,0.9311952738784823,0.9632582143951143,0.9944920370252464,0.9972384131535723,0.8678985107317182,0.9292780156366561,medseg_liver,segmentation
120,0.005912769499213197,0.9925338390261628,0.908089470210468,0.9497873293894363,0.9922635681714981,0.9961167628861464,0.8239153722494381,0.9034578958927264,0.007657824592156844,0.9952392578125,0.9368042734465769,0.9664357619536436,0.995069475570349,0.9975286452476841,0.8785390713228047,0.935342878659603,medseg_liver,segmentation
121,0.005889364626518515,0.9931782567223837,0.9141159681890774,0.9533565852881132,0.9929337869664706,0.9964543663819935,0.835298149411684,0.9102588041942329,0.007886564189737493,0.9946178089488636,0.9303704152755633,0.962787423711966,0.9944233002552698,0.9972038534928787,0.8663175302958568,0.9283709939310535,medseg_liver,segmentation
122,0.005917530420214631,0.9924373183139535,0.9064945742922257,0.9488316465474729,0.9921659040379142,0.996067548417425,0.8208232445465373,0.9015957446775207,0.007616183974526145,0.9947065873579546,0.9313191149416703,0.9633283693970378,0.9945154762440849,0.9972501974433193,0.8681227536392557,0.9294065413507562,medseg_liver,segmentation
123,0.005771391786808191,0.9922215661337209,0.9062196086724925,0.9486772262596639,0.9919347954702421,0.9959510700108766,0.8205044218747428,0.9014033825084512,0.007500395178794861,0.9958829012784091,0.9440381943352312,0.9704855279419218,0.9957374449935134,0.9978641704512887,0.892338943676949,0.9431068854325547,medseg_liver,segmentation
124,0.005672776421835256,0.9930675417877907,0.9129167165627105,0.9526488299465666,0.9928192099363689,0.9963966675813706,0.833014223189052,0.9089009923117627,0.007485118101943623,0.9957497336647727,0.9431156351793475,0.9699737850609036,0.9955973469118256,0.9977938169265521,0.8906339234468694,0.9421537531952552,medseg_liver,segmentation
125,0.005762833495472752,0.9925451944040697,0.9070986834890209,0.9491902297140798,0.9922795587644376,0.9961248203337737,0.8219178082136042,0.902255639094386,0.007539293982765891,0.9954501065340909,0.9397825391049051,0.9681117604064313,0.9952862185113702,0.9976375411984018,0.8842788596984398,0.938585979614461,medseg_liver,segmentation
126,0.005488006008225818,0.993541628815407,0.9199797982793247,0.9568009341350139,0.9933028157609052,0.996640157137119,0.8466567807977442,0.9169617111329088,0.007483977485786785,0.9958274147727273,0.9434888320248033,0.9701801727959795,0.9956796010513786,0.9978351239616092,0.8912980629982279,0.9425252216303497,medseg_liver,segmentation
127,0.005632773214994475,0.9927268804505814,0.9096200871245932,0.9506963724582975,0.9924653263845941,0.9962184166943181,0.8267748478645924,0.9051743282222771,0.0074071464213457975,0.9956609552556818,0.9412184655622531,0.9689128039470489,0.9955080705370837,0.9977489795560148,0.8869288605874226,0.9400766283380831,medseg_liver,segmentation
128,0.005544977305933486,0.9919887808866279,0.9006696117383359,0.9453196891827249,0.9917061959591976,0.9958358295728411,0.8096330275174741,0.8948035487926086,0.007576289502057162,0.9957719282670454,0.9417997204940369,0.9692356554855459,0.9956253157569057,0.9978078629246918,0.8879741252311681,0.9406634480463999,medseg_liver,segmentation
129,0.005476526742757753,0.9929937318313954,0.9126242882478446,0.9524783061730643,0.9927409416184074,0.9963572493393461,0.8325076348772819,0.9085993630067825,0.007202722132205963,0.9956942471590909,0.9424362474997199,0.9695950488583426,0.9955399222923471,0.9977649769579506,0.8893325727070927,0.9414251207587345,medseg_liver,segmentation
130,0.005343750812286554,0.9939021620639535,0.9239849602473804,0.9591251518074905,0.9936760662067015,0.9968280033549628,0.8542938542880593,0.9214223002600181,0.007134854116223075,0.9957053444602273,0.9425845821179137,0.9696778150656651,0.9955513662007339,0.9977707244851654,0.8896177980350937,0.9415849056461648,medseg_liver,segmentation
131,0.0054367470533348795,0.9935842114825582,0.918890171825629,0.956159018867847,0.9933527261173175,0.9966652796589441,0.8444276175339407,0.9156527580767498,0.007580877705053849,0.9954944957386364,0.9403214436976716,0.9684137664571715,0.995332152957075,0.9976606165364462,0.8853107344382681,0.9391669163778968,medseg_liver,segmentation
132,0.0052872270692226496,0.9937062817950582,0.9202648484756226,0.9569607616840747,0.9934789898166959,0.9967288292394274,0.8470507071345494,0.9171926941287222,0.007965157655152407,0.9953724254261364,0.9387048401274801,0.9675064825316055,0.9952062904493727,0.9975973865090674,0.8822033898055875,0.9374155785541436,medseg_liver,segmentation
133,0.005467695205710655,0.9928347565406976,0.9110062439384349,0.9515206741312134,0.9925760775567551,0.9962742087858709,0.8294364103201146,0.906767139476556,0.007129083302888003,0.9951060901988636,0.9355965098674623,0.9657549495948206,0.9949303934968847,0.9974587551928422,0.8762626262380399,0.934051143996799,medseg_liver,segmentation
134,0.005341537816579952,0.9930703806322675,0.9139374282453774,0.9532557662127881,0.9928184337651317,0.9963962766937579,0.835056422725623,0.9101152557318183,0.006818632510575381,0.9961936257102273,0.947514630256579,0.9724115829053295,0.9960601883746887,0.9980262059990689,0.8989690721384693,0.94679695981159,medseg_liver,segmentation
135,0.005362694000088891,0.992931277252907,0.910626328177802,0.951288586800826,0.9926812277898799,0.9963271736050641,0.8285714285657241,0.9062499999965878,0.007215658372098749,0.9962935014204546,0.9492078187343265,0.9733463973725217,0.9961621988061494,0.9980774101442529,0.9022534386625036,0.9486153846007905,medseg_liver,segmentation
136,0.005279455074044161,0.9927325581395349,0.9098538439762692,0.9508361837179722,0.9924705439440842,0.9962210452351224,0.8272371440084543,0.9054513222008219,0.007370045916600661,0.9961825284090909,0.946559387757016,0.9718814972622355,0.9960511513637348,0.9980216696182523,0.8970676241502973,0.9457413249062186,medseg_liver,segmentation
137,0.005200774863708851,0.9934962073037791,0.917440543651599,0.9553092920445339,0.9932633894175542,0.9966203108840451,0.8416176978856438,0.9139982732050227,0.006920210339806296,0.9960715553977273,0.9454143621846418,0.9712475814861379,0.9959356127568992,0.9979636681578686,0.8948931116123845,0.9445314948144072,medseg_liver,segmentation
138,0.005120365598867106,0.9935756949491279,0.9180532347364863,0.9556667950293138,0.9933466028862767,0.9966621975806469,0.8427598665866957,0.9146713924779809,0.006830493157560175,0.9957608309659091,0.943985232017138,0.9704596388477489,0.9956064178492201,0.9977983724087662,0.892364046185056,0.9431209052867314,medseg_liver,segmentation
139,0.005057255369286204,0.9934791742369186,0.9195690378134947,0.9565626689152826,0.9932370961613106,0.9966070750681323,0.8459009794656789,0.9165182627624331,0.007002130828120492,0.9954279119318182,0.9388260182162689,0.967573047389906,0.9952655106227287,0.9976271381667928,0.8823865258098091,0.9375189566130191,medseg_liver,segmentation
140,0.005077541047750518,0.9932350336119186,0.9157202486564154,0.9543050647741709,0.9929888669205759,0.996482101232077,0.838451630392255,0.9121280283162648,0.00718480416319587,0.9960715553977273,0.946347834418166,0.971767096894359,0.9959327642255639,0.9979622380836991,0.8967629046107681,0.945571955705019,medseg_liver,segmentation
141,0.004987513083358144,0.9933656204578488,0.9176829116462362,0.9554582531331318,0.9931219998878703,0.9965491324101,0.842243823404602,0.9143673738561636,0.0071596740321679545,0.9960049715909091,0.9456971778426618,0.971407038620266,0.9958633052179856,0.997927365681207,0.895531050467338,0.9448867115593251,medseg_liver,segmentation
142,0.004924838106299556,0.9935984057049418,0.9196937826913145,0.9566305398902999,0.9933650321005946,0.9966714737177799,0.8460225332820346,0.91658960606282,0.00705108181996779,0.9963933771306818,0.9503949367608697,0.973999143676898,0.9962657842416138,0.9981293995078893,0.9045240892801256,0.9498688878459067,medseg_liver,segmentation
143,0.005021944468797639,0.9938084801962209,0.922922468635948,0.9585102945744483,0.9935791376434483,0.9967792287573085,0.8522657996284476,0.920241360391588,0.006943636319854043,0.9962824041193182,0.9484906847897412,0.9729499857934027,0.9961524767701522,0.9980725303930323,0.9008288928093301,0.9478274411937732,medseg_liver,segmentation
144,0.0049267073356828025,0.9938908066860465,0.9232103761147286,0.9586745974718378,0.9936667323926645,0.9968233067721731,0.8527540198367926,0.9205258881715026,0.006787432865663009,0.9965043501420454,0.9512043409478441,0.9744422232235603,0.9963824289394242,0.9981879368360812,0.9060262529562642,0.9506965096110394,medseg_liver,segmentation
145,0.004974743654561597,0.9937006041061046,0.9199815087046461,0.9567948182596462,0.9934739132989255,0.9967262743407187,0.8464891041103667,0.9168633621785738,0.006728792732412165,0.9964710582386364,0.9513257919835516,0.9745099517853195,0.9963463394446018,0.9981698263055825,0.9063052445225014,0.9508500772650564,medseg_liver,segmentation
146,0.004982925431672917,0.9940441042877907,0.9240973520837674,0.9591845416006054,0.993828467883031,0.9969046825158828,0.8543662362845039,0.921464400685328,0.006655873900110071,0.9964599609375,0.9517328123432705,0.9747341795074429,0.9963331647420614,0.9981632147766215,0.9071324599444794,0.9513051442382643,medseg_liver,segmentation
147,0.004770799258420634,0.994251339934593,0.9280471703671598,0.9614643978590731,0.9940371200317449,0.9970096444502697,0.8620572207025745,0.9259191512678766,0.006735047156160528,0.9964266690340909,0.9513876886509491,0.9745451740677931,0.9962984676564285,0.998145802141542,0.9064769096454698,0.9509445459940441,medseg_liver,segmentation
148,0.004867222853178202,0.9943819267805233,0.9289960521529934,0.9620061895844001,0.9941743228640918,0.9970786520169705,0.8638177814418949,0.9269337271518296,0.006840487772768194,0.9965931285511364,0.9532079675377823,0.9755408709475575,0.9964716699218521,0.9982327171823651,0.9099442651537124,0.95284902471275,medseg_liver,segmentation
149,0.005045254216637722,0.993308843568314,0.9151975207707497,0.9539919582938021,0.993070174406689,0.9965230398395912,0.8373248671348104,0.911460876748013,0.006943479857661508,0.9967706853693182,0.9554327504509218,0.9767537504551651,0.9966555952684182,0.9983249966897109,0.9142099056334254,0.9551825042206195,medseg_liver,segmentation
150,0.005127277398525283,0.9922811818677325,0.902403077047359,0.9463602996364054,0.9920135349871224,0.9959907576567097,0.8127926191075957,0.8967298416161011,0.006807858971032229,0.9966375177556818,0.9534633022375395,0.9756797401769601,0.9965185619236422,0.9982562455752961,0.9104080425514368,0.953103234778624,medseg_liver,segmentation
151,0.0047497657495875695,0.9939135174418605,0.9238199369798299,0.9590286406497461,0.993688920287003,0.9968344711911783,0.8539509536726569,0.9212228101083141,0.006629992615092884,0.9969260475852273,0.9568922286125788,0.9775456950009487,0.9968180303941314,0.9984064799308525,0.9169664268310262,0.9566849100710448,medseg_liver,segmentation
152,0.004821662292924038,0.9938028025072675,0.9213782934337671,0.9576086464904934,0.9935787507534618,0.9967790340641867,0.8491778361140723,0.9184382589168001,0.006607278504154899,0.9970481178977273,0.958805732746723,0.9785825082133695,0.9969434070657892,0.9984693642677125,0.9206680584276569,0.9586956521590265,medseg_liver,segmentation
153,0.004883559290752854,0.9946970385174418,0.9319003376800076,0.9636616808573479,0.9945031662700998,0.997244008521591,0.8692975090899153,0.930079353193105,0.006724543192169883,0.9963489879261364,0.9506612693210216,0.9741471483297479,0.9962172603295281,0.99810504610613,0.9051052783125151,0.9501892505533658,medseg_liver,segmentation
154,0.0046598286649515465,0.9944670921148255,0.9304021624138707,0.962811438363675,0.9942609120700486,0.997122198055823,0.8665434127576928,0.9285006786715269,0.006896263496442275,0.9963600852272727,0.950729338590431,0.974184367823369,0.9962289748088662,0.9981109255307273,0.9052297023719957,0.9502578101160106,medseg_liver,segmentation
155,0.004841656705667806,0.9942797283793605,0.9282621268228249,0.9615872652679686,0.994066915767578,0.9970246313273102,0.8624573378780719,0.9261498992086269,0.0068777183240110226,0.9968483664772727,0.9565907665604516,0.9773833438950115,0.9967355196144732,0.9983650912434526,0.91644601350643,0.9564015965465704,medseg_liver,segmentation
156,0.004772244151248489,0.9946147120276163,0.9316447098968036,0.9635183934295443,0.9944154307210205,0.9971998966750069,0.8688739890725867,0.9298368901840817,0.006687744097276168,0.9970259232954546,0.9586737592389982,0.9785114257417271,0.9969199650611446,0.9984576072187444,0.920427553416852,0.9585652442647099,medseg_liver,segmentation
157,0.004693746913311093,0.9948702080305233,0.9339287915966843,0.964814157949297,0.994682400717745,0.9973341122976062,0.8731751824756234,0.932294203600988,0.00668545744635842,0.9968927556818182,0.9566875494068883,0.9774350268808908,0.9967829034285095,0.9983888601179594,0.9165921953852669,0.9564811936438222,medseg_liver,segmentation
158,0.004556098649668139,0.9943989598473837,0.9293508696156367,0.9622097759449904,0.9941913697824651,0.997087225275592,0.8645103694488084,0.9273323266143887,0.006792472844774073,0.9968594637784091,0.9567313646816404,0.9774596494533195,0.9967470142637139,0.9983708573429441,0.916715715099567,0.956548441563695,medseg_liver,segmentation
159,0.004742952106997024,0.9944585755813954,0.9297934233025774,0.9624620098273928,0.9942539732065024,0.9971187086145008,0.8653328733986524,0.9278053110402847,0.0068616765466603365,0.9968816583806818,0.9568785589720201,0.9775392705763419,0.996770411915,0.9983825941802179,0.9169867060290403,0.9566959469724658,medseg_liver,segmentation
160,0.004766641228004943,0.994163335755814,0.9261026402482875,0.9603437349939337,0.9939495066314131,0.9969655734267772,0.8582557738651619,0.9237218965610903,0.006900666789575057,0.9969260475852273,0.9569914048466983,0.9775996726191531,0.996817737950489,0.9984063332426237,0.9171650717429077,0.9567930119956826,medseg_liver,segmentation
161,0.0048046306122181024,0.9943251498909884,0.9278603760509128,0.9613536570302911,0.9941173181559767,0.9970499820695288,0.8616034339458487,0.9256573319910534,0.006896664473143491,0.9969149502840909,0.9566491377138492,0.9774135987081489,0.9968068365846972,0.9984008651428876,0.9164914388430012,0.9564263322734102,medseg_liver,segmentation
162,0.004700734171756479,0.9946487781613372,0.9316015733392671,0.9634924035947514,0.9944522763322646,0.9972184224543404,0.8687508703462696,0.9297663847351624,0.006828734143213792,0.9969593394886364,0.9571738282244675,0.9776981724299445,0.9968529259737015,0.9984239830658715,0.9174947304752336,0.9569723617940175,medseg_liver,segmentation
163,0.004781729433425638,0.9942371457122093,0.9258915806228802,0.9602183994584171,0.9940296751610976,0.9970058997048677,0.8577534860846628,0.9234308992119665,0.0067340250719677315,0.9969926313920454,0.957507278578029,0.9778787609081221,0.9968876689662732,0.9984414090576572,0.9181268881897847,0.957316112758587,medseg_liver,segmentation
164,0.0046350271549335745,0.9943762490915697,0.9286658355356506,0.9618161844401456,0.9941694137034983,0.9970761830682814,0.8631622573678029,0.9265561858120099,0.006619155406951904,0.9969815340909091,0.9575355853508987,0.977894399575188,0.9968756820076076,0.9984353968449096,0.9181954886941897,0.9573534023054664,medseg_liver,segmentation
165,0.004689051488111186,0.9934138808139535,0.916742901906016,0.9549013268018283,0.9931774337737633,0.9965770402019256,0.8403083700382687,0.9132256134017309,0.006577512080019171,0.9968927556818182,0.9565131582030721,0.9773400484236275,0.9967834208308002,0.9983891196533164,0.9162428955753442,0.9562909771939386,medseg_liver,segmentation
166,0.0046733184609302255,0.9940611373546512,0.9242740978950981,0.9592866283481405,0.9938461538458615,0.9969135802467665,0.8547020419443345,0.9216596764495144,0.006578960201957009,0.9969038529829546,0.9567803250675795,0.977485286396844,0.9967945403773057,0.998394697322195,0.9167661097578531,0.956575875471493,medseg_liver,segmentation
167,0.0046820562592772555,0.9943563771802325,0.9281285995246589,0.9615072005705032,0.9941499645404885,0.9970664014424514,0.8621072345088291,0.9259479996985549,0.006583992730487476,0.9969593394886364,0.9577486534573811,0.9780106986319517,0.996851226181943,0.9984231304882549,0.9186460807328194,0.9575982667756484,medseg_liver,segmentation
168,0.004587115849866424,0.9949042741642442,0.934957658378677,0.9653988747663742,0.9947154280058779,0.9973507138311929,0.875199888751476,0.9334470357015555,0.00660474801605398,0.9970037286931818,0.958353503245322,0.9783381653005442,0.9968970867080424,0.9984461325961105,0.9198099197826015,0.9582301980049779,medseg_liver,segmentation
169,0.0046102766727292264,0.9940441042877907,0.9253810253797525,0.959930299755358,0.99382376232348,0.9969023151427775,0.8569382884360249,0.9229582843679386,0.0066355771639130335,0.9970703125,0.959091967970473,0.9787371832548712,0.9969663889675415,0.9984808902897826,0.9212175469734045,0.9589934762199598,medseg_liver,segmentation
170,0.004695373219113017,0.9936920875726745,0.9196124005878712,0.9565785433451971,0.9934660895336889,0.996722336787861,0.8457587116420535,0.9164347499025332,0.006652221083641052,0.9971147017045454,0.9597001547243658,0.9790656095316833,0.997012249774773,0.998503889885721,0.9223880596739586,0.9596273291776456,medseg_liver,segmentation
171,0.004694040951340697,0.9943563771802325,0.9280042589220983,0.9614354555348461,0.9941504120896405,0.9970666265318322,0.8618581057545559,0.9258042845378599,0.006665260954336686,0.9971036044034091,0.9595683810603415,0.9789945150265105,0.9970007239620355,0.9984981096892074,0.9221360381586475,0.9594909203638136,medseg_liver,segmentation
172,0.004658439824747485,0.9949667287427325,0.935531421789809,0.9657228783963328,0.994780658113679,0.9973835008550481,0.876282185465939,0.9340622559376174,0.006653792478821494,0.9970814098011364,0.9592469052734767,0.9788208920425412,0.9969778451909853,0.9984866357850226,0.9215159653559679,0.9591551483000598,medseg_liver,segmentation
173,0.004737351349619932,0.9938936455305233,0.9229584530615682,0.958527620084011,0.99367071846585,0.9968253124873999,0.8522461876572863,0.9202299276806222,0.006628791039640253,0.9971368963068182,0.9599526449010799,0.9792017632254313,0.9970353346727986,0.9985154667642938,0.9228699551293612,0.9598880596865689,medseg_liver,segmentation
174,0.004572742726913718,0.9945579351380814,0.930983583170667,0.9631416222529727,0.9943566691097566,0.9971703502299002,0.8676104972315772,0.9291128942760452,0.006620929999784989,0.9971036044034091,0.9594403898786553,0.9789252128103898,0.9970011030414135,0.9984982997986235,0.9218796767158971,0.9593521258221562,medseg_liver,segmentation
175,0.004668116656153701,0.9944301871366279,0.9287702323642322,0.9618742159833316,0.9942271026054557,0.9971051955983338,0.8633133621230088,0.9266432363683292,0.0066007213159040975,0.9971036044034091,0.9594870296741478,0.9789504685724033,0.9970009652054546,0.9984982306734955,0.9219730941428409,0.9594027064713112,medseg_liver,segmentation
176,0.004751227449539096,0.9947027162063954,0.9325247876600735,0.964018722007712,0.9945070472285037,0.9972459597076234,0.8705425280916432,0.9307914843078006,0.00660858235575936,0.9970703125,0.959091967970473,0.9787371832548712,0.9969663889675415,0.9984808902897826,0.9212175469734045,0.9589934762199598,medseg_liver,segmentation
177,0.004726081133581871,0.9944358648255814,0.9301193456000967,0.9626502025598316,0.994228300175214,0.9971057978545993,0.8660103910249793,0.9281946072650638,0.006630174815654755,0.9970814098011364,0.9592117942654703,0.9788018703574373,0.9969779493708883,0.9984866880327529,0.9214456391600524,0.9591170526821217,medseg_liver,segmentation
178,0.004601747663908227,0.9946658112281976,0.9327337380208869,0.9641395216756643,0.994466514905367,0.997225581350562,0.8710009611364067,0.9310534620007667,0.006634790788997303,0.9970925071022727,0.959308429641398,0.9788539811073689,0.9969895784249325,0.9984925201375152,0.9216272808578634,0.9592154420772226,medseg_liver,segmentation
179,0.004696004092693329,0.994239984556686,0.9260323478920572,0.9602998642974487,0.9940322300750327,0.9970071848213091,0.8580324657090818,0.9235925437735883,0.006636303256858479,0.9971147017045454,0.9596073992377503,0.9790154010988541,0.9970125244157222,0.9985040276173771,0.9222022740597785,0.9595267745803312,medseg_liver,segmentation
180,0.004556176967399065,0.9951200263444767,0.9373899085523257,0.9667715985146372,0.9949391908001628,0.9974631762094928,0.8798406263044887,0.9360800208197818,0.0066274160688573665,0.9971036044034091,0.9594753802018061,0.9789441605347169,0.9970009996656322,0.9984982479553741,0.92194976073798,0.9593900731140597,medseg_liver,segmentation
181,0.004687320527642272,0.9941690134447675,0.9268835502530975,0.9607955267466628,0.9939527406977036,0.9969672002857096,0.8598143598084915,0.9246238532076161,0.006632666696201672,0.9971147017045454,0.9595957735207685,0.979009107428798,0.9970125587422907,0.9985040448320511,0.9221789882992464,0.9595141700255448,medseg_liver,segmentation
182,0.004504682019699452,0.9949071130087209,0.9349462384431223,0.9653922769108596,0.9947185275463837,0.9973522718214721,0.8751739493398609,0.933432282000247,0.0066520693627270784,0.9971701882102273,0.9603041370291101,0.9793911438539423,0.9970700432013546,0.9985328722902735,0.9235382308568655,0.9602494154176111,medseg_liver,segmentation
183,0.004594860468492951,0.9950093114098837,0.9360254162722395,0.9660019428985063,0.9948247692780303,0.9974056715147753,0.8772260632664486,0.9345982142822373,0.0066289475018327885,0.9971479936079546,0.9600158899659446,0.9792357404186498,0.9970470631480409,0.9985213483916077,0.9229847167838483,0.9599501324456919,medseg_liver,segmentation
184,0.0046224445104599,0.9941264307776163,0.9258459251602187,0.9601964906448293,0.9939107120255362,0.996946057846152,0.8577811382949011,0.9234469234435067,0.006608682599934665,0.9971812855113636,0.9605053428400689,0.9794996610733098,0.9970813655520734,0.9985385500569629,0.9239293201280645,0.9604607720896566,medseg_liver,segmentation
185,0.004632074819054715,0.994617550872093,0.9316264343698487,0.9635078190899842,0.9944185553593365,0.9972014677532631,0.8688343133803609,0.9298141704267053,0.006606972353024917,0.9971701882102273,0.9603498688982917,0.9794158652397892,0.9970699085340384,0.9985328047588917,0.9236298292625448,0.9602989257206866,medseg_liver,segmentation
186,0.00458679850711379,0.9952307412790697,0.9384639089451794,0.9673751581510428,0.9950546636285242,0.9975212025707199,0.8818731542618347,0.9372291137313659,0.006601183929226615,0.9971590909090909,0.9601943950881602,0.9793320442374615,0.9970584517792953,0.9985270595269338,0.9233303383970252,0.9601370289479891,medseg_liver,segmentation
187,0.0045491549684557805,0.9948531749636628,0.9340684709609376,0.9648943953599864,0.9946635662562564,0.9973246446999784,0.8734733756656188,0.9324641460199945,0.006599038162014701,0.9971701882102273,0.9603498688982917,0.9794158652397892,0.9970699085340384,0.9985328047588917,0.9236298292625448,0.9602989257206866,medseg_liver,segmentation
188,0.004611284580341605,0.9943989598473837,0.9283087859223266,0.9616094468521448,0.9941951466362466,0.9970891247160315,0.8624224252084065,0.9261297689882582,0.0065915970639749,0.9971812855113636,0.9605053428400689,0.9794996610733098,0.9970813655520734,0.9985385500569629,0.9239293201280645,0.9604607720896566,medseg_liver,segmentation
189,0.004698953742897788,0.9940781704215116,0.9245664863695924,0.9594558988188935,0.9938634244206896,0.9969222688454233,0.8552695483184952,0.9219895287923635,0.006592772223732688,0.9971812855113636,0.9605167138976469,0.9795058056721769,0.9970813320145737,0.9985385332391635,0.92395209578072,0.9604730781051903,medseg_liver,segmentation
190,0.004510502482569495,0.9948219476744186,0.9337968561381762,0.9647406814190483,0.9946309040918767,0.9973082258491489,0.8729628081844758,0.9321731369889478,0.00659572265364907,0.9971479936079546,0.9600849014972037,0.9792730667550782,0.9970468595580665,0.9985212462953488,0.9231229434363409,0.9600248872148075,medseg_liver,segmentation
191,0.004578266206175782,0.9947907203851745,0.9332864319148744,0.9644505980496905,0.9945990970040457,0.9972922363175303,0.871973766825703,0.9316089597818508,0.006589891558343714,0.9971590909090909,0.9602516294101814,0.9793629898670322,0.9970582827714227,0.9985269747738684,0.92344497604894,0.960199004960196,medseg_liver,segmentation
192,0.004621695987013883,0.9945721293604651,0.9304969337628304,0.9628618258528863,0.9943737070852464,0.9971789174241691,0.8666201604404142,0.9285447342816034,0.0065929456190629435,0.9971923828125,0.9607625095676144,0.9796383613089761,0.9970925221496982,0.9985441446412447,0.9244324969855308,0.9607325779767075,medseg_liver,segmentation
193,0.004565425823594249,0.9943989598473837,0.9294343512732954,0.9622578104337842,0.9941910619489549,0.9970870704608574,0.864677640597636,0.9274285504067111,0.00660072537985715,0.9971812855113636,0.9606864650866525,0.9795975171592604,0.9970808288595728,0.9985382809257178,0.9242921013137321,0.9606567533928028,medseg_liver,segmentation
194,0.0046481882590194085,0.994362054869186,0.9289041695527717,0.9619540524422985,0.9941532519221276,0.997068054788549,0.8636550871834158,0.9268400500960479,0.006613498384302313,0.9972145774147727,0.9610726542080851,0.9798053591000195,0.9971154398655437,0.9985556367564559,0.9250298685506264,0.9610550814435833,medseg_liver,segmentation
195,0.004646995299777319,0.9943705714026163,0.9285938343750936,0.961774912903667,0.9941635615516172,0.9970732398480686,0.8630241071985699,0.9264765859592655,0.0066069384867494755,0.9971923828125,0.9607962855447874,0.9796566029247955,0.9970924219079722,0.9985440943743354,0.9245001491816025,0.9607691114752556,medseg_liver,segmentation
196,0.004716038184110509,0.9947509765625,0.9327460968813466,0.9641434376102602,0.9945582275534997,0.9972716903566284,0.8709339662091935,0.931015184863892,0.00659359178759835,0.9971479936079546,0.9602677250787197,0.979371924835345,0.9970463165141972,0.9985209739697182,0.9234891336432424,0.9602228757009716,medseg_liver,segmentation
197,0.004623322725989098,0.995139898255814,0.9379108270857561,0.9670656416753834,0.9949587453397856,0.9974730030523233,0.8808629088317267,0.9366582802984436,0.006595184857195074,0.9971368963068182,0.9601587522724596,0.9793132382137516,0.9970347213431138,0.9985151591881728,0.9232827832018055,0.9601113172393304,medseg_liver,segmentation
198,0.004725680448288141,0.9940866869549418,0.9256231714989551,0.9600689871343164,0.9938687325963861,0.9969249392884405,0.8573776104015243,0.9232130349801924,0.006612834605303678,0.9970481178977273,0.9590872132250456,0.978735087206297,0.9969425638774302,0.9984689413817525,0.9212318625726612,0.9590012330308415,medseg_liver,segmentation
199,0.004658799185309299,0.9947254269622093,0.9327246141471078,0.964132104560047,0.9945307900621115,0.997257896461093,0.8709184382321041,0.931006312659001,0.006613348018039356,0.9970925071022727,0.9595873350945774,0.9790050135173951,0.9969887480306217,0.9984921036874405,0.9221859221585332,0.9595179233473499,medseg_liver,segmentation
200,0.0045777666707371555,0.9952562908793605,0.9394418716359212,0.9679261453153929,0.9950787227648109,0.9975332917047157,0.8838050205070315,0.9383189989260702,0.006593581627715717,0.9972034801136364,0.9609624250515187,0.9797460836755564,0.9971038477439926,0.9985498239066141,0.9248210023590447,0.9609423434444987,medseg_liver,segmentation
