train_loss,val_loss,train_accuracy,val_accuracy,train_dice,val_dice,train_iou,val_iou
0.07485672198235989,0.06294791251420975,0.8717910766601562,0.9950439453125,0.4661665929042472,0.49875790839100226,0.43610030418294227,0.49752197265594633
0.0634193429723382,0.05862063243985176,0.9955917358398437,0.997882080078125,0.49889549949492723,0.499469958726893,0.4977958679198459,0.49894104003875794
0.056250305473804475,0.0532518595457077,0.9982833862304688,0.997991943359375,0.49957047789579995,0.4994974812966817,0.4991416931151582,0.4989959716793829
0.05074331779032946,0.04947075992822647,0.9983596801757812,0.997991943359375,0.49958958343669474,0.4994974812966817,0.49917984008781446,0.4989959716793829
0.046523156203329565,0.045798175036907196,0.9983718872070313,0.997991943359375,0.499592640187859,0.4994974812966817,0.49918594360343943,0.4989959716793829
0.04340138081461191,0.04255485385656357,0.9983718872070313,0.997991943359375,0.499592640187859,0.4994974812966817,0.49918594360343943,0.4989959716793829
0.040912237204611304,0.040021637082099916,0.9983718872070313,0.997991943359375,0.499592640187859,0.4994974812966817,0.49918594360343943,0.4989959716793829
0.03897241186350584,0.038308685272932054,0.9983718872070313,0.997991943359375,0.499592640187859,0.4994974812966817,0.49918594360343943,0.4989959716793829
0.03753380384296179,0.037091021239757535,0.9983734130859375,0.997991943359375,0.4995930222791288,0.4994974812966817,0.4991867065428926,0.4989959716793829
0.036450296826660636,0.03606480211019516,0.9983688354492187,0.997991943359375,0.49959187600356897,0.4994974812966817,0.4991844177245332,0.4989959716793829
0.03551748618483543,0.03497728854417801,0.998370361328125,0.997991943359375,0.4995922580960057,0.4994974812966817,0.4991851806639863,0.4989959716793829
0.0348157862201333,0.034462830424308775,0.99837646484375,0.997991943359375,0.4995937864599178,0.4994974812966817,0.4991882324217988,0.4989959716793829
0.03415391445159912,0.03374417945742607,0.998370361328125,0.997991943359375,0.4995922580960057,0.4994974812966817,0.4991851806639863,0.4989959716793829
0.033632675930857656,0.03369989320635795,0.998370361328125,0.997991943359375,0.4995922580960057,0.4994974812966817,0.4991851806639863,0.4989959716793829
0.03320490121841431,0.03328280821442604,0.9983734130859375,0.997991943359375,0.4995930222791288,0.4994974812966817,0.4991867065428926,0.4989959716793829
0.032900570705533025,0.03254563733935356,0.9983734130859375,0.997991943359375,0.4995930222791288,0.4994974812966817,0.4991867065428926,0.4989959716793829
0.03265678668394685,0.03211413435637951,0.9983551025390625,0.9981689453125,0.5217515419973915,0.5805473222303077,0.5105102488144257,0.5431572588920005
0.032373569905757904,0.03208832740783692,0.9984390258789062,0.9990478515625,0.6681122129131845,0.8542391847593468,0.6005442226526947,0.7740898469610252
0.031859325245022774,0.03161977604031563,0.9985061645507812,0.9985107421875,0.7552425446809377,0.8382511631624778,0.6709493460312734,0.7552542057387921
0.031741018127650025,0.03152807094156742,0.9984817504882812,0.99866943359375,0.7258169387748862,0.8491141355721747,0.6453997160722289,0.7679111825195504
0.03161910148337484,0.031179990619421005,0.998272705078125,0.99906005859375,0.7325863446061474,0.8767613699245242,0.6510422200999552,0.8020934538468191
0.031282548978924754,0.031095606088638306,0.998443603515625,0.99888916015625,0.7491191363856754,0.8575342465192815,0.6654515645534276,0.7780326103961037
0.031192276906222106,0.03071358650922775,0.9982879638671875,0.998077392578125,0.7468685620931506,0.8140057320399174,0.6634161547144376,0.7284185704134883
0.03075898243114352,0.03067903071641922,0.9984649658203125,0.998486328125,0.7837357297138503,0.8381623596529733,0.6976729538231936,0.7551474728802846
0.030974930711090566,0.030462614819407464,0.9980560302734375,0.99853515625,0.738018849776275,0.8387750445473446,0.6556309262492738,0.7558587374145861
0.03068849751725793,0.030460632219910622,0.998370361328125,0.99884033203125,0.7438448138372158,0.8688554447069772,0.6607815042438429,0.791995635152526
0.030571123026311396,0.02995862439274788,0.9983749389648438,0.998846435546875,0.7644936937159759,0.8700813361827986,0.6793669050761184,0.7935399126910838
0.030343009065836667,0.02975858114659786,0.9984954833984375,0.99896240234375,0.7841511851438839,0.8786574225359123,0.6980863339468898,0.8045262290033934
0.03014220530167222,0.02973620630800724,0.998590087890625,0.9989501953125,0.788880508142987,0.879625242204339,0.7027603433204456,0.8057805310242574
0.030002155248075722,0.029696497321128845,0.9985626220703125,0.998980712890625,0.7992144781612096,0.8756733312913084,0.7131323000096079,0.800680044360434
0.03030793871730566,0.029735958948731423,0.9982925415039062,0.998748779296875,0.7446749250106612,0.8613599001142498,0.6614871504912083,0.7826714618259205
0.029898917861282827,0.029610655456781387,0.998504638671875,0.998980712890625,0.7923496804605081,0.8785545106105961,0.7061893280498984,0.8043960852633123
0.029912633914500476,0.029544267803430557,0.9984954833984375,0.99903564453125,0.7644133447333841,0.8865778806717735,0.6793249755999369,0.8149375870232368
0.029628861416131257,0.029488274455070497,0.9986801147460938,0.998883056640625,0.8083824173544849,0.8762383498508286,0.7226279013932325,0.801388627569748
0.02957015298306942,0.029763131216168404,0.9987167358398438,0.99825439453125,0.8088025657493666,0.8328957862503737,0.7230764915409995,0.7491256709881858
0.02945539616048336,0.02947179451584816,0.9985824584960937,0.99918212890625,0.7912555986268119,0.8917306284293814,0.7051169980140162,0.8218716240606829
0.029510872438549995,0.02928224727511406,0.9987579345703125,0.99893798828125,0.8073449361574365,0.8765044619883288,0.7215626500967159,0.8017408578357311
0.029341616481542588,0.029185541719198228,0.99853515625,0.999163818359375,0.8001318687023111,0.8912327065098059,0.7140617781169557,0.8211958611768138
0.029345736280083655,0.029087280109524726,0.9986907958984375,0.999163818359375,0.7990173466199386,0.8983090415400128,0.7129629155935708,0.8308620097056258
0.029269460402429105,0.029205449298024176,0.998699951171875,0.99876708984375,0.8134856082552289,0.8692000865648087,0.7280116830179506,0.7924152537777036
0.029211920499801636,0.02914794459939003,0.9985504150390625,0.999151611328125,0.8013898616084387,0.8878712359618349,0.7153533072041202,0.8166804438515292
0.029080640524625778,0.029131509736180304,0.9988632202148438,0.99910888671875,0.8267009389356427,0.8914681571063732,0.7423571548285383,0.8215049436960931
0.029005839955061674,0.02915894240140915,0.9988540649414063,0.999102783203125,0.8294182488813907,0.889909766008149,0.7453668562284319,0.8194036169180157
0.029071435146033765,0.028967491164803506,0.9985244750976563,0.998974609375,0.7982560144767847,0.8868398431212279,0.7121474152474636,0.8152758754929548
0.02913779644295573,0.028905708715319632,0.9985946655273438,0.9990478515625,0.7979397747705155,0.8870446960742162,0.7118434183121525,0.8155608815448838
0.028847331181168556,0.028808986023068427,0.99876708984375,0.999188232421875,0.8215607267179004,0.8960525105091846,0.7367040538354193,0.827758860587034
0.02890923572704196,0.028874537348747252,0.9989456176757813,0.999072265625,0.8351337900815019,0.8947951770752406,0.7518019909960334,0.8260193398574565
0.028768115863204,0.028829555958509445,0.9988235473632813,0.9991943359375,0.8304036622198903,0.9021650314521633,0.7464583411181047,0.8362301613752425
0.02883217567577958,0.02880830392241478,0.9989212036132813,0.99918212890625,0.8415642921213142,0.9064803199326881,0.7591472597994511,0.8423133389501758
0.029040539357811212,0.028828704357147218,0.998406982421875,0.999005126953125,0.783898529592274,0.8897642132477185,0.6978169728486842,0.8191919499055456
0.02875207448378205,0.02874406836926937,0.9987228393554688,0.99927978515625,0.8149119451973991,0.9087702067409797,0.7295348044230139,0.8455923117057225
0.028785369358956814,0.02875583805143833,0.99879150390625,0.999169921875,0.8209970032929685,0.9037468333246093,0.7360972224122463,0.8384467943372513
0.028674167953431605,0.028706080466508865,0.9988800048828125,0.99923095703125,0.8339562031460449,0.907970601160891,0.7504570084653857,0.8444424063711079
0.028933551162481308,0.028740474954247475,0.9987655639648437,0.99918212890625,0.8016977618687735,0.9064803199326881,0.7157216112687013,0.8423133389501758
0.0288943593390286,0.028696488961577414,0.9988296508789063,0.9991943359375,0.8275021549672339,0.9063137297671177,0.7432351481590946,0.8420785612426288
0.02867424823343754,0.028705919161438942,0.9989059448242188,0.99913330078125,0.8335229755324862,0.9017165469999475,0.7499742914192152,0.8355935928868697
0.028641589730978013,0.02866157367825508,0.9988372802734375,0.999224853515625,0.8323098689060304,0.9062859287517104,0.7485950580114291,0.8420435344630568
0.02851483216509223,0.028665816411376,0.9990005493164062,0.9992431640625,0.848199516444077,0.9055854862348077,0.7669002679826422,0.841053189316391
0.028787626698613168,0.028692954778671266,0.99898681640625,0.999102783203125,0.8398233735538305,0.8972647436155197,0.7571570954359413,0.8294117209210314
0.02867668028920889,0.02867484726011753,0.998846435546875,0.999188232421875,0.835506062387082,0.9027163409462633,0.7522021311424865,0.8370017441930386
0.028473354503512384,0.028683848679065704,0.9990524291992188,0.999261474609375,0.8511270182588329,0.9088375495253482,0.7703743918343164,0.8456861028068972
0.028896461147814988,0.02874773256480694,0.9988967895507812,0.999053955078125,0.8288017657974425,0.894320780147708,0.7446909372880782,0.8253688353511603
0.028812858927994966,0.028707048296928404,0.9988800048828125,0.9991943359375,0.8291805072772918,0.9049705689961557,0.7451081416046026,0.8401761834846286
0.0285417047329247,0.028672772273421288,0.9990493774414062,0.999273681640625,0.8552143891573898,0.9108793343732842,0.7752620734605222,0.8486210017295805
0.028484284225851298,0.028726471588015556,0.9991134643554688,0.99912109375,0.858552932624487,0.9006062317612086,0.7793136243940276,0.8340425235068971
0.028373491391539572,0.02872036136686802,0.9991165161132812,0.999151611328125,0.8682476352774013,0.9023119844456389,0.791284329413039,0.8364295213096328
0.028554727975279092,0.028720567375421523,0.9990341186523437,0.99913330078125,0.8526172680083637,0.9017165469999475,0.7721458096889003,0.8355935928868697
0.028549543861299754,0.02868394963443279,0.9990402221679687,0.99921875,0.8590437620121057,0.908375697887182,0.7798966173163919,0.8450193198660796
0.02853565625846386,0.02871488146483898,0.9989517211914063,0.999127197265625,0.8423852255559384,0.9014319330605536,0.7601024393638389,0.8351950033086574
0.02859064033254981,0.028687942028045654,0.9988723754882812,0.999200439453125,0.8373000212879875,0.9068918773981955,0.7542464087825906,0.8429009535232572
0.02853059219196439,0.028704899176955224,0.9990081787109375,0.99915771484375,0.8483070900300803,0.9039556316213901,0.7670285584435812,0.8387389471714055
0.028763081040233375,0.02868433892726898,0.9988174438476562,0.99920654296875,0.8220330749782753,0.9074716631387935,0.7372294672103598,0.8437272754689571
0.028473685681819915,0.028666167706251144,0.9990158081054688,0.999224853515625,0.8572435839119885,0.9089617361079554,0.7777053700996104,0.8458587223062619
0.028398303687572478,0.028668050840497016,0.9990066528320313,0.999285888671875,0.8569254298575256,0.9141695618800358,0.7773184083874058,0.8533923264396233
0.028493604436516762,0.028680973500013352,0.9989639282226562,0.999200439453125,0.84674369736278,0.9068918773981955,0.76518183781451,0.8429009535232572
0.028678719699382783,0.028668713942170142,0.998919677734375,0.999200439453125,0.834771414988693,0.9066275605538915,0.7513863654158722,0.8425251800374951
0.028386678267270326,0.028665411844849588,0.9991424560546875,0.9992431640625,0.868965895232394,0.9104732135838,0.7921906347528773,0.8480316804861353
0.02849179767072201,0.028679100424051286,0.9990524291992188,0.999200439453125,0.8504120815876892,0.9068918773981955,0.7695256869699989,0.8429009535232572
0.02851050067692995,0.02868052013218403,0.999090576171875,0.999188232421875,0.8602591642989821,0.9057372132945603,0.7813895555261927,0.841260070558036
0.028441092930734158,0.028674067556858064,0.9991043090820313,0.99925537109375,0.8633275455289706,0.9116631597345675,0.7851615537543402,0.8497498868131388
0.028465889673680068,0.028679949417710304,0.9989776611328125,0.999224853515625,0.8492498205405734,0.9089617361079554,0.768134631839809,0.8458587223062619
0.028449126426130532,0.02867736890912056,0.9990371704101563,0.999200439453125,0.8574494576013926,0.9068918773981955,0.7779590131932046,0.8429009535232572
0.028468969650566577,0.02865810990333557,0.9989212036132813,0.999267578125,0.8367515228175559,0.9128599863509517,0.753632461215304,0.8514850026924918
0.028495922777801753,0.028669751062989236,0.9989654541015625,0.9992431640625,0.8485366384602577,0.9107299284465711,0.7672903282436834,0.8484014080271701
0.02839238652959466,0.02867497019469738,0.999029541015625,0.999212646484375,0.8558655727601239,0.9077913272989384,0.776042648089675,0.8441839480058766
0.028544954489916563,0.028670547902584075,0.9990478515625,0.999261474609375,0.8551832570649386,0.9122607092505652,0.775224302514898,0.8506153154403427
0.028629709780216218,0.02867581248283386,0.9990249633789062,0.9991943359375,0.8442814054975532,0.9060481502651007,0.7623181905035625,0.8417017266290678
0.02846623081713915,0.028694140166044234,0.9990814208984375,0.999169921875,0.8581895493790637,0.9037468333246093,0.7788656889784799,0.8384467943372513
0.028480826690793038,0.028678685799241065,0.9989105224609375,0.99920654296875,0.8428730267688312,0.9074716631387935,0.7606586246448832,0.8437272754689571
0.028489564079791307,0.02867797650396824,0.9990264892578125,0.999237060546875,0.84956790335117,0.9101388441582865,0.768520657377366,0.8475497366077311
0.028530845046043397,0.02866325154900551,0.9990249633789062,0.999237060546875,0.8525886323567322,0.9103954095539453,0.7721097759491242,0.8479188316658441
0.0283318524248898,0.028681693226099016,0.9990402221679687,0.999212646484375,0.8562178920102356,0.9077913272989384,0.776469893102751,0.8441839480058766
0.028541627433151008,0.02867622710764408,0.9990615844726562,0.999237060546875,0.8599287126220891,0.9101388441582865,0.780980117884601,0.8475497366077311
0.02855036873370409,0.028682259470224382,0.9990127563476563,0.999188232421875,0.8429423298022285,0.9057372132945603,0.7607604568532197,0.841260070558036
0.02863144064322114,0.02870192714035511,0.998974609375,0.99913330078125,0.8315750927980374,0.9019867007635665,0.747801392212978,0.8359714065606196
0.02846170049160719,0.028674643114209176,0.9990219116210938,0.99921875,0.8492149203664758,0.908375697887182,0.7681024577324869,0.8450193198660796
0.028541031759232283,0.028684936836361884,0.9989898681640625,0.999188232421875,0.84791218392511,0.9057372132945603,0.7665597953152385,0.841260070558036
0.028452454414218665,0.028676236793398858,0.9990921020507812,0.999249267578125,0.8633673285263748,0.9113227092854324,0.7852083252585365,0.8492572291499094
0.028609417285770176,0.02868391275405884,0.998992919921875,0.999151611328125,0.8409412854224081,0.9023119844456389,0.7584440519246256,0.8364295213096328
0.028508214838802816,0.02868627421557903,0.9990081787109375,0.999176025390625,0.8452839653889781,0.9048568494928528,0.7634832045451345,0.8400128190577446
0.028517964389175178,0.028679891675710677,0.9990707397460937,0.99921875,0.8579415003094981,0.908375697887182,0.7785624002122233,0.8450193198660796
0.028496159985661507,0.028684379532933235,0.9991653442382813,0.99918212890625,0.8640590048381138,0.9051623210687949,0.7860771300066202,0.8404454536671316
0.02843910101801157,0.028683264926075935,0.9989761352539063,0.99920654296875,0.852529897749369,0.9074716631387935,0.7720298116762879,0.8437272754689571
0.02863733433187008,0.02868465892970562,0.9989059448242188,0.999163818359375,0.8237319514747943,0.9039863015929763,0.7391038370606873,0.8387830482537892
0.02856703232973814,0.02867647260427475,0.9990325927734375,0.99920654296875,0.8520410693518423,0.9072086172165499,0.7714581837825365,0.8433525776589701
0.028455961495637894,0.028674645349383354,0.9990509033203125,0.999237060546875,0.8522291367650492,0.9101388441582865,0.7716860851819124,0.8475497366077311
0.028432354982942342,0.02866961434483528,0.999078369140625,0.999261474609375,0.8632411738371231,0.9117509341093786,0.7850499821604885,0.8498776230409647
0.028537402115762233,0.0286749254912138,0.9989944458007812,0.999237060546875,0.8499073522259494,0.9101388441582865,0.7689158057080422,0.8475497366077311
0.02854184741154313,0.028663549572229385,0.998980712890625,0.99925537109375,0.8470939294494355,0.9119171940087032,0.7655962073001467,0.8501172304884734
0.028618404269218446,0.028681394830346107,0.9989227294921875,0.999200439453125,0.830018715832362,0.9066275605538915,0.7460508928196335,0.8425251800374951
0.028428733348846436,0.028681935742497444,0.9990509033203125,0.99918212890625,0.8563121481975278,0.9048942408252706,0.7765858231470224,0.840066539759555
0.028495668340474366,0.028675373643636703,0.9990234375,0.99920654296875,0.8561288727393823,0.9072086172165499,0.7763591041217239,0.8433525776589701
0.028385779913514854,0.02868024632334709,0.999041748046875,0.999188232421875,0.8522036564462583,0.9054703793442913,0.771653851909738,0.8408821891934992
0.0286489880643785,0.028685785084962844,0.9989654541015625,0.999176025390625,0.8381584893746006,0.9045890462170874,0.7552458547852275,0.8396346830310979
0.02835545688867569,0.028676709905266762,0.9990875244140625,0.99920654296875,0.8642320586088039,0.9072086172165499,0.7862764400145412,0.8433525776589701
0.028608141373842953,0.02867697738111019,0.9989913940429688,0.99920654296875,0.8456681810917119,0.9072086172165499,0.7639284824744009,0.8433525776589701
0.028398532327264546,0.028676012903451918,0.9989395141601562,0.99923095703125,0.8435546524240067,0.9095494491287739,0.7614554387574138,0.8467021846753067
0.028563549276441336,0.028679264709353447,0.9990478515625,0.999212646484375,0.8527304741438019,0.9077913272989384,0.7722837597741841,0.8441839480058766
0.0284654532559216,0.028688066452741624,0.9990768432617188,0.999200439453125,0.8609436773345882,0.9068918773981955,0.7822246482591443,0.8429009535232572
0.028508196398615838,0.028666745126247405,0.9991012573242187,0.99921875,0.8602676093675566,0.908375697887182,0.7814019580791504,0.8450193198660796
0.028494176920503378,0.028688547387719154,0.9991043090820313,0.999169921875,0.8606102351014706,0.9040173819054234,0.7818216635536344,0.8388277313715318
0.028490788675844668,0.028691430389881135,0.9990127563476563,0.999163818359375,0.8475174941617934,0.9034473213382356,0.7661003375005959,0.838024571667373
0.02877627285197377,0.028701744973659515,0.9989273071289062,0.999151611328125,0.8210328980393182,0.90258464176324,0.7361672556689414,0.83681159257549
0.028414730541408063,0.028688301518559455,0.9990188598632812,0.999188232421875,0.8526147172704486,0.9057372132945603,0.772139686612087,0.841260070558036
0.028529630787670613,0.028679418936371805,0.9989532470703125,0.99918212890625,0.8432597711911809,0.9048942408252706,0.76111604926958,0.840066539759555
0.028453016933053733,0.028683721646666528,0.99906005859375,0.999151611328125,0.8558393967011463,0.9023119844456389,0.7760171454765419,0.8364295213096328
0.028587572555989028,0.028690417855978013,0.9988525390625,0.99918212890625,0.8278662199818836,0.9051623210687949,0.7436433273317554,0.8404454536671316
0.028516153525561094,0.02867690958082676,0.9990386962890625,0.99920654296875,0.8508935009518798,0.9072086172165499,0.770094184952129,0.8433525776589701
0.028405485954135657,0.028684160858392715,0.999029541015625,0.99918212890625,0.8529425792144059,0.9051623210687949,0.7725334753678119,0.8404454536671316
0.028490635845810176,0.028679515421390533,0.9990646362304687,0.999249267578125,0.8588462301321176,0.9113227092854324,0.7796608849088938,0.8492572291499094
0.028463326394557953,0.028672078996896742,0.9990768432617188,0.99921875,0.853562949348185,0.908375697887182,0.773285100690086,0.8450193198660796
0.02845283253118396,0.02866876758635044,0.9990676879882813,0.999249267578125,0.8605865765593592,0.9110673303241976,0.7817855964093257,0.8488886854974613
0.028511147107928993,0.028695475310087204,0.9989456176757813,0.9991455078125,0.8431886104675541,0.9017466947189139,0.7610318946981515,0.835637577873613
0.028521340154111386,0.02866884209215641,0.999053955078125,0.999273681640625,0.8592372514012674,0.9134609985579059,0.7801350385699583,0.8523589801930385
0.028618114162236453,0.028677023574709894,0.9990631103515625,0.999200439453125,0.8494226109257037,0.907154698807862,0.7683563454435347,0.843274933329112
0.028447551745921375,0.028674302622675896,0.9991012573242187,0.999224853515625,0.86209378762371,0.9092209191226529,0.7836410056961116,0.8462301040548257
0.02842526212334633,0.028696395829319953,0.999078369140625,0.99915771484375,0.8547163918833358,0.9031503133647839,0.7746689696230423,0.8376062847630347
0.028507162630558015,0.02866867110133171,0.9989349365234375,0.999261474609375,0.8380094766555201,0.9122607092505652,0.7550691152959929,0.8506153154403427
0.028407601453363896,0.02867865711450577,0.9990432739257813,0.9992431640625,0.8589880719182621,0.9107299284465711,0.7798293914633196,0.8484014080271701
0.028668526001274584,0.028678921237587928,0.99891357421875,0.99920654296875,0.8318034252205435,0.9072086172165499,0.7480437735562273,0.8433525776589701
0.02837415561079979,0.02868356220424175,0.9990951538085937,0.99920654296875,0.863451573357072,0.9074716631387935,0.7853129261162528,0.8437272754689571
0.02844457719475031,0.028680100664496423,0.99908447265625,0.999200439453125,0.8577252942026588,0.9068918773981955,0.7783027695846393,0.8429009535232572
0.028667852561920882,0.02868356630206108,0.998992919921875,0.999200439453125,0.8509651160917664,0.9066275605538915,0.770169939913693,0.8425251800374951
0.028576050233095885,0.02867817282676697,0.9990341186523437,0.99923095703125,0.8454431828957856,0.9095494491287739,0.7636745094464626,0.8467021846753067
0.02864668220281601,0.02868647389113903,0.9990188598632812,0.999176025390625,0.8470227289419872,0.9048568494928528,0.7655205269433525,0.8400128190577446
0.02875662762671709,0.02868726961314678,0.9989349365234375,0.999151611328125,0.8299862340809367,0.9023119844456389,0.7460173879710648,0.8364295213096328
0.028451659064739943,0.02868442013859749,0.999053955078125,0.999169921875,0.8520033383641119,0.9042864105432282,0.771417539919521,0.8392068715209873
0.028627311065793037,0.028685087338089943,0.9989547729492188,0.999188232421875,0.836720663029195,0.9057372132945603,0.7536046030206349,0.841260070558036
0.028529972955584525,0.02869320996105671,0.9990798950195312,0.9991455078125,0.853764768151398,0.9020205459672554,0.7735274397625462,0.8360205996171776
0.02844294011592865,0.028678860142827035,0.999114990234375,0.9991943359375,0.8599519745183173,0.9063137297671177,0.7810189343744288,0.8420785612426288
0.028625059220939875,0.028676041588187217,0.9989303588867188,0.99918212890625,0.8346355944036619,0.9051623210687949,0.751235136812137,0.8404454536671316
0.028492386173456907,0.028685298562049866,0.9990203857421875,0.99920654296875,0.8464595755962907,0.9072086172165499,0.7648605268403459,0.8433525776589701
0.028450885880738498,0.02867956757545471,0.999169921875,0.9991943359375,0.8728080137802463,0.9063137297671177,0.7970528087218083,0.8420785612426288
0.02847849540412426,0.028674427047371866,0.9990676879882813,0.999237060546875,0.8542210502719088,0.909880802120514,0.7740720595543651,0.8471788410744947
0.028521719854325056,0.02867685966193676,0.9989990234375,0.999212646484375,0.845032369302463,0.9080530939794614,0.7631877128644415,0.8445575554186595
0.0285370540805161,0.02867286466062069,0.9989776611328125,0.99921875,0.8424670039450932,0.908375697887182,0.7602025462397111,0.8450193198660796
0.028469582367688418,0.0286950945854187,0.9990524291992188,0.99915771484375,0.854737030766497,0.9028788577581341,0.7746885899243198,0.8372251771518777
0.02852754695340991,0.02867119312286377,0.998974609375,0.999267578125,0.8512020951081749,0.9128599863509517,0.77044782717064,0.8514850026924918
0.028396632708609103,0.02868361510336399,0.9990432739257813,0.999200439453125,0.8561507080381323,0.9066275605538915,0.7763893957893668,0.8425251800374951
0.028593755885958673,0.028694354742765427,0.9989028930664062,0.999176025390625,0.8305488072705198,0.9051231503588499,0.7466379179326684,0.8403891714119548
0.02843806631863117,0.028683128580451012,0.9991424560546875,0.9991943359375,0.8676121706812152,0.9060481502651007,0.790493334815306,0.8417017266290678
0.028554143290966748,0.028684404864907264,0.9989822387695313,0.9991943359375,0.8429515400885519,0.9063137297671177,0.7607647108079975,0.8420785612426288
0.028516080882400274,0.028661706671118736,0.9989715576171875,0.999249267578125,0.8483498194693082,0.9108104730410294,0.7670713760847234,0.8485183308083689
0.02857200279831886,0.028678084164857863,0.9988937377929688,0.9991943359375,0.8261949891145686,0.9063137297671177,0.7418059230833179,0.8420785612426288
0.02859852947294712,0.02868068441748619,0.9989883422851562,0.99920654296875,0.8467702015627339,0.9072086172165499,0.7652179716635363,0.8433525776589701
0.028494589682668447,0.028674110397696496,0.9990234375,0.99920654296875,0.8485267311260949,0.9074716631387935,0.7672905586786565,0.8437272754689571
0.028671567514538764,0.028685858100652696,0.9989639282226562,0.99915771484375,0.8478389736205727,0.9034202524524377,0.766468307889925,0.8379856073147196
0.028487636242061853,0.02868884950876236,0.9991043090820313,0.9991455078125,0.8604781372180708,0.9017466947189139,0.7816600235776076,0.835637577873613
0.028342349361628293,0.02866860441863537,0.9992034912109375,0.999237060546875,0.8753963590705276,0.9101388441582865,0.8003646249264625,0.8475497366077311
0.028560861106961967,0.028665612265467644,0.9990509033203125,0.99921875,0.855914045167451,0.908375697887182,0.776105353194921,0.8450193198660796
0.028698580618947745,0.02868843823671341,0.9989120483398437,0.9991455078125,0.8222761261484532,0.9020205459672554,0.7375157355695865,0.8360205996171776
0.028448345698416234,0.028686600178480147,0.999041748046875,0.99915771484375,0.8542549446103754,0.9028788577581341,0.7741075358909508,0.8372251771518777
0.028543176129460335,0.028681930899620057,0.9989974975585938,0.999176025390625,0.8466021104041775,0.9045890462170874,0.7650228043337801,0.8396346830310979
0.02864686967805028,0.02868228740990162,0.999017333984375,0.999188232421875,0.8465664983388379,0.9057372132945603,0.7649851773603852,0.841260070558036
0.02850706111639738,0.02867127172648907,0.9990890502929688,0.99920654296875,0.8595652222429813,0.9072086172165499,0.7805417911060768,0.8433525776589701
0.02847400028258562,0.028683055192232132,0.998980712890625,0.999163818359375,0.8472333362033044,0.9034473213382356,0.7657598829079658,0.838024571667373
0.028535742685198782,0.02866586744785309,0.9990753173828125,0.9992431640625,0.8610321797596012,0.9099553192317373,0.7823328003036198,0.8472867748409532
0.028456311021000148,0.028683067113161088,0.9990570068359375,0.9992431640625,0.8603234192312146,0.9104732135838,0.7814615905260143,0.8480316804861353
0.028499932680279016,0.028676358237862586,0.9990127563476563,0.999224853515625,0.852506529797824,0.9089617361079554,0.7720093099023458,0.8458587223062619
0.028391091898083688,0.028688826039433478,0.9990249633789062,0.999163818359375,0.8539320079408095,0.9034473213382356,0.7737168507204579,0.838024571667373
0.02839466752484441,0.028691503033041955,0.999114990234375,0.999176025390625,0.8614196145392111,0.9048568494928528,0.7828155776127564,0.8400128190577446
0.0284745573066175,0.028692379593849182,0.9990585327148438,0.999163818359375,0.8509461223578318,0.9039863015929763,0.7701607131062465,0.8387830482537892
0.028778623417019845,0.028687038272619248,0.99898681640625,0.99918212890625,0.8329121480793813,0.9048942408252706,0.7493045002920673,0.840066539759555
0.028386845719069242,0.028682606667280196,0.9990692138671875,0.9992431640625,0.8579064560099521,0.9107299284465711,0.7785195667137024,0.8484014080271701
0.028425559308379887,0.028675569966435433,0.999127197265625,0.999237060546875,0.8691878268055311,0.9101388441582865,0.7924667522122331,0.8475497366077311
0.028422698471695186,0.028667045384645463,0.9990402221679687,0.999267578125,0.8562178920102356,0.9126072068866653,0.776469893102751,0.8511183015983241
0.02847879519686103,0.028675056993961334,0.9990142822265625,0.99923095703125,0.8521297581195085,0.9092900885839672,0.7715601950248842,0.8463301368567024
0.0285336141474545,0.028687284886837007,0.999053955078125,0.999176025390625,0.8514377521712504,0.9045890462170874,0.7707441585958301,0.8396346830310979
0.028445581905543804,0.028678131476044654,0.9990493774414062,0.999200439453125,0.8519214301323914,0.9066275605538915,0.7713190217371518,0.8425251800374951
0.028452034294605254,0.02867843434214592,0.9989700317382812,0.99921875,0.8498087019975554,0.908375697887182,0.7687940336228163,0.8450193198660796
0.028549093380570413,0.028681892901659012,0.998956298828125,0.99918212890625,0.842713847006257,0.9054288909940116,0.760483843203394,0.8408225717622975
0.02848824979737401,0.028668130561709405,0.9989700317382812,0.999249267578125,0.8444268479244554,0.9110673303241976,0.7624759996441075,0.8488886854974613
0.028419564943760633,0.028674681112170218,0.99913330078125,0.99923095703125,0.8663243262102909,0.9095494491287739,0.7888836414064525,0.8467021846753067
0.02870367355644703,0.028674042597413064,0.9990066528320313,0.999200439453125,0.8443813372239746,0.9066275605538915,0.7624306737358583,0.8425251800374951
0.02851797975599766,0.028673869371414185,0.9989898681640625,0.999212646484375,0.8452185755979448,0.9080530939794614,0.763403064977569,0.8445575554186595
0.028565420117229224,0.02867214344441891,0.9989120483398437,0.9992431640625,0.833681920727583,0.9107299284465711,0.7501547290602137,0.8484014080271701
0.028438657242804765,0.028673698380589484,0.9989852905273438,0.99923095703125,0.8511093220953,0.9095494491287739,0.7703397272704344,0.8467021846753067
0.028560238890349865,0.028683524578809738,0.9989776611328125,0.9992431640625,0.8452236966132676,0.9102150148133703,0.7634064979626225,0.847660140543804
0.02843736857175827,0.028673190623521805,0.9990692138671875,0.999249267578125,0.864211347758052,0.9113227092854324,0.7862473105878041,0.8492572291499094
0.02843629941344261,0.02867635488510132,0.9990707397460937,0.999212646484375,0.8556594063470768,0.9077913272989384,0.7758022864993994,0.8441839480058766
0.028573027811944485,0.028676938265562057,0.999029541015625,0.99923095703125,0.8473121279366911,0.9095494491287739,0.7658625064310629,0.8467021846753067
0.028476363979279995,0.02867671474814415,0.9991119384765625,0.99923095703125,0.868696526850295,0.9092900885839672,0.7918466341768153,0.8463301368567024
0.028532790951430798,0.028686367720365525,0.9990249633789062,0.999176025390625,0.8544625160423766,0.9045890462170874,0.7743533383734835,0.8396346830310979
0.028789009898900986,0.028676547482609747,0.9987808227539062,0.999224853515625,0.802993600205536,0.9089617361079554,0.7170576823678025,0.8458587223062619
0.028377569746226072,0.028688957914710045,0.9990478515625,0.999163818359375,0.8584572133813708,0.9037175674022444,0.7791843666806124,0.8384047022920178
0.028505272511392832,0.02867054007947445,0.9990478515625,0.999200439453125,0.8546452927057973,0.9068918773981955,0.7745774443879847,0.8429009535232572
0.028493603598326443,0.02867922782897949,0.9990402221679687,0.9992431640625,0.8506368618054896,0.9107299284465711,0.7697898388551385,0.8484014080271701
0.02838955810293555,0.028675471991300584,0.9990692138671875,0.9992431640625,0.8586938385078249,0.9107299284465711,0.7794763351387541,0.8484014080271701
0.02828266890719533,0.028678343072533606,0.9991744995117188,0.9991943359375,0.8763336718211858,0.9060481502651007,0.8015633034265865,0.8417017266290678
0.02860353300347924,0.028681965172290803,0.9990097045898437,0.99920654296875,0.844265687267132,0.9074716631387935,0.762296706109838,0.8437272754689571
0.02867185901850462,0.02867206260561943,0.9989028930664062,0.99923095703125,0.8239306736254848,0.9095494491287739,0.7393206449851766,0.8467021846753067
0.02858212385326624,0.028684567660093307,0.9990447998046875,0.99918212890625,0.8441942324066065,0.9051623210687949,0.7622209087219802,0.8404454536671316
0.028582917526364326,0.028673846647143363,0.998968505859375,0.999237060546875,0.8420924502117635,0.9101388441582865,0.7597673625725404,0.8475497366077311
0.02843148810788989,0.028680654242634773,0.9990966796875,0.999188232421875,0.8626097567014439,0.9054703793442913,0.7842750722778151,0.8408821891934992
0.02849415773525834,0.028671638295054435,0.9989761352539063,0.99921875,0.843333357810548,0.9086361769505817,0.761206241254939,0.8453918219844416
0.02856618482619524,0.028672920912504195,0.9990493774414062,0.999212646484375,0.8466907217184324,0.9077913272989384,0.7651374191494981,0.8441839480058766
0.028475490305572747,0.02867233380675316,0.9990020751953125,0.99920654296875,0.8524527982160091,0.9072086172165499,0.7719430294501257,0.8433525776589701
0.02846645684912801,0.02867138497531414,0.99906005859375,0.999224853515625,0.8548916319233106,0.9089617361079554,0.7748759496640532,0.8458587223062619
0.028460961207747458,0.028671041876077653,0.999072265625,0.99923095703125,0.8583723364819743,0.9095494491287739,0.7790859852713475,0.8467021846753067
0.028514441661536695,0.028672013059258462,0.9990615844726562,0.999212646484375,0.8553310078389562,0.9077913272989384,0.7754048851805492,0.8441839480058766
0.028503424394875763,0.028672899305820464,0.999090576171875,0.999267578125,0.8609092702410273,0.9131113046557646,0.7821851581672117,0.8518498973662525
0.028502896148711442,0.028672368079423905,0.99906005859375,0.99921875,0.8546185449878096,0.9086361769505817,0.7745477501701604,0.8453918219844416
0.02844475405290723,0.02867579460144043,0.999029541015625,0.99920654296875,0.8581719287176488,0.9072086172165499,0.7788340904566695,0.8433525776589701
0.028556992765516043,0.028679193928837776,0.9991165161132812,0.99923095703125,0.8655645785636058,0.9092900885839672,0.7879349185556201,0.8463301368567024
0.02846198985353112,0.028680411726236345,0.9990081787109375,0.999200439453125,0.8508057100204305,0.9066275605538915,0.769983735014824,0.8425251800374951
0.02847024714574218,0.028680901601910593,0.9990798950195312,0.99918212890625,0.8608934981381519,0.9051623210687949,0.7821637656164104,0.8404454536671316
0.028493217192590237,0.028675545752048493,0.9989578247070312,0.99921875,0.845144177022832,0.908375697887182,0.763309563598587,0.8450193198660796
0.02848646091297269,0.02867523580789566,0.99912109375,0.999237060546875,0.8694631602334458,0.909880802120514,0.7928119724853624,0.8471788410744947
0.028427883889526127,0.02868301682174206,0.9991363525390625,0.99920654296875,0.8704418623743199,0.9069440681677877,0.7940483964744391,0.8429760740646652
0.028619331400841476,0.028665119782090187,0.9990036010742187,0.999273681640625,0.8503225666840314,0.9134609985579059,0.769409603716946,0.8523589801930385
0.028433237597346304,0.02869274839758873,0.9990554809570312,0.999163818359375,0.8582454142992058,0.9037175674022444,0.7789284577880358,0.8384047022920178
0.02842805618420243,0.028679733350872993,0.9991104125976562,0.9991943359375,0.8628585001127784,0.9063137297671177,0.7845841795471391,0.8420785612426288
0.02848583459854126,0.02867424674332142,0.9990921020507812,0.999237060546875,0.8614648885688652,0.9101388441582865,0.7828667059306842,0.8475497366077311
0.028417258337140084,0.02867879867553711,0.9990310668945312,0.99923095703125,0.855635706594726,0.9090292331588967,0.7757658340735727,0.8459562741591735
0.028290427941828965,0.028677059710025786,0.9991806030273438,0.999212646484375,0.8756616637256296,0.9077913272989384,0.8007009037239421,0.8441839480058766
0.02854235777631402,0.02866693213582039,0.9989852905273438,0.99923095703125,0.8437158766608434,0.9095494491287739,0.7616523060472059,0.8467021846753067
0.028433841839432716,0.028682568669319154,0.999053955078125,0.999212646484375,0.8583397348936213,0.9080530939794614,0.7790427679864652,0.8445575554186595
0.028517362382262944,0.028670904412865638,0.9989944458007812,0.99925537109375,0.848670705042606,0.9116631597345675,0.7674543848599242,0.8497498868131388
0.028566522523760796,0.02867492623627186,0.9989990234375,0.999261474609375,0.8498407450876572,0.9122607092505652,0.7688378852452331,0.8506153154403427
0.02844124222174287,0.02867249883711338,0.9990280151367188,0.9992431640625,0.8488802498612433,0.9107299284465711,0.7677085113457501,0.8484014080271701
0.028418482560664416,0.028685599192976953,0.9990005493164062,0.9991943359375,0.84577699963676,0.9060481502651007,0.7640575848276523,0.8417017266290678
0.02844034694135189,0.02869029939174652,0.9991302490234375,0.999151611328125,0.8661049096695744,0.9023119844456389,0.7886097573652749,0.8364295213096328
0.02855511922389269,0.028684276714921,0.9990341186523437,0.999169921875,0.8483951595935995,0.9040173819054234,0.7671376668760084,0.8388277313715318
0.028518647234886885,0.02868895009160042,0.9989852905273438,0.99915771484375,0.8438621772878374,0.9031503133647839,0.7618223122556566,0.8376062847630347
0.02844097511842847,0.028664528951048852,0.9990829467773438,0.99925537109375,0.8572857773361436,0.9119171940087032,0.7777697275075561,0.8501172304884734
0.02849677624180913,0.028681859374046326,0.99893798828125,0.999188232421875,0.840539177026243,0.9054703793442913,0.757969430742689,0.8408821891934992
0.028409612271934746,0.028686860203742982,0.9990386962890625,0.99915771484375,0.8537907883830939,0.9028788577581341,0.7735503509856408,0.8372251771518777
0.028482997324317694,0.028676367178559304,0.999017333984375,0.999237060546875,0.8523180260165917,0.9101388441582865,0.7717853167362698,0.8475497366077311
0.02861429490149021,0.02866559401154518,0.999090576171875,0.99923095703125,0.8531187477028357,0.9092900885839672,0.7727563570770377,0.8463301368567024
0.02849191576242447,0.02868325300514698,0.999017333984375,0.99920654296875,0.8524529166719959,0.9072086172165499,0.7719462508061887,0.8433525776589701
0.028425739053636788,0.028687403723597526,0.9990325927734375,0.999200439453125,0.8538093121156113,0.9068918773981955,0.7735713232753277,0.8429009535232572
0.028461447916924953,0.028665338456630707,0.9989944458007812,0.999267578125,0.8556729643388059,0.9128599863509517,0.7758034543778116,0.8514850026924918
0.028547325264662506,0.028668805584311487,0.9989669799804688,0.999261474609375,0.8448214052766299,0.9122607092505652,0.7629350264126027,0.8506153154403427
0.028430774435400964,0.028686637058854103,0.9991134643554688,0.999200439453125,0.8616420137011278,0.9066275605538915,0.7830882585670411,0.8425251800374951
0.028619211819022893,0.028682786226272582,0.9990966796875,0.9991943359375,0.8538172124542416,0.9065778088129803,0.7735936459764401,0.8424536013938704
0.028687655366957186,0.02867624759674072,0.99888916015625,0.999237060546875,0.8367853790005702,0.9101388441582865,0.7536640626961232,0.8475497366077311
0.028745357226580382,0.0286682914942503,0.9988983154296875,0.999224853515625,0.8278193749565919,0.9089617361079554,0.7436016608905627,0.8458587223062619
0.028390318248420955,0.028668750450015067,0.9990966796875,0.99920654296875,0.8609370289910612,0.9074716631387935,0.782220348912879,0.8437272754689571
0.028513562586158513,0.028663602098822592,0.999017333984375,0.999273681640625,0.8520475021863404,0.9137109454601011,0.7714627647374107,0.8527226254447302
0.028412924241274597,0.028686149418354033,0.999102783203125,0.99920654296875,0.864789096546011,0.9074716631387935,0.7869695018223039,0.8437272754689571
0.028446077555418014,0.028686555474996565,0.99903564453125,0.999188232421875,0.8499954892096397,0.9057372132945603,0.7690285835329979,0.841260070558036
0.028468037396669386,0.028677717596292496,0.9990005493164062,0.999237060546875,0.8509537152131732,0.9101388441582865,0.7701579478202043,0.8475497366077311
0.02857150202617049,0.028666949644684792,0.9990432739257813,0.999267578125,0.8527843385843337,0.9131113046557646,0.7723471736344956,0.8518498973662525
0.028462553676217795,0.028682219609618188,0.99908447265625,0.99920654296875,0.8591896764779186,0.9074716631387935,0.7800830313190634,0.8437272754689571
0.028584145940840244,0.02868683375418186,0.99901123046875,0.999176025390625,0.8457600147261696,0.9045890462170874,0.7640399491429761,0.8396346830310979
0.028393024671822788,0.028664831072092056,0.9991073608398438,0.99923095703125,0.8677222863625391,0.9092900885839672,0.7906245532402314,0.8463301368567024
0.028535580169409512,0.02869269475340843,0.9990676879882813,0.999169921875,0.8596931726554324,0.9042864105432282,0.7806937433883927,0.8392068715209873
0.02847059341147542,0.028676220774650575,0.9990570068359375,0.999273681640625,0.8580207396747842,0.913209596354299,0.7786558893743369,0.8519935302392061
0.02850817544385791,0.028671738132834433,0.9990676879882813,0.999267578125,0.8590479724089475,0.9128599863509517,0.7799071202763519,0.8514850026924918
0.028424308635294437,0.028673939779400824,0.9991119384765625,0.99925537109375,0.8661687996422458,0.9116631597345675,0.7886858626660422,0.8497498868131388
0.028683893941342832,0.028689789399504662,0.9990097045898437,0.999163818359375,0.8429129820298134,0.9034473213382356,0.760725801650727,0.838024571667373
0.02859248286113143,0.028690215572714804,0.999078369140625,0.99915771484375,0.8554097593063911,0.9034202524524377,0.7755030525040676,0.8379856073147196
0.0286032609641552,0.02867063879966736,0.9990615844726562,0.999224853515625,0.8515722530266803,0.9092209191226529,0.7709057336706818,0.8462301040548257
0.028396786749362947,0.02866825871169567,0.9990554809570312,0.999249267578125,0.8634798848689071,0.9110673303241976,0.7853402932718782,0.8488886854974613
0.02844875929877162,0.028678577020764352,0.9990676879882813,0.999237060546875,0.8623396254206968,0.9101388441582865,0.783936939686932,0.8475497366077311
0.028335113637149335,0.028681926801800726,0.999139404296875,0.99921875,0.8662617765490764,0.908375697887182,0.7888068614924866,0.8450193198660796
0.02843712978065014,0.02867157757282257,0.999005126953125,0.9992431640625,0.850209582959127,0.9107299284465711,0.7692759941827383,0.8484014080271701
0.02847589608281851,0.028674422949552535,0.9990829467773438,0.9992431640625,0.8567432386548086,0.9099553192317373,0.7771131167886577,0.8472867748409532
0.028437129128724335,0.028682953119277953,0.9990570068359375,0.999151611328125,0.855506162716769,0.9023119844456389,0.775614911063082,0.8364295213096328
0.02861499525606632,0.028683313727378847,0.9990509033203125,0.99918212890625,0.859165579680626,0.9051623210687949,0.7800471053425038,0.8404454536671316
0.02851905059069395,0.028675935044884682,0.9990005493164062,0.999212646484375,0.8431261130084274,0.9080530939794614,0.7609709574302708,0.8445575554186595
0.028610963094979524,0.028693696856498717,0.9989364624023438,0.99915771484375,0.8384657449809084,0.9028788577581341,0.7555907996144717,0.8372251771518777
0.02865406321361661,0.02868233099579811,0.9989776611328125,0.99918212890625,0.8372803850061216,0.9051623210687949,0.7542467058434554,0.8404454536671316
0.02850843071937561,0.028676792234182357,0.9991043090820313,0.999212646484375,0.8608736806653738,0.9077913272989384,0.782144225102744,0.8441839480058766
0.028434025309979915,0.028674899041652678,0.9990966796875,0.999212646484375,0.8661997802334812,0.9080530939794614,0.7887215686895294,0.8445575554186595
0.028487218264490365,0.028671863675117492,0.99903564453125,0.999212646484375,0.8537326344165171,0.9080530939794614,0.7734800620116347,0.8445575554186595
0.0287259703502059,0.02869380861520767,0.9989486694335937,0.99915771484375,0.8338725229391615,0.9034202524524377,0.7503776096987216,0.8379856073147196
0.028665520437061786,0.028686019778251647,0.9989334106445312,0.999212646484375,0.8367958526232888,0.9083133754520998,0.7536855256009756,0.8449293709377732
0.028522159438580275,0.028694827854633332,0.9990097045898437,0.99918212890625,0.8523190246919281,0.9048942408252706,0.7717849670395787,0.840066539759555
0.0285724856890738,0.028685066476464273,0.999017333984375,0.9991943359375,0.8470025145935922,0.9063137297671177,0.7654964896610095,0.8420785612426288
0.02860091058537364,0.02867768779397011,0.9989700317382812,0.999212646484375,0.8466808495249167,0.9077913272989384,0.7651094140084713,0.8441839480058766
0.028555721137672664,0.028672675415873528,0.9989532470703125,0.999249267578125,0.843116869215387,0.9110673303241976,0.7609502920921372,0.8488886854974613
0.02852987376973033,0.028673284500837327,0.9989608764648438,0.999212646484375,0.8450373741385688,0.9077913272989384,0.7631855948843383,0.8441839480058766
0.028555127047002315,0.028673065081238746,0.998907470703125,0.99920654296875,0.8305392804501291,0.9074716631387935,0.7466282924794918,0.8437272754689571
0.02844625385478139,0.028677410259842873,0.9990280151367188,0.999237060546875,0.8518234873818686,0.9101388441582865,0.7711980326048081,0.8475497366077311
0.0287925167940557,0.02869499586522579,0.9988861083984375,0.999139404296875,0.820974765437473,0.9011829819335037,0.7360947327860182,0.8348493208222795
0.02852646093815565,0.028678952530026437,0.9991455078125,0.999224853515625,0.8652999659827975,0.9089617361079554,0.7876116213101698,0.8458587223062619
0.028429148625582455,0.02867964506149292,0.9990447998046875,0.99923095703125,0.8569688291024903,0.9095494491287739,0.7773784644929583,0.8467021846753067
0.028601836785674094,0.028674571588635445,0.9989395141601562,0.9991943359375,0.8392263567408474,0.9063137297671177,0.7564621687087763,0.8420785612426288
0.028711355477571487,0.02867916375398636,0.9990127563476563,0.99920654296875,0.8412520692129618,0.9077332187089647,0.7588064478482466,0.8441001804548004
0.028596467804163694,0.028685786202549933,0.9989593505859375,0.999176025390625,0.837667175993915,0.9045890462170874,0.7546837045618311,0.8396346830310979
0.02842624131590128,0.028675710782408714,0.9990814208984375,0.99927978515625,0.862951787290696,0.9138137375904828,0.7846936116028917,0.8528730980421964
0.02851117551326752,0.02866288274526596,0.9990646362304687,0.99925537109375,0.8556661080554885,0.9116631597345675,0.7758091495182234,0.8497498868131388
0.028529566060751677,0.02866794355213642,0.999072265625,0.999261474609375,0.8598045138260129,0.9125133899925472,0.7808305426560809,0.8509814428552638
0.028591361362487078,0.028666721284389497,0.9989608764648438,0.9992431640625,0.8373649816416717,0.9107299284465711,0.7543394875439184,0.8484014080271701
0.028491696808487177,0.028671956434845925,0.9990249633789062,0.999237060546875,0.8454825571436962,0.9101388441582865,0.7637185905257136,0.8475497366077311
0.028416493721306325,0.028680755570530892,0.9990737915039063,0.999188232421875,0.8620013762241923,0.9057372132945603,0.7835220962692285,0.841260070558036
0.028480201866477727,0.028669292852282525,0.9990875244140625,0.99921875,0.8568460862004607,0.9086361769505817,0.7772384088448985,0.8453918219844416
0.028529944550246,0.0286757193505764,0.9990310668945312,0.9991943359375,0.8566748863392815,0.9060481502651007,0.7770202030247639,0.8417017266290678
0.02859404655173421,0.028682149201631545,0.9990097045898437,0.999188232421875,0.8464690780497146,0.9057372132945603,0.7648694453193304,0.841260070558036
0.028485218435525893,0.028668732568621635,0.9991302490234375,0.99925537109375,0.869287693831926,0.9119171940087032,0.7925929107713927,0.8501172304884734
0.028425862640142442,0.02866453640162945,0.9990478515625,0.999249267578125,0.852452795736153,0.9113227092854324,0.7719522665239207,0.8492572291499094
0.028462840337306262,0.02868942953646183,0.9990951538085937,0.999176025390625,0.8615449794036272,0.9043197277812585,0.7829655942312119,0.8392547506217602
0.028582887165248393,0.028690867125988007,0.9989974975585938,0.999151611328125,0.845160732093561,0.9031254057677782,0.7633371515054085,0.8375703914167043
0.028446752484887837,0.028669680282473565,0.9990890502929688,0.999200439453125,0.8630334492792292,0.9066275605538915,0.7847957718847638,0.8425251800374951
0.028501206543296576,0.02867941968142986,0.9990646362304687,0.999237060546875,0.8574062759254744,0.9101388441582865,0.777912100566964,0.8475497366077311
0.028619257733225822,0.02868596203625202,0.9989364624023438,0.99920654296875,0.8322661291034249,0.9077332187089647,0.7485677410848472,0.8441001804548004
0.028745664469897746,0.02868630364537239,0.9989288330078125,0.99920654296875,0.832429586344458,0.9072086172165499,0.7487495597331254,0.8433525776589701
0.02869316879659891,0.0286812886595726,0.9990158081054688,0.9991943359375,0.8471269574625908,0.9060481502651007,0.7656422326184072,0.8417017266290678
0.028520094603300093,0.02867227643728256,0.998919677734375,0.9992431640625,0.8371950346213184,0.9107299284465711,0.7541369870449824,0.8484014080271701
0.02846607184037566,0.02866534739732742,0.9990509033203125,0.999237060546875,0.8586552481208858,0.909880802120514,0.7794257982107213,0.8471788410744947
0.02841218374669552,0.028682751581072807,0.9990997314453125,0.9991943359375,0.8648248770733546,0.9063137297671177,0.7870132938722796,0.8420785612426288
0.0284556670114398,0.02867131493985653,0.99901123046875,0.99923095703125,0.8470662616117789,0.9095494491287739,0.7655700405669749,0.8467021846753067
0.02834415640681982,0.02868279777467251,0.9991378784179688,0.999188232421875,0.8692991245403907,0.9057372132945603,0.7926087053873626,0.841260070558036
0.02860865229740739,0.0286672655493021,0.99896240234375,0.99925537109375,0.8396648499683166,0.9116631597345675,0.756969929968977,0.8497498868131388
0.028537944704294205,0.028673030063509942,0.99901123046875,0.999200439453125,0.8508553377170809,0.9068918773981955,0.7700432818288745,0.8429009535232572
0.02858384680002928,0.028673553839325905,0.9989761352539063,0.999237060546875,0.8392940791283023,0.9101388441582865,0.7565476137683363,0.8475497366077311
0.028522622864693405,0.028699099272489547,0.998968505859375,0.999139404296875,0.8413537021680941,0.9022740018156028,0.758914283555116,0.8363744920039538
0.02857950422912836,0.02867226116359234,0.9989547729492188,0.999212646484375,0.8368756960202224,0.9077913272989384,0.7537809811441564,0.8441839480058766
0.028465148992836475,0.028674041852355003,0.999151611328125,0.99923095703125,0.8700023082023851,0.9095494491287739,0.7934967150123942,0.8467021846753067
0.028736267145723103,0.028681521862745286,0.9989471435546875,0.999188232421875,0.8311146734798951,0.9057372132945603,0.7472800441248422,0.841260070558036
0.028414487931877376,0.028678500652313234,0.9989593505859375,0.999249267578125,0.8481838347091709,0.9110673303241976,0.7668733221931474,0.8488886854974613
0.028543799463659526,0.028665943816304208,0.9990386962890625,0.99921875,0.8531112348718748,0.908375697887182,0.772736933364794,0.8450193198660796
0.028687218949198724,0.028673533722758292,0.9989791870117187,0.99920654296875,0.8382282171046294,0.9077332187089647,0.7553284630091344,0.8441001804548004
0.028544705267995595,0.028673891350626944,0.9989547729492188,0.9992431640625,0.8439856392645941,0.9107299284465711,0.7619594450605047,0.8484014080271701
0.02851376635953784,0.02867182344198227,0.9990921020507812,0.999237060546875,0.861207212945525,0.9101388441582865,0.7825506186168517,0.8475497366077311
0.028524143248796464,0.028685247525572777,0.9989898681640625,0.99918212890625,0.8473529410428711,0.9051623210687949,0.765902255559224,0.8404454536671316
0.0284843816421926,0.02868242785334587,0.998992919921875,0.99915771484375,0.8468284449738701,0.9031503133647839,0.7652872251728908,0.8376062847630347
0.028360585775226356,0.02867208682000637,0.9990997314453125,0.999237060546875,0.8634529340265397,0.9101388441582865,0.7853154828158306,0.8475497366077311
0.028444355260580777,0.02867743782699108,0.9990081787109375,0.99923095703125,0.8538808863762863,0.9095494491287739,0.7736522059657036,0.8467021846753067
0.028492555394768714,0.028675005957484245,0.9990264892578125,0.99920654296875,0.8567068801666269,0.9072086172165499,0.7770579804321642,0.8433525776589701
0.02852780735120177,0.028672176599502563,0.999041748046875,0.999237060546875,0.8493769129955229,0.9101388441582865,0.7682979538524659,0.8475497366077311
0.028557260986417532,0.028682151809334755,0.9989883422851562,0.99923095703125,0.8485838709907245,0.9095494491287739,0.7673507228381563,0.8467021846753067
0.0286111599765718,0.028686529397964476,0.9989761352539063,0.999169921875,0.8414142186540219,0.9040173819054234,0.7589857093178145,0.8388277313715318
0.02854979122057557,0.028689170256257057,0.9990188598632812,0.99920654296875,0.8411455535830139,0.9074716631387935,0.7586849413302024,0.8437272754689571
0.028351027704775333,0.02868661507964134,0.9991119384765625,0.99918212890625,0.8662913761972449,0.9051623210687949,0.7888385553722406,0.8404454536671316
0.028511865343898535,0.02868104465305805,0.9990020751953125,0.999176025390625,0.8403934024478323,0.9045890462170874,0.7578153606981002,0.8396346830310979
0.028417584020644426,0.02867594137787819,0.9990371704101563,0.999249267578125,0.8544341580859366,0.9110673303241976,0.7743217305274573,0.8488886854974613
0.028603890724480153,0.028686754032969476,0.9989791870117187,0.999169921875,0.8360145892296389,0.9040173819054234,0.7528076419481182,0.8388277313715318
0.028518813755363227,0.028691809996962546,0.9990646362304687,0.999169921875,0.8507623884674518,0.9042864105432282,0.769943787307457,0.8392068715209873
0.028603412304073574,0.02868722602725029,0.9990859985351562,0.999163818359375,0.8505434461561276,0.9034473213382356,0.7696883251446818,0.838024571667373
0.02859567878767848,0.028684447705745696,0.9990219116210938,0.99921875,0.8473537535006054,0.9086361769505817,0.7659098266031104,0.8453918219844416
0.02860262794420123,0.02868015356361866,0.9989303588867188,0.999200439453125,0.8360236047812974,0.9066275605538915,0.7528073076047106,0.8425251800374951
0.0284696483053267,0.028695591539144517,0.9990386962890625,0.99915771484375,0.8521491603029878,0.9031503133647839,0.7715882605060933,0.8376062847630347
0.028455432411283253,0.028675586730241776,0.9989700317382812,0.999200439453125,0.8435643871759015,0.9066275605538915,0.7614731478380806,0.8425251800374951
0.028619594778865574,0.028663254529237746,0.9989700317382812,0.999273681640625,0.8423994284980825,0.912956726102115,0.7601227355089253,0.8516262621153066
0.028571803774684667,0.02867908328771591,0.9990310668945312,0.9992431640625,0.8510454277015738,0.9104732135838,0.7702731011081327,0.8480316804861353
0.028479499462991952,0.028671564534306526,0.9990325927734375,0.999249267578125,0.8534050239337847,0.910292271864458,0.7730871589129208,0.8477721346599065
0.028505943436175584,0.028673911839723586,0.9989913940429688,0.999249267578125,0.8469503905503022,0.9113227092854324,0.7654299626337516,0.8492572291499094
0.02850594725459814,0.028676627948880196,0.9990447998046875,0.99923095703125,0.8587698037960091,0.9092900885839672,0.7795639827950448,0.8463301368567024
0.028412479907274246,0.028670024871826173,0.99896240234375,0.999212646484375,0.8472737907746859,0.9077913272989384,0.7658036109733639,0.8441839480058766
0.02839004937559366,0.02867058664560318,0.9991317749023437,0.999261474609375,0.870287813683437,0.9120065615601013,0.7938531277510743,0.8502473799776089
0.0284284851513803,0.02867921143770218,0.999127197265625,0.999200439453125,0.864748396089503,0.9068918773981955,0.7869236780617278,0.8429009535232572
0.028461403027176858,0.028682228177785873,0.9990463256835938,0.99920654296875,0.8603144974798447,0.9072086172165499,0.7814486035080938,0.8433525776589701
0.028670800011605026,0.028683652728796007,0.9988754272460938,0.99918212890625,0.8253218103133486,0.9051623210687949,0.7408406314667442,0.8404454536671316
0.028494766820222138,0.028676116466522218,0.9990097045898437,0.999212646484375,0.8466137524678693,0.9080530939794614,0.7650389784145363,0.8445575554186595
0.02830046685412526,0.02867622524499893,0.9991302490234375,0.999237060546875,0.8702367421178874,0.9101388441582865,0.793788409724442,0.8475497366077311
0.028516604285687207,0.028672743961215018,0.9989990234375,0.999249267578125,0.8530588094308456,0.9113227092854324,0.7726662658904822,0.8492572291499094
0.02863418674096465,0.028685764968395235,0.9989761352539063,0.9991943359375,0.8399056051291036,0.9063137297671177,0.7572492421131228,0.8420785612426288
0.028406071383506058,0.028673982620239256,0.9990341186523437,0.99921875,0.8553035383824651,0.908375697887182,0.7753663429282343,0.8450193198660796
0.0284315949305892,0.028675609081983567,0.9989425659179687,0.99921875,0.8455295800127616,0.908375697887182,0.7637563696314559,0.8450193198660796
0.028527804650366306,0.028694106638431548,0.9990493774414062,0.99915771484375,0.8550801140323052,0.903688687693956,0.7751005020988422,0.8383631573190311
0.028381393663585185,0.02866740934550762,0.9990676879882813,0.999285888671875,0.8580031970704435,0.9144196382672367,0.7786366926137622,0.8537570374698541
0.02855162639170885,0.028679348528385162,0.9990005493164062,0.999249267578125,0.8416135757895272,0.9110673303241976,0.7592209374189731,0.8488886854974613
0.028372952528297902,0.028680209070444107,0.998992919921875,0.99925537109375,0.8528199260285902,0.9108921693756868,0.7723795388288931,0.8486369445209596
0.028662022110074757,0.028662996739149092,0.9990097045898437,0.999267578125,0.8412273686315525,0.9128599863509517,0.7587773206250932,0.8514850026924918
0.028533788118511438,0.028670643642544746,0.9989212036132813,0.999212646484375,0.8358448308245963,0.9077913272989384,0.7526024625127543,0.8441839480058766
0.028552004788070916,0.028678634017705918,0.9990432739257813,0.99920654296875,0.8467589798466002,0.9074716631387935,0.7652161846678699,0.8437272754689571
0.02845918983221054,0.028683793917298316,0.9990219116210938,0.999200439453125,0.8486471136234743,0.9068918773981955,0.7674321987625505,0.8429009535232572
0.028418407123535872,0.028676805645227434,0.9990020751953125,0.99920654296875,0.8517862965181271,0.9074716631387935,0.7711484892322034,0.8437272754689571
0.028671832475811242,0.028689565137028694,0.9989410400390625,0.99915771484375,0.8368240309529238,0.9028788577581341,0.7537192310616849,0.8372251771518777
0.028611430898308754,0.028675588220357894,0.9989364624023438,0.999212646484375,0.8352693150558388,0.9080530939794614,0.7519534490952151,0.8445575554186595
0.02845018543303013,0.028673089295625686,0.9989990234375,0.999249267578125,0.8557633675781945,0.9110673303241976,0.7759133428453846,0.8488886854974613
0.02843099283054471,0.028673457726836205,0.9989501953125,0.9992431640625,0.8467121868804635,0.9107299284465711,0.7651420470943415,0.8484014080271701
0.028473812248557807,0.028680018335580825,0.9990753173828125,0.99920654296875,0.8605221213820746,0.9072086172165499,0.7817082041356817,0.8433525776589701
0.02840558299794793,0.0286815095692873,0.9990188598632812,0.99921875,0.8561634064421011,0.908375697887182,0.7763998797242063,0.8450193198660796
0.028335659205913542,0.02866824232041836,0.9991378784179688,0.999249267578125,0.8664665179389228,0.9110673303241976,0.7890617211032601,0.8488886854974613
0.028488240018486977,0.028670112788677215,0.99910888671875,0.9992431640625,0.8615192863566221,0.9102150148133703,0.7829367126323288,0.847660140543804
0.028543223347514867,0.028703206032514573,0.9989730834960937,0.99915771484375,0.8335700341033205,0.9031503133647839,0.7500419789365922,0.8376062847630347
0.02856464171782136,0.02868724837899208,0.9990219116210938,0.999176025390625,0.850754611048258,0.9048568494928528,0.7699258645228941,0.8400128190577446
0.028612196166068315,0.02868393771350384,0.999017333984375,0.99915771484375,0.8456869554820328,0.9028788577581341,0.7639558200143886,0.8372251771518777
0.028338607773184775,0.028685104101896286,0.9990982055664063,0.999212646484375,0.8627783522130736,0.9077913272989384,0.7844830612191817,0.8441839480058766
0.028610428143292666,0.028677746653556824,0.9989501953125,0.999200439453125,0.8449216215881303,0.9068918773981955,0.7630483657607638,0.8429009535232572
0.028551879245787858,0.028677600622177123,0.9991012573242187,0.999176025390625,0.8605314523534173,0.9045890462170874,0.7817246610657562,0.8396346830310979
0.028582876082509756,0.0286892369389534,0.998944091796875,0.9991943359375,0.8368354061446441,0.9063137297671177,0.7537328320804773,0.8420785612426288
0.028510043490678073,0.028688912093639374,0.998931884765625,0.99921875,0.8412180278344286,0.908375697887182,0.7587500589915152,0.8450193198660796
0.028490039706230163,0.028681175038218498,0.99901123046875,0.999237060546875,0.8486329996103088,0.9101388441582865,0.7674133597562041,0.8475497366077311
0.028449423145502806,0.028684254363179208,0.9990707397460937,0.99918212890625,0.857277834313013,0.9051623210687949,0.7777576971965244,0.8404454536671316
0.028709465637803078,0.028690191730856896,0.9987167358398438,0.999163818359375,0.8058105101734916,0.9037175674022444,0.7199557237992797,0.8384047022920178
0.028631345275789498,0.028682442009449007,0.9989456176757813,0.999200439453125,0.8356029637636937,0.9066275605538915,0.7523334698026392,0.8425251800374951
0.028475987259298563,0.02867467813193798,0.9990646362304687,0.999224853515625,0.8575383957516012,0.9089617361079554,0.7780722296691382,0.8458587223062619
0.028586317505687475,0.02868751436471939,0.9989898681640625,0.999169921875,0.8439090157038253,0.9042864105432282,0.7618777153726011,0.8392068715209873
0.028573970962315797,0.028686470165848733,0.9989761352539063,0.999163818359375,0.8385230597242073,0.9034473213382356,0.7556648418880942,0.838024571667373
0.028591089881956577,0.02867153063416481,0.9989517211914063,0.99925537109375,0.8418064601997859,0.9116631597345675,0.7594333361487011,0.8497498868131388
0.02839416656643152,0.028676452115178108,0.9990310668945312,0.999237060546875,0.851462181219087,0.9101388441582865,0.7707685784471257,0.8475497366077311
0.028721504658460618,0.028674960881471635,0.9990127563476563,0.999188232421875,0.8454847916613064,0.9054703793442913,0.7637186594628903,0.8408821891934992
0.028388493694365025,0.028675226122140886,0.9991104125976562,0.999212646484375,0.8612974354148539,0.9077913272989384,0.7826648082331527,0.8441839480058766
0.02838783636689186,0.028672121837735175,0.9989578247070312,0.999237060546875,0.8474875605829605,0.9101388441582865,0.7660538211386352,0.8475497366077311
0.028484331723302603,0.02866770252585411,0.9990081787109375,0.999261474609375,0.8474554828530341,0.9122607092505652,0.7660265157344763,0.8506153154403427
0.028535856492817403,0.02868139185011387,0.9989364624023438,0.99920654296875,0.8374141637401853,0.9072086172165499,0.754390286419086,0.8433525776589701
0.028691917937248946,0.028672349452972413,0.9988800048828125,0.9992431640625,0.826115007724326,0.9107299284465711,0.7417146931047385,0.8484014080271701
0.02860408220440149,0.02867308780550957,0.999005126953125,0.99925537109375,0.840571204991145,0.9119171940087032,0.7580205516095083,0.8501172304884734
0.028515289444476365,0.028675031289458273,0.9990386962890625,0.99921875,0.8544640729334844,0.908375697887182,0.7743579543012391,0.8450193198660796
0.02850576499477029,0.028679169341921808,0.9989669799804688,0.999237060546875,0.8361357300999405,0.909880802120514,0.7529425184162104,0.8471788410744947
0.028469264321029187,0.028670906275510787,0.999005126953125,0.999237060546875,0.8485449350117428,0.909880802120514,0.7673082598189895,0.8471788410744947
0.028541266079992057,0.02866484485566616,0.9989028930664062,0.99923095703125,0.8307078820463165,0.9095494491287739,0.7468155790330703,0.8467021846753067
0.0284520729444921,0.028679269924759866,0.9989776611328125,0.999188232421875,0.8477476145371129,0.9057372132945603,0.766363666533973,0.841260070558036
0.02842490579932928,0.02869035117328167,0.9990325927734375,0.999163818359375,0.8523158903456864,0.9034473213382356,0.771785851202342,0.838024571667373
0.028512251749634742,0.02868105433881283,0.99896240234375,0.999176025390625,0.8492976746541293,0.9043197277812585,0.7681880580088334,0.8392547506217602
0.02836361089721322,0.028668585047125817,0.9990798950195312,0.999267578125,0.8605086231836012,0.9128599863509517,0.7816925777761098,0.8514850026924918
0.028504393715411424,0.028674205020070075,0.99906005859375,0.9992431640625,0.8558393967011463,0.9107299284465711,0.7760171454765419,0.8484014080271701
0.028463767562061548,0.028684238716959954,0.998980712890625,0.99921875,0.8468143499683751,0.908375697887182,0.7652681674040498,0.8450193198660796
0.02846544999629259,0.028666028752923012,0.9990203857421875,0.999285888671875,0.8529111374276017,0.9144196382672367,0.7724940564902356,0.8537570374698541
0.028692203294485807,0.028687626123428345,0.9989471435546875,0.9991943359375,0.8352940378595293,0.9063137297671177,0.7519837660536848,0.8420785612426288
0.028350069373846053,0.028680360689759255,0.9991912841796875,0.99920654296875,0.8747974934867819,0.9074716631387935,0.7995951509554127,0.8437272754689571
0.02859633872285485,0.028668873757123948,0.9989608764648438,0.999212646484375,0.8415883750519246,0.9077913272989384,0.759183453218913,0.8441839480058766
0.02846189895644784,0.028678011149168015,0.9990936279296875,0.99920654296875,0.8579392334938454,0.9072086172165499,0.7785641518624002,0.8433525776589701
0.028479956462979315,0.02867603674530983,0.9990585327148438,0.999200439453125,0.8539013685954524,0.9066275605538915,0.7736868536431692,0.8425251800374951
0.028485272917896508,0.02867763601243496,0.9990631103515625,0.99920654296875,0.857107399816709,0.9074716631387935,0.7775498045470624,0.8437272754689571
0.028453505784273147,0.02867855504155159,0.9990020751953125,0.99921875,0.8536374915394026,0.9081137261002115,0.7733593550167547,0.8446450138517521
0.028503960929811,0.02867540419101715,0.9989822387695313,0.999249267578125,0.8441221845209439,0.9110673303241976,0.7621239976274887,0.8488886854974613
0.028458453714847565,0.028681959584355356,0.9990737915039063,0.9991943359375,0.8551754132814291,0.9060481502651007,0.7752200339041344,0.8417017266290678
0.028706451784819363,0.028675873950123786,0.9989501953125,0.99921875,0.8351438282184672,0.908375697887182,0.7518143483946534,0.8450193198660796
0.028589297272264957,0.028671176359057426,0.9988967895507812,0.999237060546875,0.828963241034968,0.9101388441582865,0.7448703426918115,0.8475497366077311
0.02847263338044286,0.02867402583360672,0.9990203857421875,0.999249267578125,0.849754695913546,0.9110673303241976,0.7687404016495338,0.8488886854974613
0.028452616557478903,0.028693466633558273,0.999072265625,0.99920654296875,0.8622111135810074,0.9072086172165499,0.7837797099300611,0.8433525776589701
0.028537599835544825,0.028678203746676446,0.998931884765625,0.99920654296875,0.838144348194283,0.9072086172165499,0.7552224971952709,0.8433525776589701
0.02836475018411875,0.028664711117744445,0.9991363525390625,0.999285888671875,0.8687652132000092,0.9146682585992195,0.7919374230172594,0.8541199340064414
0.02863424001261592,0.028673920035362243,0.9988418579101562,0.999249267578125,0.8277570989094309,0.9110673303241976,0.7435200862175676,0.8488886854974613
0.028571946639567615,0.02867445982992649,0.9989761352539063,0.999212646484375,0.8450640336771552,0.9077913272989384,0.7632198762260989,0.8441839480058766
0.028501619677990676,0.028664853423833847,0.9990097045898437,0.99925537109375,0.8545618466554925,0.91115066033599,0.7744695783465236,0.8490097573000808
0.02846015365794301,0.028683004528284074,0.9989837646484375,0.99921875,0.8489302950527975,0.9086361769505817,0.7677585072070564,0.8453918219844416
0.028472168650478125,0.02868303656578064,0.99892578125,0.99920654296875,0.8391470538177881,0.9072086172165499,0.7563683575067177,0.8433525776589701
0.028505323734134436,0.028678916022181512,0.998956298828125,0.999212646484375,0.8368815131155161,0.9080530939794614,0.7537879298467871,0.8445575554186595
0.028493552468717098,0.02867787890136242,0.9990615844726562,0.999224853515625,0.8579946061254209,0.9087010656659693,0.7786250628456404,0.8454855377221236
0.028481047600507736,0.028672772645950317,0.9989669799804688,0.9992431640625,0.8460872021505265,0.9104732135838,0.7644134434818779,0.8480316804861353
0.02859125230461359,0.028672870621085166,0.9989669799804688,0.99920654296875,0.8442521099965059,0.9072086172165499,0.7622719661704843,0.8433525776589701
0.028294839430600405,0.02868274226784706,0.9992324829101562,0.999163818359375,0.8796453675708846,0.9034473213382356,0.8058561451382857,0.838024571667373
0.028614309336990117,0.02868078202009201,0.9990615844726562,0.999224853515625,0.8465512844514487,0.9089617361079554,0.7649765176383861,0.8458587223062619
0.028552061319351195,0.028675181418657304,0.9990570068359375,0.9992431640625,0.8581506596798333,0.9107299284465711,0.778813654404221,0.8484014080271701
0.028468040842562915,0.028687736392021178,0.9990234375,0.999188232421875,0.855481324694362,0.9057372132945603,0.7755783100172643,0.841260070558036
0.028515292145311833,0.02866818830370903,0.9990264892578125,0.99925537109375,0.8523440201865139,0.9116631597345675,0.771818173320274,0.8497498868131388
0.02842677729204297,0.02868306525051594,0.99898681640625,0.999200439453125,0.8511339171084392,0.9066275605538915,0.7703692671820619,0.8425251800374951
0.028458083048462868,0.02867593951523304,0.9990982055664063,0.9992431640625,0.8620119440598599,0.9107299284465711,0.7835397956106724,0.8484014080271701
0.028452244680374862,0.028671542927622796,0.9990554809570312,0.99920654296875,0.8547986137746438,0.9074716631387935,0.7747632139369904,0.8437272754689571
0.028443988785147666,0.028680785000324248,0.9990371704101563,0.999188232421875,0.8485849748307063,0.9057372132945603,0.7673620527591882,0.841260070558036
0.028516581747680902,0.028671561554074288,0.9990158081054688,0.99923095703125,0.8529624601538653,0.9095494491287739,0.7725544705551535,0.8467021846753067
0.028555826190859078,0.02869013473391533,0.9990615844726562,0.99915771484375,0.8502754794576372,0.9028788577581341,0.7693656047858419,0.8372251771518777
0.028479953203350304,0.028694192692637444,0.999090576171875,0.999176025390625,0.8630750175496213,0.9045890462170874,0.7848473315427833,0.8396346830310979
0.028542302083224058,0.028676769137382506,0.9990066528320313,0.99920654296875,0.8465747893345005,0.9072086172165499,0.764992680767068,0.8433525776589701
0.028411297872662545,0.02869054675102234,0.9989837646484375,0.999169921875,0.8490667790234627,0.9037468333246093,0.7679196557877741,0.8384467943372513
0.028547755256295205,0.028684138879179956,0.9990066528320313,0.99918212890625,0.8454127138885471,0.9048942408252706,0.7636332080814908,0.840066539759555
0.028634213376790285,0.02866847664117813,0.998907470703125,0.999261474609375,0.8330597526512182,0.9125133899925472,0.7494531378711501,0.8509814428552638
0.02840061690658331,0.028682975471019743,0.9991851806640625,0.999200439453125,0.8751461017617972,0.9066275605538915,0.8000405203759604,0.8425251800374951
0.028459269553422928,0.028673769533634187,0.9990386962890625,0.999267578125,0.8588826980805646,0.9126072068866653,0.779700196012552,0.8511183015983241
0.02853688718751073,0.028672300279140472,0.999102783203125,0.999237060546875,0.8627762599019082,0.9101388441582865,0.7844813624582722,0.8475497366077311
0.028475292213261127,0.028681199997663498,0.9990875244140625,0.999200439453125,0.8562974295157737,0.9068918773981955,0.776575309972307,0.8429009535232572
0.028568943310528994,0.02867596335709095,0.9989486694335937,0.99920654296875,0.8429319923209555,0.9074716631387935,0.7607349904786808,0.8437272754689571
0.028540902212262152,0.028686157986521722,0.9989898681640625,0.99918212890625,0.8392233057818779,0.9051623210687949,0.7564694307283749,0.8404454536671316
0.02844191072508693,0.028676965460181236,0.9991424560546875,0.99920654296875,0.8694513090099828,0.9074716631387935,0.792801022339381,0.8437272754689571
0.028555901255458593,0.028671585395932196,0.9990814208984375,0.999212646484375,0.8573858782655548,0.9080530939794614,0.777890695460576,0.8445575554186595
0.028580176737159492,0.02868352420628071,0.9989883422851562,0.99918212890625,0.8437466748526216,0.9054288909940116,0.7616887282345299,0.8408225717622975
0.028547937516123056,0.028671213239431382,0.9988815307617187,0.99923095703125,0.8293340560070439,0.9095494491287739,0.7452792720455317,0.8467021846753067
0.0285696386359632,0.028668906912207602,0.9989227294921875,0.99925537109375,0.8367570140361464,0.9116631597345675,0.7536390370584733,0.8497498868131388
0.028539083153009414,0.0286754809319973,0.9989456176757813,0.99921875,0.8420454107797934,0.9086361769505817,0.7597081520649589,0.8453918219844416
0.028398935310542585,0.028689693287014963,0.999078369140625,0.999176025390625,0.8582509409879278,0.9045890462170874,0.7789396686568237,0.8396346830310979
0.028572033159434795,0.02868019714951515,0.9990142822265625,0.99921875,0.8493807265517526,0.9086361769505817,0.7682968405149955,0.8453918219844416
0.02851268174126744,0.028669168427586555,0.998980712890625,0.99925537109375,0.8459694329558554,0.9116631597345675,0.7642785033530828,0.8497498868131388
0.028521581646054985,0.02867003343999386,0.9990188598632812,0.99923095703125,0.8494504336898301,0.9095494491287739,0.7683801849569397,0.8467021846753067
0.028435769211500882,0.028666090965270997,0.9990646362304687,0.99925537109375,0.8544362421087204,0.91115066033599,0.7743297263820321,0.8490097573000808
0.028455476649105547,0.028670619428157806,0.999029541015625,0.99927978515625,0.8600381582958825,0.9138137375904828,0.781107569192012,0.8528730980421964
0.02857826156541705,0.02868032082915306,0.9989166259765625,0.999200439453125,0.8356806494264752,0.9066275605538915,0.7524152618546383,0.8425251800374951
0.028572207689285277,0.028682655841112136,0.9989639282226562,0.999224853515625,0.8300754185905936,0.9089617361079554,0.7461232321160158,0.8458587223062619
0.02854484599083662,0.028684571012854577,0.999041748046875,0.999169921875,0.8584458987732462,0.9040173819054234,0.7791694134239704,0.8388277313715318
0.028493028320372104,0.028682834282517434,0.9991561889648437,0.9991943359375,0.865500225759914,0.9060481502651007,0.7878624483424416,0.8417017266290678
0.028396734222769737,0.028674060478806496,0.9991165161132812,0.99921875,0.8630286536042047,0.908375697887182,0.7847951278101197,0.8450193198660796
0.028478823881596328,0.02868236117064953,0.99901123046875,0.9991943359375,0.8498911595966406,0.9060481502651007,0.7689000612892682,0.8417017266290678
0.02846103869378567,0.028683969005942344,0.9990615844726562,0.9991943359375,0.8535453329208318,0.9060481502651007,0.7732609432674711,0.8417017266290678
0.02860321067273617,0.028674348443746566,0.9990402221679687,0.99921875,0.8518988286578777,0.908375697887182,0.7712902441276586,0.8450193198660796
0.02854072246700525,0.028674162551760675,0.9989837646484375,0.999212646484375,0.8428181022127617,0.9080530939794614,0.7606103990194075,0.8445575554186595
0.028596795070916413,0.02867259569466114,0.9988998413085938,0.999273681640625,0.8374102206192093,0.9134609985579059,0.7543779103861922,0.8523589801930385
0.02854300746694207,0.02866966500878334,0.9989852905273438,0.99925537109375,0.8479887093603014,0.9119171940087032,0.7666489166159584,0.8501172304884734
0.028551057912409306,0.0286776602268219,0.9990447998046875,0.999200439453125,0.8511378336685492,0.9066275605538915,0.770385696008052,0.8425251800374951
0.02851774385198951,0.028694966435432435,0.9990280151367188,0.999151611328125,0.8527792132652496,0.9028557779727764,0.7723379759647653,0.8371918784494279
0.02843597447499633,0.028674323111772537,0.9990310668945312,0.9992431640625,0.85883413612219,0.9107299284465711,0.7796395883852735,0.8484014080271701
0.028422506991773844,0.028685491532087326,0.9990875244140625,0.99920654296875,0.860701738842085,0.9072086172165499,0.7819304120071373,0.8433525776589701
0.028474644664674996,0.028676404803991317,0.998919677734375,0.999237060546875,0.8359921928947709,0.9101388441582865,0.7527693435053395,0.8475497366077311
0.028430005721747875,0.028675346821546554,0.9990524291992188,0.99920654296875,0.8583048511351722,0.9074716631387935,0.7790000767606976,0.8437272754689571
0.028543645795434714,0.028684115409851073,0.999017333984375,0.999200439453125,0.8494271339647366,0.9068918773981955,0.7683523258995446,0.8429009535232572
0.028659333195537328,0.028690754994750024,0.9989837646484375,0.99918212890625,0.8387203946009834,0.9051623210687949,0.7558922160545278,0.8404454536671316
0.028491918928921223,0.028684528917074202,0.9990234375,0.999200439453125,0.8489543324557867,0.9066275605538915,0.7677950182984911,0.8425251800374951
0.0284214636310935,0.028678320348262787,0.999102783203125,0.999200439453125,0.8595081609469781,0.9066275605538915,0.7804748688951457,0.8425251800374951
0.028578402753919364,0.028701450675725937,0.9990554809570312,0.999139404296875,0.8494478114773816,0.9020035166616578,0.7683845772839097,0.8359958532371052
0.028494192473590373,0.028680484741926193,0.998992919921875,0.99923095703125,0.8461165317716457,0.9092900885839672,0.7644531526037575,0.8463301368567024
0.028448875527828932,0.028672392666339874,0.999102783203125,0.999212646484375,0.864789096546011,0.9077913272989384,0.7869695018223039,0.8441839480058766
0.02845318503677845,0.0286669984459877,0.99903564453125,0.999267578125,0.857416159743152,0.9128599863509517,0.7779183593756405,0.8514850026924918
0.02874536719173193,0.028668422996997834,0.998773193359375,0.999267578125,0.8236857576946406,0.9128599863509517,0.7390232089560124,0.8514850026924918
0.028589244931936264,0.028670385479927063,0.9989242553710938,0.999224853515625,0.8295230090577492,0.9092209191226529,0.7454990305026445,0.8462301040548257
0.02838855665177107,0.028675805032253265,0.999072265625,0.999249267578125,0.8565066158318172,0.9113227092854324,0.7768249736533601,0.8492572291499094
0.02869221065193415,0.02868567518889904,0.9988372802734375,0.999188232421875,0.8206674939732523,0.9057372132945603,0.7357502135401066,0.841260070558036
0.02847236581146717,0.02868296205997467,0.9991104125976562,0.99918212890625,0.8582036738133083,0.9054288909940116,0.7788885428328635,0.8408225717622975
0.02854370288550854,0.028673223778605463,0.9990829467773438,0.99923095703125,0.8570150234729939,0.9095494491287739,0.7774419074500505,0.8467021846753067
0.028485647216439248,0.02868618406355381,0.9989654541015625,0.99920654296875,0.8515765755789156,0.9072086172165499,0.7708913963296984,0.8433525776589701
0.02843193719163537,0.028676961734890937,0.9992568969726563,0.999200439453125,0.885009585539775,0.9066275605538915,0.8128948558575981,0.8425251800374951
0.02854181220754981,0.02867300547659397,0.998956298828125,0.99920654296875,0.8469236150055395,0.9072086172165499,0.7653912876513898,0.8433525776589701
0.028541644848883153,0.02866706922650337,0.9989791870117187,0.999237060546875,0.8399259461409418,0.9101388441582865,0.7572732527026804,0.8475497366077311
0.028587624710053206,0.028668614476919173,0.9989181518554687,0.999261474609375,0.8388121511454221,0.9125133899925472,0.7559831839188658,0.8509814428552638
0.028463118150830267,0.028678520023822783,0.9990280151367188,0.999200439453125,0.8520978178693671,0.9068918773981955,0.7715248964184354,0.8429009535232572
0.028518162481486798,0.02867252305150032,0.9990203857421875,0.999212646484375,0.8493329538330157,0.9077913272989384,0.7682416231386637,0.8441839480058766
0.028463527746498584,0.028689613565802574,0.9990158081054688,0.999169921875,0.8538919351752483,0.9042864105432282,0.7736669792575976,0.8392068715209873
0.02864699875935912,0.028682288900017738,0.9990158081054688,0.999176025390625,0.8423597161108407,0.9045890462170874,0.7600864409391148,0.8396346830310979
0.028513945173472166,0.028692501410841943,0.9990158081054688,0.999176025390625,0.8518855914296803,0.9045890462170874,0.7712695347498436,0.8396346830310979
0.0284839135594666,0.028680192306637764,0.9988677978515625,0.999224853515625,0.8240536138362333,0.9089617361079554,0.7394473220025756,0.8458587223062619
0.028563454747200012,0.028679920360445976,0.9991409301757812,0.9991943359375,0.8618623106102573,0.9060481502651007,0.7833641429915568,0.8417017266290678
0.028460353147238493,0.028662270680069924,0.9990097045898437,0.999261474609375,0.853514962574031,0.9122607092505652,0.7732141608401588,0.8506153154403427
0.02857291977852583,0.028679726272821428,0.9989486694335937,0.999212646484375,0.8352976057576449,0.9077913272989384,0.7519881380317535,0.8441839480058766
0.028594330605119466,0.028685269877314568,0.9990142822265625,0.999176025390625,0.8395349369579546,0.9051231503588499,0.75683194471421,0.8403891714119548
0.028370495326817034,0.028688041493296623,0.9991256713867187,0.99920654296875,0.8692571331712696,0.9072086172165499,0.7925536234960965,0.8433525776589701
0.028673735354095696,0.028672006726264954,0.999072265625,0.99920654296875,0.8491235065701975,0.9072086172165499,0.7680047878597323,0.8433525776589701
0.02858314774930477,0.028678948432207106,0.9989410400390625,0.999237060546875,0.8366709197058225,0.9101388441582865,0.7535450641121901,0.8475497366077311
0.02855486245825887,0.02866920121014118,0.9989639282226562,0.999237060546875,0.8419069904877565,0.909880802120514,0.759552053038279,0.8471788410744947
0.028648077696561813,0.028693554922938347,0.9989273071289062,0.99915771484375,0.8329065254975483,0.9028788577581341,0.7492851424708741,0.8372251771518777
0.02857019891962409,0.0287065751850605,0.9989288330078125,0.99910888671875,0.8350976255984948,0.8997767242148187,0.7517574095060566,0.832886981115657
0.02850744454190135,0.028674375265836716,0.9991485595703125,0.99925537109375,0.8666761119178519,0.9116631597345675,0.7893250984000504,0.8497498868131388
0.02843339741230011,0.028684531152248383,0.9990737915039063,0.99920654296875,0.8564048233824086,0.9072086172165499,0.7767022940545077,0.8433525776589701
0.02850926499813795,0.028682444989681245,0.9990402221679687,0.99923095703125,0.85021140554071,0.9095494491287739,0.769285310171644,0.8467021846753067
0.0284281849861145,0.02867116965353489,0.999005126953125,0.99920654296875,0.8512991338976472,0.9072086172165499,0.7705693925271766,0.8433525776589701
0.028628999181091786,0.028670180961489676,0.9990402221679687,0.999267578125,0.8540903683016436,0.9120972132109186,0.7739097941389443,0.8503794262257717
0.02844244856387377,0.02866672948002815,0.9990753173828125,0.99925537109375,0.859749962746531,0.9114076527913445,0.780764545273638,0.8493807335517882
0.028460140526294708,0.02867327257990837,0.9990692138671875,0.999237060546875,0.8569766614474954,0.9101388441582865,0.7773927680187145,0.8475497366077311
0.028420590050518512,0.028664882108569146,0.999090576171875,0.9992431640625,0.8655380240602949,0.9104732135838,0.7878969966994569,0.8480316804861353
0.028683324903249742,0.0286911740899086,0.9990234375,0.999151611328125,0.84649876483666,0.90258464176324,0.7649070731400056,0.83681159257549
0.02851684605702758,0.028686556965112686,0.999066162109375,0.99918212890625,0.8530739344287401,0.9051623210687949,0.7726978629941625,0.8404454536671316
0.02864053975790739,0.02868444286286831,0.9989242553710938,0.999188232421875,0.8408752675130291,0.9054703793442913,0.7583534345227441,0.8408821891934992
0.028592531569302082,0.02869047746062279,0.9988357543945312,0.99915771484375,0.8279389713362051,0.9034202524524377,0.743720177987929,0.8379856073147196
0.028458360023796557,0.02867591567337513,0.9989364624023438,0.999212646484375,0.8413965488618891,0.9077913272989384,0.7589569232658602,0.8441839480058766
0.028398568369448186,0.028708095103502272,0.9991104125976562,0.9991455078125,0.857651462285975,0.9025636842545928,0.7782183370131455,0.8367812985782523
0.02856525043025613,0.0286997452378273,0.9990341186523437,0.99915771484375,0.8473749013340188,0.9031503133647839,0.7659371908779911,0.8376062847630347
0.02859653765335679,0.028688454627990724,0.9990997314453125,0.99918212890625,0.8584910488319221,0.9051623210687949,0.7792356837465046,0.8404454536671316
0.028444177377969025,0.02868542671203613,0.9991226196289062,0.999200439453125,0.8632007296112361,0.9068918773981955,0.7850085583067572,0.8429009535232572
0.028710207995027305,0.028685218095779418,0.9989456176757813,0.999200439453125,0.8363790043779737,0.9068918773981955,0.7532142169110092,0.8429009535232572
0.02867384543642402,0.028669650480151177,0.9989105224609375,0.99923095703125,0.8284220145101171,0.9095494491287739,0.7442724181892657,0.8467021846753067
0.028637839015573263,0.02868533544242382,0.9990554809570312,0.99920654296875,0.8469239986755126,0.9072086172165499,0.765412256017796,0.8433525776589701
0.028402563463896514,0.02866414003074169,0.9990509033203125,0.999261474609375,0.8565763282896428,0.9122607092505652,0.776904990010499,0.8506153154403427
0.02839091420173645,0.028675899654626847,0.99908447265625,0.99923095703125,0.8660808860495159,0.9092900885839672,0.7885711972912768,0.8463301368567024
0.028509543836116792,0.028695719316601753,0.9989593505859375,0.99918212890625,0.8457195239024882,0.9048942408252706,0.7639818288262816,0.840066539759555
0.028434231877326965,0.028666454553604125,0.9990066528320313,0.9992431640625,0.8539832143142974,0.9104732135838,0.7737745708624738,0.8480316804861353
0.028484732378274202,0.028684285283088685,0.9990127563476563,0.999212646484375,0.8529075624678117,0.9083133754520998,0.7724882476033157,0.8449293709377732
0.02852297481149435,0.028668515384197235,0.9990020751953125,0.9992431640625,0.8508429962716363,0.9107299284465711,0.7700267656710378,0.8484014080271701
0.028575819358229636,0.028669756650924683,0.9990081787109375,0.999200439453125,0.8538808863762863,0.9068918773981955,0.7736522059657036,0.8429009535232572
0.028696925099939107,0.028687449544668196,0.9989105224609375,0.99915771484375,0.8342962268372675,0.9028788577581341,0.7508474180808724,0.8372251771518777
0.028536808770149948,0.028673149272799493,0.9989547729492188,0.999237060546875,0.8419768594138071,0.9101388441582865,0.7596308549068655,0.8475497366077311
0.0284990600310266,0.02868149131536484,0.99888916015625,0.999200439453125,0.834567557290054,0.9068918773981955,0.7511492744984163,0.8429009535232572
0.028498330898582936,0.02868553325533867,0.9989532470703125,0.999200439453125,0.8436869167650367,0.9066275605538915,0.7616119414012459,0.8425251800374951
0.028446543961763382,0.028689132258296012,0.999072265625,0.99920654296875,0.8561003945686068,0.9074716631387935,0.7763344237492689,0.8437272754689571
0.028564500156790018,0.028674637898802757,0.9990936279296875,0.9991943359375,0.8575316661123011,0.9060481502651007,0.7780697867316874,0.8417017266290678
0.028599989041686057,0.028683448582887648,0.9989334106445312,0.999188232421875,0.8367958526232888,0.9057372132945603,0.7536855256009756,0.841260070558036
0.028423402272164822,0.02867729477584362,0.9990325927734375,0.9992431640625,0.8570934710547347,0.9107299284465711,0.7775269141080283,0.8484014080271701
0.02866407996043563,0.028687234595417978,0.9990280151367188,0.999163818359375,0.8432455693980513,0.9039863015929763,0.7611152850480718,0.8387830482537892
0.02833390310406685,0.02868863642215729,0.9991485595703125,0.999200439453125,0.8744498505359999,0.9068918773981955,0.7991427028261705,0.8429009535232572
0.02844484755769372,0.028671348094940187,0.9990493774414062,0.999200439453125,0.8568064644295244,0.9066275605538915,0.7771829389041307,0.8425251800374951
0.028509780205786227,0.028670885413885117,0.99896240234375,0.99921875,0.843202416781824,0.908375697887182,0.7610514374182978,0.8450193198660796
0.028422645572572947,0.028678998723626135,0.9989883422851562,0.99921875,0.8512916606615181,0.908375697887182,0.7705571004194073,0.8450193198660796
0.02867253916338086,0.028692668303847313,0.9988906860351563,0.99915771484375,0.81896640247767,0.9031503133647839,0.7339225200818982,0.8376062847630347
0.02842116989195347,0.028673598542809486,0.9990798950195312,0.999188232421875,0.8607654430786207,0.9054703793442913,0.7820069296455723,0.8408821891934992
0.02844373174011707,0.028668692335486412,0.9989715576171875,0.999267578125,0.8487567877306306,0.9128599863509517,0.7675512370282509,0.8514850026924918
0.028467582445591687,0.0286786001175642,0.998992919921875,0.99920654296875,0.8458299070109323,0.9072086172165499,0.7641178578029246,0.8433525776589701
0.028459571953862905,0.028702175989747048,0.9990432739257813,0.99918212890625,0.848384293159323,0.9054288909940116,0.7671267431593831,0.8408225717622975
0.028488195035606623,0.02868787236511707,0.9990615844726562,0.9991943359375,0.860435593973692,0.9063137297671177,0.7815996759113922,0.8420785612426288
0.02867787852883339,0.0286942258477211,0.9990005493164062,0.99918212890625,0.8420703955360391,0.9054288909940116,0.7597486338016485,0.8408225717622975
0.028439346328377725,0.028686270862817765,0.9990615844726562,0.99918212890625,0.8560062468407308,0.9051623210687949,0.7762186991830085,0.8404454536671316
0.028438828978687526,0.02866608537733555,0.9989639282226562,0.99923095703125,0.8483807520289031,0.9095494491287739,0.7671062596568807,0.8467021846753067
0.028507410548627377,0.028688108548521996,0.9990493774414062,0.999176025390625,0.8512164222634013,0.9051231503588499,0.7704800359297447,0.8403891714119548
