dataset,task,epoch,train_loss,train_accuracy,train_precision,train_recall,train_f1_score,train_precision_glioma,train_recall_glioma,train_f1_glioma,train_precision_meningioma,train_recall_meningioma,train_f1_meningioma,train_precision_none,train_recall_none,train_f1_none,train_precision_pituitary,train_recall_pituitary,train_f1_pituitary,val_loss,val_accuracy,val_precision,val_recall,val_f1_score,val_precision_glioma,val_recall_glioma,val_f1_glioma,val_precision_meningioma,val_recall_meningioma,val_f1_meningioma,val_precision_none,val_recall_none,val_f1_none,val_precision_pituitary,val_recall_pituitary,val_f1_pituitary,train_precision_NPancreas,train_recall_NPancreas,train_f1_NPancreas,train_precision_PPancreas,train_recall_PPancreas,train_f1_PPancreas,val_precision_NPancreas,val_recall_NPancreas,val_f1_NPancreas,val_precision_PPancreas,val_recall_PPancreas,val_f1_PPancreas,train_mean_iou,train_mean_dice,train_iou_Class_0,train_dice_Class_0,train_iou_Class_1,train_dice_Class_1,val_mean_iou,val_mean_dice,val_iou_Class_0,val_dice_Class_0,val_iou_Class_1,val_dice_Class_1
brain_mri_nd5,classification,1,0.0974671761034964,0.711182961973712,0.7105749913872711,0.711182961973712,0.7106216245025756,0.7007650273224044,0.7038419319429199,0.7023001095290252,0.6596481107585809,0.6300275482093664,0.6444976750739749,0.7728040540540541,0.7527766351295763,0.7626588872681809,0.7322504584752423,0.774023816117419,0.7525578890683898,0.05349442874894933,0.8335676131571549,0.8594170940272982,0.8335676131571549,0.818700687625232,0.7312626603646185,0.9584070796460177,0.8295672156261968,0.9675174013921114,0.4638487208008899,0.6270676691729323,0.8883928571428571,0.9644588045234249,0.924864446165763,0.8920863309352518,0.9548954895489549,0.922422954303932,,,,,,,,,,,,,,,,,,,,,,,,
brain_mri_nd5,classification,2,0.059312126219247474,0.8296197371195614,0.8289951678231483,0.8296197371195614,0.8291366240235982,0.8237095363079615,0.8267837541163556,0.8252437821847266,0.7841726618705036,0.7506887052341598,0.7670654468684025,0.8839983545865899,0.8839983545865899,0.8839983545865899,0.8436916511069619,0.8759346441428967,0.8595108695652174,0.025604070176045515,0.9297160528535282,0.9303552359536496,0.9297160528535282,0.9291840276049229,0.9012658227848102,0.9451327433628318,0.9226781857451404,0.9432098765432099,0.8498331479421579,0.8940901111761264,0.9440993788819876,0.9822294022617124,0.9627870150435471,0.9444444444444444,0.9537953795379538,0.9490968801313628,,,,,,,,,,,,,,,,,,,,,,,,
brain_mri_nd5,classification,3,0.047170853196520424,0.8705981584311521,0.8702491417388586,0.8705981584311521,0.8703347944722237,0.8662280701754386,0.867178924259056,0.8667032364234778,0.8330498866213152,0.8096418732782369,0.8211791003073484,0.9121287128712872,0.9095022624434389,0.9108135942327498,0.8845222072678331,0.909997230684021,0.8970788970788971,0.02821384783557205,0.9139724486927185,0.9215144096916336,0.9139724486927185,0.9116218002370562,0.8805132317562149,0.9716814159292035,0.9238535969709718,0.9911242603550295,0.7452725250278087,0.8507936507936508,0.9633943427620633,0.9353796445880452,0.9491803278688524,0.8751210067763795,0.9944994499449945,0.9309989701338826,,,,,,,,,,,,,,,,,,,,,,,,
brain_mri_nd5,classification,4,0.04160816889064305,0.8902087579953609,0.8900215854673448,0.8902087579953609,0.8900774759610399,0.8842828641099535,0.8757409440175631,0.8799911758217516,0.8530963621216329,0.8462809917355372,0.8496750103720094,0.9265979381443299,0.9243109831345125,0.9254530477759473,0.9097560975609756,0.9296593741345888,0.9196000547870155,0.01949754193564471,0.9465842001686815,0.9474805109018922,0.9465842001686815,0.9465915133416019,0.9667590027700831,0.9265486725663716,0.9462268413917758,0.9132821075740944,0.9254727474972191,0.9193370165745857,0.9865771812080537,0.9499192245557351,0.9679012345679012,0.9307135470527405,0.9900990099009901,0.9594882729211087,,,,,,,,,,,,,,,,,,,,,,,,
brain_mri_nd5,classification,5,0.035609946190345194,0.9107331130948197,0.910593443122066,0.9107331130948197,0.9106001764579845,0.9029850746268657,0.9031833150384193,0.9030841839534628,0.8927666760484098,0.8738292011019284,0.8831964360295141,0.9354571783202317,0.9300699300699301,0.9327557755775577,0.9213726019994596,0.9443367488230408,0.9327133479212254,0.01774189304319541,0.9564239527691876,0.9578081380919442,0.9564239527691876,0.9564175477927447,0.9234006734006734,0.9707964601769912,0.9465056082830026,0.9570011025358324,0.9655172413793104,0.9612403100775194,0.96513470681458,0.9838449111470113,0.9744,0.9963898916967509,0.9108910891089109,0.9517241379310345,,,,,,,,,,,,,,,,,,,,,,,,
brain_mri_nd5,classification,6,0.03176668834774155,0.9200815351092992,0.9200235203495861,0.9200815351092992,0.920042645548291,0.9177870839761957,0.9141602634467618,0.9159700835899692,0.8972868217054264,0.8928374655647383,0.8950566141949737,0.9410795220436753,0.939531057178116,0.9403046521202141,0.9315256094220762,0.9418443644419828,0.9366565684384467,0.012457818837193858,0.970199606409896,0.9703478576940068,0.970199606409896,0.9700961276870914,0.9674008810572687,0.9716814159292035,0.9695364238410596,0.9779326364692218,0.9365962180200222,0.9568181818181818,0.9775280898876404,0.9838449111470113,0.9806763285024155,0.9616204690831557,0.9922992299229924,0.9767190037899296,,,,,,,,,,,,,,,,,,,,,,,,
brain_mri_nd5,classification,7,0.028452472617290534,0.926829268292683,0.926776746368896,0.926829268292683,0.9267851128893319,0.9237419640877854,0.9148188803512624,0.9192587690271343,0.9026743865453543,0.9019283746556473,0.9023012264020945,0.9505969534787979,0.9498148909913616,0.9502057613168724,0.9387978142076503,0.9515369703683191,0.945124467060927,0.01698779211033189,0.9589541748664605,0.9594365833663812,0.9589541748664605,0.9588490911046239,0.9317032040472175,0.9778761061946902,0.9542314335060449,0.958968347010551,0.9098998887652948,0.9337899543378996,0.9754901960784313,0.9644588045234249,0.9699431356620634,0.9834437086092715,0.9801980198019802,0.9818181818181818,,,,,,,,,,,,,,,,,,,,,,,,
brain_mri_nd5,classification,8,0.02526821446705641,0.9354045125465664,0.9352777028346085,0.9354045125465664,0.9353042315969338,0.9320603907637656,0.9216245883644347,0.9268131140302461,0.9179415855354659,0.9090909090909091,0.9134948096885813,0.9514879739094986,0.9600987248046071,0.9557739557739557,0.9458503401360544,0.9626142342841318,0.9541586604446884,0.011406165795399234,0.9699184706213101,0.9701512734091164,0.9699184706213101,0.9697698511154612,0.9742451154529307,0.9707964601769912,0.9725177304964538,0.9789227166276346,0.9299221357063404,0.9537934968625214,0.967032967032967,0.9951534733441034,0.9808917197452229,0.9585106382978723,0.9911991199119912,0.9745808545159546,,,,,,,,,,,,,,,,,,,,,,,,
brain_mri_nd5,classification,9,0.024883075789348306,0.9383566458142968,0.9384013319065164,0.9383566458142968,0.9383673044462302,0.9368630926007975,0.928430296377607,0.9326276325945528,0.9159159159159159,0.9242424242424242,0.9200603318250377,0.9592088998763906,0.9576306046894282,0.9584191025113216,0.9489373447419266,0.9520908335641096,0.9505114735969035,0.00967553390594137,0.9735732358729267,0.9738912900240453,0.9735732358729267,0.9736309045852819,0.9647266313932981,0.968141592920354,0.9664310954063604,0.9533622559652929,0.9777530589543938,0.9654036243822076,0.9870967741935484,0.9886914378029079,0.9878934624697336,0.996594778660613,0.9658965896589659,0.9810055865921787,,,,,,,,,,,,,,,,,,,,,,,,
brain_mri_nd5,classification,10,0.02182803955778478,0.9464398678568918,0.9464555889544782,0.9464398678568918,0.9464423043469211,0.9423669159700836,0.9405049396267837,0.9414350071420723,0.9312809235843871,0.9333333333333333,0.9323059988992846,0.9630858564910826,0.9551624845742492,0.9591078066914498,0.9556718061674009,0.9612295762946552,0.9584426342675687,0.009994352535168711,0.9730109642957548,0.9732487788107286,0.9730109642957548,0.9729240119581241,0.9733333333333334,0.9690265486725663,0.9711751662971175,0.9849012775842044,0.9432703003337041,0.9636363636363636,0.9580745341614907,0.9967689822294022,0.9770387965162312,0.9719525350593312,0.9911991199119912,0.9814814814814815,,,,,,,,,,,,,,,,,,,,,,,,
brain_mri_nd5,classification,11,0.020581671829929326,0.9467913122935264,0.9467640833591898,0.9467913122935264,0.946765473649765,0.944789356984479,0.9354555433589462,0.9400992829564259,0.9274326553051127,0.9294765840220386,0.9284534947716016,0.9622641509433962,0.965034965034965,0.9636475662353666,0.9582532271354024,0.966214345056771,0.9622173193601765,0.014374041677005095,0.975260050604442,0.9754661651723787,0.975260050604442,0.9753007551299743,0.9685314685314685,0.9805309734513274,0.9744942832014072,0.9526952695269527,0.9632925472747497,0.9579646017699115,0.9916666666666667,0.9612277867528272,0.9762100082034455,0.995575221238938,0.9900990099009901,0.9928295642581357,,,,,,,,,,,,,,,,,,,,,,,,
brain_mri_nd5,classification,12,0.02024572557075446,0.9489702678006607,0.9489442092009428,0.9489702678006607,0.9489544637559908,0.94415127528584,0.9427003293084523,0.9434252444249148,0.9377765486725663,0.9341597796143251,0.9359646701628485,0.9625976161117962,0.9633895516248457,0.9629934210526315,0.9570247933884297,0.9620603710883412,0.9595359756939649,0.006987458520621535,0.9817261737419174,0.9818022978370111,0.9817261737419174,0.98168382859921,0.9831410825199645,0.9805309734513274,0.9818342933097032,0.9795454545454545,0.9588431590656284,0.9690837549184935,0.9967479674796748,0.9903069466882067,0.993517017828201,0.9721925133689839,1.0,0.9859002169197397,,,,,,,,,,,,,,,,,,,,,,,,
brain_mri_nd5,classification,13,0.01812481754527848,0.9545933787868138,0.9546043132435508,0.9545933787868138,0.9545980468647671,0.9476680534267572,0.9501646542261252,0.9489147116860338,0.9421009098428453,0.9413223140495868,0.9417114510128152,0.9719934102141681,0.9707939119703826,0.9713932908005762,0.9642163661581137,0.9626142342841318,0.9634146341463414,0.013807953291144934,0.9806016305875738,0.9809609894330722,0.9806016305875738,0.980661312746689,0.995507637017071,0.9805309734513274,0.9879625501560411,0.9832402234636871,0.978865406006674,0.9810479375696767,0.9476117103235747,0.9935379644588045,0.9700315457413249,0.9833333333333333,0.9735973597359736,0.978441127694859,,,,,,,,,,,,,,,,,,,,,,,,
brain_mri_nd5,classification,14,0.017592092278844573,0.9552962676600829,0.9552806910928932,0.9552962676600829,0.9552861200730729,0.9526223005729396,0.9490669593852908,0.9508413064995052,0.9407550289335905,0.9404958677685951,0.9406254305000689,0.9627659574468085,0.9679144385026738,0.9653333333333334,0.9681969026548672,0.9695375242315148,0.9688667496886675,0.10719757465909822,0.9755411863930278,0.9756965624416576,0.9755411863930278,0.9755473499723227,0.9695916594265855,0.9876106194690265,0.9785181937746602,0.9590254706533776,0.9632925472747497,0.9611542730299667,0.99,0.9596122778675282,0.9745693191140279,0.9900332225913622,0.9834983498349835,0.9867549668874173,,,,,,,,,,,,,,,,,,,,,,,,
brain_mri_nd5,classification,15,0.016920862321107673,0.9571237787305827,0.9571212797950671,0.9571237787305827,0.9571117904503096,0.9482871481562295,0.9541163556531285,0.9511928211862551,0.9510158641803507,0.9413223140495868,0.9461442613872352,0.9694719471947195,0.9666803784450844,0.9680741503604532,0.9660876757650951,0.9703683190252008,0.9682232660956065,0.013790487900320943,0.9814450379533315,0.9821632945750227,0.9814450379533315,0.9815062085500333,0.997270245677889,0.9699115044247788,0.9834006280843428,0.945031712473573,0.9944382647385984,0.9691056910569106,0.9983164983164983,0.9579967689822294,0.9777411376751854,0.9891067538126361,0.9988998899889989,0.9939792008757526,,,,,,,,,,,,,,,,,,,,,,,,
hf_brain_tumor,classification,1,0.017073938508458196,0.9604841580633677,0.9604538470104984,0.9604841580633677,0.9604475265475256,0.9448329448329449,0.9492583918813428,0.9470404984423676,0.9535415079969536,0.9378277153558052,0.945619335347432,0.9748427672955975,0.9773013871374527,0.9760705289672544,0.9649859943977591,0.9731638418079096,0.9690576652601969,0.04269646890774492,0.9565836298932384,0.9602582924258248,0.9565836298932384,0.9560659103697235,1.0,0.8415841584158416,0.9139784946236559,0.8888888888888888,0.9968847352024922,0.9397944199706314,0.9949874686716792,0.9730392156862745,0.9838909541511772,0.9514066496163683,0.9973190348525469,0.9738219895287958,,,,,,,,,,,,,,,,,,,,,,,,
hf_brain_tumor,classification,2,0.012343881719483316,0.970808116767533,0.9708220901757201,0.970808116767533,0.9708049642454916,0.9527131782945737,0.9594067135050741,0.956048230260599,0.9562264150943396,0.949063670411985,0.9526315789473684,0.9892268694550064,0.9842370744010088,0.9867256637168141,0.9803508771929824,0.9865819209039548,0.9834565293910594,0.005302272843664306,0.9864768683274021,0.9870345765744674,0.9864768683274021,0.9865117725717023,1.0,0.9603960396039604,0.9797979797979798,0.9525222551928784,1.0,0.9756838905775076,1.0,0.9828431372549019,0.9913473423980222,0.9920212765957447,1.0,0.9959946595460614,,,,,,,,,,,,,,,,,,,,,,,,
hf_brain_tumor,classification,3,0.010746996757065135,0.9725881096475614,0.9726484802960494,0.9725881096475614,0.972611127084188,0.9551430781129157,0.9640905542544886,0.9595959595959596,0.9609902475618904,0.9595505617977528,0.9602698650674663,0.9885859226379201,0.9829760403530895,0.9857730003161556,0.9816254416961131,0.9809322033898306,0.9812787001059696,0.18684174569217601,0.9758007117437723,0.9768483403008494,0.9758007117437723,0.9759172644208607,0.98989898989899,0.9702970297029703,0.98,0.9271137026239067,0.9906542056074766,0.9578313253012049,0.9948717948717949,0.9509803921568627,0.9724310776942355,0.9893333333333333,0.9946380697050938,0.9919786096256684,,,,,,,,,,,,,,,,,,,,,,,,
hf_brain_tumor,classification,4,0.01085720452770984,0.9766820932716269,0.9766674993573106,0.9766820932716269,0.9766674734879962,0.9688230709275136,0.970335675253708,0.9695787831513261,0.9652830188679246,0.9580524344569289,0.9616541353383459,0.9905243209096652,0.9886506935687264,0.9895866203849795,0.9789768745620182,0.9865819209039548,0.9827646851916989,0.017148759889062594,0.9843416370106761,0.984427678868611,0.9843416370106761,0.9843508340920466,0.9899665551839465,0.976897689768977,0.9833887043189369,0.9662576687116564,0.9813084112149533,0.973724884080371,0.9900990099009901,0.9803921568627451,0.9852216748768473,0.9893617021276596,0.9973190348525469,0.9933244325767691,,,,,,,,,,,,,,,,,,,,,,,,
hf_brain_tumor,classification,5,0.010185866081783708,0.9752580989676042,0.9752582546777937,0.9752580989676042,0.9752563943958518,0.967843137254902,0.9633099141295862,0.9655712050078247,0.958924570575056,0.9617977528089887,0.9603590127150337,0.9930686830497795,0.9936948297604036,0.9933816577371573,0.9774170783345095,0.9781073446327684,0.9777620896576068,0.02679181349456718,0.9807829181494662,0.9810012840269887,0.9807829181494662,0.9807856657649499,0.974025974025974,0.9900990099009901,0.9819967266775778,0.9723926380368099,0.9875389408099688,0.9799072642967542,0.9974683544303797,0.9656862745098039,0.9813200498132005,0.976063829787234,0.9839142091152815,0.9799732977303071,,,,,,,,,,,,,,,,,,,,,,,,
pancreas,classification,1,0.05669881273272701,0.7997159090909091,0.7801374604430381,0.7997159090909091,0.7683728745311267,,,,,,,,,,,,,0.019121131222081287,0.9375,0.9380051129803728,0.9375,0.93771536513472,,,,,,,,,,,,,0.6666666666666666,0.2909090909090909,0.4050632911392405,0.814873417721519,0.9554730983302412,0.8795900939368061,0.8723404255319149,0.8913043478260869,0.8817204301075269,0.9612403100775194,0.9538461538461539,0.9575289575289575,,,,,,,,,,,,
pancreas,classification,2,0.027734576511482537,0.9048295454545454,0.9059212519277373,0.9048295454545454,0.9053180335507921,,,,,,,,,,,,,0.01683844658757814,0.9659090909090909,0.9680014430014431,0.9659090909090909,0.9663529829545454,,,,,,,,,,,,,0.788235294117647,0.8121212121212121,0.8,0.9419475655430711,0.9332096474953617,0.9375582479030755,0.9,0.9782608695652174,0.9375,0.9920634920634921,0.9615384615384616,0.9765625,,,,,,,,,,,,
pancreas,classification,3,0.01910095574037934,0.9431818181818182,0.9434385419105922,0.9431818181818182,0.9433001522819905,,,,,,,,,,,,,0.015865798425776036,0.9488636363636364,0.9572314049586776,0.9488636363636364,0.9502252018030487,,,,,,,,,,,,,0.874251497005988,0.8848484848484849,0.8795180722891566,0.9646182495344506,0.961038961038961,0.9628252788104089,0.8363636363636363,1.0,0.9108910891089109,1.0,0.9307692307692308,0.9641434262948207,,,,,,,,,,,,
pancreas,classification,4,0.010984525347587558,0.9744318181818182,0.9751787308274278,0.9744318181818182,0.974638818227064,,,,,,,,,,,,,0.0035872193667190995,0.9886363636363636,0.9886363636363636,0.9886363636363636,0.9886363636363636,,,,,,,,,,,,,0.9248554913294798,0.9696969696969697,0.9467455621301775,0.9905838041431262,0.9758812615955473,0.983177570093458,0.9782608695652174,0.9782608695652174,0.9782608695652174,0.9923076923076923,0.9923076923076923,0.9923076923076923,,,,,,,,,,,,
pancreas,classification,5,0.008017192142274738,0.9801136363636364,0.9801136363636364,0.9801136363636364,0.9801136363636364,,,,,,,,,,,,,0.002180520150762856,0.9943181818181818,0.9944390715667311,0.9943181818181818,0.9943377604667927,,,,,,,,,,,,,0.9575757575757575,0.9575757575757575,0.9575757575757575,0.987012987012987,0.987012987012987,0.987012987012987,0.9787234042553191,1.0,0.989247311827957,1.0,0.9923076923076923,0.9961389961389961,,,,,,,,,,,,
pancreas,classification,6,0.013331619090422464,0.9673295454545454,0.9675797907782516,0.9673295454545454,0.9674311229834486,,,,,,,,,,,,,0.008484313873023812,0.9886363636363636,0.9886363636363636,0.9886363636363636,0.9886363636363636,,,,,,,,,,,,,0.9226190476190477,0.9393939393939394,0.9309309309309309,0.9813432835820896,0.9758812615955473,0.9786046511627907,0.9782608695652174,0.9782608695652174,0.9782608695652174,0.9923076923076923,0.9923076923076923,0.9923076923076923,,,,,,,,,,,,
pancreas,classification,7,0.0052794570807774025,0.9872159090909091,0.9873442497334755,0.9872159090909091,0.9872556568196102,,,,,,,,,,,,,0.0004014395027215042,1.0,1.0,1.0,1.0,,,,,,,,,,,,,0.9642857142857143,0.9818181818181818,0.972972972972973,0.9944029850746269,0.9888682745825603,0.9916279069767442,1.0,1.0,1.0,1.0,1.0,1.0,,,,,,,,,,,,
pancreas,classification,8,0.007721721190715802,0.9801136363636364,0.9800313561648537,0.9801136363636364,0.9800283926607168,,,,,,,,,,,,,0.007255943174558607,0.9772727272727273,0.979090909090909,0.9772727272727273,0.9775686553030304,,,,,,,,,,,,,0.968944099378882,0.9454545454545454,0.9570552147239264,0.9834254143646409,0.9907235621521335,0.9870609981515711,0.92,1.0,0.9583333333333334,1.0,0.9692307692307692,0.984375,,,,,,,,,,,,
pancreas,classification,9,0.004474743628138226,0.9900568181818182,0.9900413561427281,0.9900568181818182,0.9900463145544535,,,,,,,,,,,,,0.0019253497263310817,0.9943181818181818,0.9944390715667311,0.9943181818181818,0.9943377604667927,,,,,,,,,,,,,0.9817073170731707,0.9757575757575757,0.9787234042553191,0.9925925925925926,0.9944341372912802,0.9935125115848007,0.9787234042553191,1.0,0.989247311827957,1.0,0.9923076923076923,0.9961389961389961,,,,,,,,,,,,
pancreas,classification,10,0.005053883856569221,0.9900568181818182,0.9900435202268689,0.9900568181818182,0.9900250044556095,,,,,,,,,,,,,0.0017786983057290358,0.9943181818181818,0.9944390715667311,0.9943181818181818,0.9943377604667927,,,,,,,,,,,,,0.9876543209876543,0.9696969696969697,0.9785932721712538,0.9907749077490775,0.9962894248608535,0.9935245143385754,0.9787234042553191,1.0,0.989247311827957,1.0,0.9923076923076923,0.9961389961389961,,,,,,,,,,,,
btcv,segmentation,1,0.11852371692657471,0.20259915865384615,,,,,,,,,,,,,,,,0.17459790408611298,0.37213134765625,,,,,,,,,,,,,,,,,,,,,,,,,,,,0.1030704477328188,0.1738927834344587,0.19609216729424978,0.32788805521206843,0.010048728171387824,0.01989751165684895,0.19010116033222652,0.2816412765291766,0.36668103182683814,0.5366007477790143,0.01352128883761487,0.0266818052793388
btcv,segmentation,2,0.11551323303809533,0.22184870793269232,,,,,,,,,,,,,,,,0.1755640208721161,0.3311767578125,,,,,,,,,,,,,,,,,,,,,,,,,,,,0.11331895005792447,0.18874051127512603,0.2140553869495181,0.3526287008821926,0.012582513166330857,0.024852321668059466,0.1696502809844154,0.25966723466551317,0.32428932601390953,0.4897560067028788,0.015011235954921246,0.02957846262814755
btcv,segmentation,3,0.11267467187001155,0.2749586838942308,,,,,,,,,,,,,,,,0.17349326610565186,0.36358642578125,,,,,,,,,,,,,,,,,,,,,,,,,,,,0.1404015931659618,0.22393803484971034,0.26816923835108586,0.42292342416343115,0.012633947980837744,0.024952645535989512,0.18650461659869752,0.27889086677848945,0.35687411336361635,0.5260239101753442,0.01613511983377868,0.03175782338163471
btcv,segmentation,4,0.10981572591341458,0.34359975961538464,,,,,,,,,,,,,,,,0.1699368953704834,0.42254638671875,,,,,,,,,,,,,,,,,,,,,,,,,,,,0.17587010286734978,0.2665153295597996,0.3371640970200884,0.5042972627988876,0.014576108714611137,0.028733396320711573,0.21690644046130095,0.31097241837661377,0.416671804670962,0.5882404143248107,0.017141076251639922,0.03370442242841686
btcv,segmentation,5,0.10677565061129056,0.44473031850961536,,,,,,,,,,,,,,,,0.16485977172851562,0.4927978515625,,,,,,,,,,,,,,,,,,,,,,,,,,,,0.2285327123956854,0.3228183357983458,0.43899893746121926,0.6101449084260359,0.01806648733015155,0.03549176317065571,0.2526669247992014,0.3448407578196613,0.48830049260783065,0.6561853537415963,0.017033356990572113,0.03349616189772626
btcv,segmentation,6,0.1046216212786161,0.48623422475961536,,,,,,,,,,,,,,,,0.1594163477420807,0.60272216796875,,,,,,,,,,,,,,,,,,,,,,,,,,,,0.24978354844074957,0.342874053965897,0.48126588038893914,0.6498035049083452,0.018301216492560012,0.03594460302344876,0.3080796695936863,0.39082425176707275,0.600135151734856,0.7501055783746684,0.01602418745251664,0.03154292515947712
btcv,segmentation,7,0.1021995865381681,0.5645094651442307,,,,,,,,,,,,,,,,0.15562772750854492,0.677978515625,,,,,,,,,,,,,,,,,,,,,,,,,,,,0.29018223627658085,0.3785666098312129,0.5606646205135071,0.7184946889217377,0.019699852039654617,0.038638530740688036,0.34566747480981547,0.4181998001931045,0.6763984298290211,0.8069661934698998,0.014936519790609849,0.029433406916309173
btcv,segmentation,8,0.1000025593317472,0.6122295673076923,,,,,,,,,,,,,,,,0.15161538124084473,0.736083984375,,,,,,,,,,,,,,,,,,,,,,,,,,,,0.3158657402804408,0.4009255154988058,0.608642911295283,0.7567159958516864,0.023088569265598557,0.0451350351459252,0.37595982319551613,0.4403515624401149,0.7348703169983759,0.8471760797312251,0.017049329392656302,0.03352704514900476
btcv,segmentation,9,0.09800420357630803,0.6789738581730769,,,,,,,,,,,,,,,,0.14784644544124603,0.7763671875,,,,,,,,,,,,,,,,,,,,,,,,,,,,0.34955525217059125,0.42558130170834174,0.6765807696661055,0.8070959442065507,0.022529734675077025,0.04406665921013272,0.39881333848132433,0.4586085309261555,0.7752147239216244,0.8733757257365449,0.022411953041024228,0.04384133611576615
btcv,segmentation,10,0.09667530426612267,0.7193134014423077,,,,,,,,,,,,,,,,0.14517450332641602,0.795166015625,,,,,,,,,,,,,,,,,,,,,,,,,,,,0.3704322717528711,0.44064602738117536,0.7174081567041967,0.8354544653857281,0.02345638680154553,0.045837589376622585,0.40967059486603175,0.46725482592865103,0.7940725286813888,0.8852178671561488,0.025268661050674743,0.04929178470115321
btcv,segmentation,11,0.09463783869376549,0.7472768930288461,,,,,,,,,,,,,,,,0.13952991366386414,0.8282470703125,,,,,,,,,,,,,,,,,,,,,,,,,,,,0.38753895304156893,0.45594855869544215,0.7453014100487455,0.8540661295035905,0.02977649603439238,0.05783098788729377,0.42523453139388795,0.47522332437681714,0.8275523961219049,0.9056401314435463,0.02291666666587095,0.044806517310088036
btcv,segmentation,12,0.0933605432510376,0.7667893629807693,,,,,,,,,,,,,,,,0.1359153687953949,0.85479736328125,,,,,,,,,,,,,,,,,,,,,,,,,,,,0.39700970344566877,0.4615277903632518,0.7651619735608367,0.8669595028917217,0.02885743333050084,0.05609607783478188,0.4374687431334314,0.48089774036303173,0.8543528835505427,0.9214566344186951,0.020584602716320108,0.040338846307368344
btcv,segmentation,13,0.09105226626762977,0.8189039963942307,,,,,,,,,,,,,,,,0.1340610384941101,0.88018798828125,,,,,,,,,,,,,,,,,,,,,,,,,,,,0.4240719937508989,0.4792871994086677,0.817874478250292,0.8998140279052687,0.030269509251505736,0.058760370912066755,0.4523298906042753,0.4922710707775741,0.8798212317810712,0.936069044126572,0.024838549427479456,0.048473097428576195
btcv,segmentation,14,0.0898311000603896,0.8170635516826923,,,,,,,,,,,,,,,,0.1316617727279663,0.9010009765625,,,,,,,,,,,,,,,,,,,,,,,,,,,,0.4226726747570439,0.4778172776395331,0.8160478906205083,0.8987074568189725,0.029297458893579494,0.056927098460093646,0.4647263015558494,0.501820301849543,0.90071008814336,0.947761674715144,0.02874251496833877,0.05587892898394185
btcv,segmentation,15,0.08796407626225398,0.8594689002403846,,,,,,,,,,,,,,,,0.13141301274299622,0.9080810546875,,,,,,,,,,,,,,,,,,,,,,,,,,,,0.44945359055894135,0.5006836879658317,0.8586352816698933,0.9239416577720954,0.04027189944798933,0.07742571815956817,0.4763515923259366,0.5188858661700151,0.907680990615413,0.9516066838015693,0.045022194036460225,0.08616504853846085
btcv,segmentation,16,0.08712707116053654,0.8703801081730769,,,,,,,,,,,,,,,,0.132414311170578,0.916748046875,,,,,,,,,,,,,,,,,,,,,,,,,,,,0.45361708361463077,0.5013170349596099,0.8697219653053668,0.9303222419632023,0.037512201923894685,0.07231182795601732,0.4900512879401753,0.5381536293110174,0.9162727886506888,0.9563072586297767,0.06382978722966165,0.11999999999225806
btcv,segmentation,17,0.08530994103505062,0.8866248497596154,,,,,,,,,,,,,,,,0.13340774178504944,0.92138671875,,,,,,,,,,,,,,,,,,,,,,,,,,,,0.4688737911361658,0.5190300010849097,0.8859178351394876,0.9395084119069935,0.05182974713284389,0.09855159026282587,0.49845748624966907,0.5500705300351185,0.9208748003383654,0.9588077267463259,0.07604017216097272,0.1413333333239111
btcv,segmentation,18,0.08393519658308762,0.9064190204326923,,,,,,,,,,,,,,,,0.13220757246017456,0.93487548828125,,,,,,,,,,,,,,,,,,,,,,,,,,,,0.4826592631167125,0.5314227959301216,0.9058621275935506,0.9506061477147283,0.05945639863987436,0.11223944414551507,0.5085183960781615,0.5593193225274623,0.9344916502889581,0.9661366593640986,0.08254514186736499,0.15250198569082588
cvc_clinicdb,segmentation,1,0.07246926634102023,0.7086538615158486,,,,,,,,,,,,,,,,0.06306302038634695,0.8719571741615854,,,,,,,,,,,,,,,,,,,,,,,,,,,,0.4381260547999366,0.5662024355323358,0.6874626768147872,0.8147886009691482,0.188789432785086,0.31761627009552346,0.5847112196856359,0.6973849081845163,0.8643303903793457,0.927228773225625,0.3050920489919261,0.4675410431434075
cvc_clinicdb,segmentation,2,0.0506025667936524,0.9154779165069018,,,,,,,,,,,,,,,,0.045402656725751674,0.9211703664888211,,,,,,,,,,,,,,,,,,,,,,,,,,,,0.6284941279627047,0.7336172701169452,0.9115313906711188,0.9537184637612355,0.3454568652542905,0.5135160764726551,0.6615960899188017,0.7672880735023551,0.9166708630223589,0.9565240237198362,0.4065213168152445,0.578052123284874
cvc_clinicdb,segmentation,3,0.04103043803408102,0.9272011598926381,,,,,,,,,,,,,,,,0.03991712084630641,0.9285342829014228,,,,,,,,,,,,,,,,,,,,,,,,,,,,0.6557939308837574,0.7596540729933801,0.923680096224207,0.9603260937587317,0.3879077655433077,0.5589820522280283,0.676761723963637,0.7806106459333138,0.9244785548878821,0.960757450416735,0.4290448930393919,0.6004638414498924
cvc_clinicdb,segmentation,4,0.03604407687738142,0.9303650027160021,,,,,,,,,,,,,,,,0.033409361068795364,0.9317200203252033,,,,,,,,,,,,,,,,,,,,,,,,,,,,0.6684497020220375,0.7718295856345424,0.9268228059957856,0.9620218352323288,0.41007659804828933,0.581637336036756,0.7036565336156554,0.8055027965328279,0.9271232760627657,0.9621836730205833,0.48018979116854515,0.6488219200450724
cvc_clinicdb,segmentation,5,0.03154317230169027,0.9360241724182005,,,,,,,,,,,,,,,,0.02923134272176076,0.9486133606453252,,,,,,,,,,,,,,,,,,,,,,,,,,,,0.6945951213663178,0.7960709189418096,0.9323865123385945,0.9650103707360392,0.4568037303940412,0.6271314671475798,0.7331542355928821,0.8284357676974347,0.9455746417224755,0.972026075427597,0.5207338294632886,0.6848454599672723
cvc_clinicdb,segmentation,6,0.028716321463233854,0.9407941510097138,,,,,,,,,,,,,,,,0.026128141254913514,0.9499948393038617,,,,,,,,,,,,,,,,,,,,,,,,,,,,0.7109604216590847,0.81024432858554,0.9373037537067882,0.9676373691150649,0.4846170896113812,0.652851288056015,0.7441099520735706,0.8375749269480419,0.9468581710332531,0.9727038005349188,0.5413617331138879,0.702446053361165
cvc_clinicdb,segmentation,7,0.027344497739659253,0.9406453700153374,,,,,,,,,,,,,,,,0.023835205753159717,0.9534267022357723,,,,,,,,,,,,,,,,,,,,,,,,,,,,0.7120357002086216,0.8112561822094255,0.9371017073708342,0.9675296901603914,0.48696969304640897,0.6549826742584597,0.7672229059813713,0.856021698022883,0.9501646029350402,0.9744455432172462,0.5842812090277023,0.7375978528285198
cvc_clinicdb,segmentation,8,0.025677317795334175,0.94712133739136,,,,,,,,,,,,,,,,0.023610981923293292,0.9519360550050813,,,,,,,,,,,,,,,,,,,,,,,,,,,,0.7342011259824305,0.8296275178824593,0.9438452035692388,0.971111487515749,0.5245570483956221,0.6881435482491695,0.7673413745229543,0.8563505914531107,0.948423415747749,0.9735290677399001,0.5862593332981594,0.7391721151663211
cvc_clinicdb,segmentation,9,0.024430998675296644,0.9491553433346115,,,,,,,,,,,,,,,,0.021913102184369312,0.956324631605691,,,,,,,,,,,,,,,,,,,,,,,,,,,,0.7439187025416951,0.8375640561112125,0.9459010506475606,0.9721985096136124,0.5419363544358295,0.7029296026088128,0.7788470886823611,0.8647702046369814,0.9532006031768987,0.976039636304135,0.6044935741878233,0.7535007729698278
cvc_clinicdb,segmentation,10,0.023568655541338072,0.9510330793072597,,,,,,,,,,,,,,,,0.021823575281030762,0.9562214176829268,,,,,,,,,,,,,,,,,,,,,,,,,,,,0.7520158423805028,0.8440177084227404,0.9478315725420315,0.9732171774021068,0.556200112218974,0.714818239443374,0.7772957580962634,0.8635724224020208,0.9531243026345364,0.9759996343795253,0.6014672135579903,0.7511452104245163
cvc_clinicdb,segmentation,11,0.02270341429912727,0.951891815247955,,,,,,,,,,,,,,,,0.021078776477313623,0.9565270896849594,,,,,,,,,,,,,,,,,,,,,,,,,,,,0.7566851099107742,0.8477265409636765,0.9486898493677715,0.9736694114515578,0.564680370453777,0.7217836704757951,0.7842836533096522,0.8689558838822649,0.9532786238289358,0.9760805367953712,0.6152886827903685,0.7618312309691585
cvc_clinicdb,segmentation,12,0.022060849397216593,0.9526312268341002,,,,,,,,,,,,,,,,0.020148970974170094,0.956858565167683,,,,,,,,,,,,,,,,,,,,,,,,,,,,0.7586836653870421,0.8492407999127698,0.9494867321279468,0.9740889399042403,0.5678805986461374,0.7243926599212994,0.7876059955868823,0.8714580241741363,0.9535673161757171,0.9762318485573463,0.6216446749980474,0.7666841997909264
cvc_clinicdb,segmentation,13,0.02137992192813955,0.9546437643788344,,,,,,,,,,,,,,,,0.01966088216721527,0.9571344639227642,,,,,,,,,,,,,,,,,,,,,,,,,,,,0.7675560180925831,0.8560969405287886,0.9515655389496883,0.9751817399499795,0.583546497235478,0.7370121411075976,0.7927998792795947,0.8753645315171067,0.9537301281225192,0.9763171631478372,0.6318696304366701,0.7744118998863762
cvc_clinicdb,segmentation,14,0.02115376369841016,0.955528961368865,,,,,,,,,,,,,,,,0.018508522006554333,0.9632459190802846,,,,,,,,,,,,,,,,,,,,,,,,,,,,0.770940079139318,0.858660450066902,0.9524967308270234,0.9756705000203223,0.5893834274516125,0.7416504001134816,0.8061839150051894,0.8845475496605624,0.9605299057848488,0.9798676398158026,0.65183792422553,0.7892274595053222
cvc_clinicdb,segmentation,15,0.02071338488219462,0.9557371549079755,,,,,,,,,,,,,,,,0.018820132242470252,0.9578529916158537,,,,,,,,,,,,,,,,,,,,,,,,,,,,0.7715955287515338,0.859149298759909,0.9527197502875313,0.9757874883451622,0.5904713072155363,0.7425111091746558,0.7948073742292853,0.8767804649483992,0.9545165373960954,0.9767290469363334,0.6350982110624751,0.7768318829604649
cvc_clinicdb,segmentation,16,0.02068869670536864,0.9563777120079243,,,,,,,,,,,,,,,,0.018380390919320953,0.9596552654979674,,,,,,,,,,,,,,,,,,,,,,,,,,,,0.7762903039039574,0.8627603829221127,0.9533337428129139,0.976109429656458,0.5992468649950008,0.7494113361877675,0.8023701666111658,0.8821848221668788,0.956413401495712,0.9777211715729583,0.6483269317266197,0.7866484727607992
cvc_clinicdb,segmentation,17,0.020629041902492384,0.9591970619248467,,,,,,,,,,,,,,,,0.017692183697126745,0.9639088700457317,,,,,,,,,,,,,,,,,,,,,,,,,,,,0.7877412258895151,0.8712356059657114,0.956297705637516,0.9776607137878115,0.6191847461415142,0.7648104981436114,0.8138356271822693,0.8900475075448199,0.9611023878078969,0.9801654353011203,0.6665688665566417,0.7999295797885194
cvc_clinicdb,segmentation,18,0.019287487739556162,0.9584980908103272,,,,,,,,,,,,,,,,0.01769790622761579,0.963694502667683,,,,,,,,,,,,,,,,,,,,,,,,,,,,0.7842837158114739,0.8686753683632561,0.955578000085452,0.977284465302531,0.6129894315374957,0.7600662714239812,0.8132575077731166,0.8896546765734095,0.9608659094164952,0.9800424443121916,0.6656491061297378,0.7992669088346273
cvc_clinicdb,segmentation,19,0.01909527219146307,0.9593638164621677,,,,,,,,,,,,,,,,0.018989637918104003,0.9578748253302846,,,,,,,,,,,,,,,,,,,,,,,,,,,,0.7893966223312268,0.8724780974929696,0.9564472906909532,0.977738879285797,0.6223459539715004,0.7672173157001421,0.7962601970159127,0.8778676130061148,0.9544961406515964,0.9767183682781623,0.6380242533802288,0.7790168577340674
cvc_clinicdb,segmentation,20,0.019985971107682812,0.9588440815120143,,,,,,,,,,,,,,,,0.017341664772692736,0.9654709730691057,,,,,,,,,,,,,,,,,,,,,,,,,,,,0.7860315997175411,0.8699729977076958,0.9559331456964638,0.9774701633332947,0.6161300537386184,0.7624758320820967,0.8169018285435756,0.8920755040142199,0.9628558068226591,0.9810764534775137,0.6709478502644921,0.8030745545509259
cvc_clinicdb,segmentation,21,0.018909112685540946,0.959477648900818,,,,,,,,,,,,,,,,0.01749183419274121,0.9590915586890244,,,,,,,,,,,,,,,,,,,,,,,,,,,,0.7903023378223735,0.8731528193700855,0.9565553912872612,0.9777953596886639,0.6240492843574857,0.7685102790515069,0.8018410743910465,0.8818649142227158,0.9557611402075736,0.9773802337704025,0.6479210085745193,0.7863495946750292
cvc_clinicdb,segmentation,22,0.019215108670583774,0.9603099237921779,,,,,,,,,,,,,,,,0.01634883187044927,0.9647008384146342,,,,,,,,,,,,,,,,,,,,,,,,,,,,0.7947230895271817,0.8763897623241879,0.9574060768551449,0.9782396081995982,0.6320401021992187,0.7745399164487776,0.8125064088579457,0.8889908861700899,0.9620671929422109,0.9806669174255408,0.6629456247736805,0.7973148549146392
cvc_clinicdb,segmentation,23,0.018111760509038507,0.9616060159445297,,,,,,,,,,,,,,,,0.01590481994113302,0.9671442295477642,,,,,,,,,,,,,,,,,,,,,,,,,,,,0.797840470121368,0.8785615091649561,0.9588343363206534,0.9789846119623012,0.6368466039220827,0.7781384063676109,0.8265019959366852,0.8987177627234024,0.9645722797831137,0.9819667005477662,0.6884317120902567,0.8154688248990385
cvc_clinicdb,segmentation,24,0.017544688165553508,0.9623299503131391,,,,,,,,,,,,,,,,0.01563441571665973,0.9697225927337398,,,,,,,,,,,,,,,,,,,,,,,,,,,,0.8023915040022249,0.8818610898557471,0.9595593772494118,0.9793623897187775,0.6452236307550382,0.7843597899927165,0.8352032539802305,0.9045194393341445,0.9673849364331326,0.9834221239764098,0.7030215715273285,0.8256167546918791
cvc_clinicdb,segmentation,25,0.017822695138020504,0.9620129169861963,,,,,,,,,,,,,,,,0.015442671754011294,0.9672553830030488,,,,,,,,,,,,,,,,,,,,,,,,,,,,0.8007104476762739,0.8806524059883161,0.9592335570095308,0.9791926578408073,0.6421873383430168,0.7821121541358249,0.827486724067773,0.8993982461341372,0.964677392417541,0.9820211665697469,0.690296055718005,0.8167753256985275
cvc_clinicdb,segmentation,26,0.01696832164939196,0.9644947637078221,,,,,,,,,,,,,,,,0.017038017874810754,0.962108581046748,,,,,,,,,,,,,,,,,,,,,,,,,,,,0.8112610446674526,0.8881103577001357,0.9618581615971269,0.9805583098974788,0.6606639277377783,0.7956624055027927,0.813490672498983,0.8900102325358379,0.9589813449991278,0.9790612324586019,0.6679999999988383,0.8009592326130738
cvc_clinicdb,segmentation,27,0.01680476413487413,0.9648906809176891,,,,,,,,,,,,,,,,0.015175338501368112,0.9699369601117886,,,,,,,,,,,,,,,,,,,,,,,,,,,,0.8135037413755509,0.8896914619797456,0.9622636851961641,0.9807689888527579,0.6647437975549377,0.7986139351067332,0.8390161952567363,0.9071239497178692,0.967542291883437,0.9835034254407345,0.7104900986300358,0.830744473995004
cvc_clinicdb,segmentation,28,0.01690558158242142,0.9643914158358896,,,,,,,,,,,,,,,,0.01529370899486348,0.9673228690294715,,,,,,,,,,,,,,,,,,,,,,,,,,,,0.8103063302847815,0.88742717220635,0.961761782369901,0.9805082258336659,0.6588508781996619,0.7943461185790343,0.830316416970553,0.9013721176585399,0.9646811477605868,0.9820231123611732,0.6959516861805194,0.8207211229559064
cvc_clinicdb,segmentation,29,0.016346001826181,0.9655442189097648,,,,,,,,,,,,,,,,0.015103050424316065,0.9679778804623984,,,,,,,,,,,,,,,,,,,,,,,,,,,,0.8173530915248407,0.8923912851571499,0.9629300180748747,0.9811149752748285,0.6717761649748067,0.8036675950394714,0.8324405328657696,0.902782904723475,0.9653989109008625,0.9823948772398181,0.6994821548306768,0.8231709322071319
cvc_clinicdb,segmentation,30,0.016054644479829596,0.9663275658231084,,,,,,,,,,,,,,,,0.015413458845237406,0.9688948964684959,,,,,,,,,,,,,,,,,,,,,,,,,,,,0.8199303843641206,0.8941478203086546,0.9637821753785508,0.9815571069563926,0.6760785933496904,0.8067385336609165,0.8318775988844076,0.9022962226836724,0.9664945533068287,0.9829618410908746,0.6972606444619865,0.8216306042764702
kvasir_seg,segmentation,1,0.052352370359003544,0.8664096069335937,,,,,,,,,,,,,,,,0.04027077823877335,0.899329833984375,,,,,,,,,,,,,,,,,,,,,,,,,,,,0.630699713781465,0.7503454630723732,0.8528274508445638,0.9205686697439898,0.4085719767183663,0.5801222564007565,0.69582989676735,0.8053160913473745,0.8878691342009558,0.9406045346217795,0.5037906593337442,0.6700276480729693
kvasir_seg,segmentation,2,0.03648830449208617,0.9011181640625,,,,,,,,,,,,,,,,0.03291058890521526,0.90630615234375,,,,,,,,,,,,,,,,,,,,,,,,,,,,0.690522174568469,0.8001055619398258,0.8907230471924666,0.9422036173040792,0.4903213019444713,0.6580075065755726,0.7125169779426157,0.8186783265306682,0.895248129576989,0.9447292052221199,0.5297858263082423,0.6926274478392165
kvasir_seg,segmentation,3,0.0319636725448072,0.9092153930664062,,,,,,,,,,,,,,,,0.028960743695497514,0.918975830078125,,,,,,,,,,,,,,,,,,,,,,,,,,,,0.7121629794651569,0.8177974557177821,0.8990788339427658,0.9468578322008323,0.525247124987548,0.6887370792347319,0.7418579556311756,0.8411285462136529,0.9090140204081506,0.9523387577989625,0.5747018908542006,0.7299183346283432
kvasir_seg,segmentation,4,0.029825249575078486,0.9145260620117187,,,,,,,,,,,,,,,,0.02743032045662403,0.92275146484375,,,,,,,,,,,,,,,,,,,,,,,,,,,,0.7268956179281085,0.8294585378263853,0.9045910130968565,0.949905787517075,0.5492002227593604,0.7090112881356957,0.7555435240257306,0.8515476745903127,0.912704127661914,0.9543599707473858,0.5983829203895471,0.7487353784332396
kvasir_seg,segmentation,5,0.028430491294711827,0.9174478149414063,,,,,,,,,,,,,,,,0.026908811703324317,0.919041748046875,,,,,,,,,,,,,,,,,,,,,,,,,,,,0.7349977454129679,0.8357312053039709,0.9076524284392807,0.9515909868149975,0.5623430623866551,0.7198714237929442,0.7521158491316052,0.8494094085872299,0.9080518573049413,0.9518104592686846,0.5961798409582691,0.7470083579057754
kvasir_seg,segmentation,6,0.028425410678610204,0.9172750854492188,,,,,,,,,,,,,,,,0.02584736131131649,0.92741943359375,,,,,,,,,,,,,,,,,,,,,,,,,,,,0.7354418530462357,0.8361308946485365,0.9073843324874581,0.9514436257365291,0.5634993736050131,0.720818163560544,0.7564138448101307,0.851499854421492,0.9187951892792771,0.95767927125603,0.5940325003409845,0.7453204375869541
kvasir_seg,segmentation,7,0.027429290888831018,0.9210604858398438,,,,,,,,,,,,,,,,0.02379140045493841,0.932381591796875,,,,,,,,,,,,,,,,,,,,,,,,,,,,0.7463432240300034,0.8444340677635924,0.9113422513540722,0.9536149276336465,0.5813441967059345,0.7352532078935384,0.7807358079369007,0.8696316541529314,0.9232218199558507,0.9600783543284094,0.6382497959179505,0.7791849539774536
kvasir_seg,segmentation,8,0.02705126696266234,0.9228646850585938,,,,,,,,,,,,,,,,0.023562210574746133,0.933607177734375,,,,,,,,,,,,,,,,,,,,,,,,,,,,0.7504416235612654,0.8474492640191513,0.913343022189369,0.9547091259613907,0.5875402249331617,0.7401894020769121,0.7803220236168935,0.8691493127358405,0.9249056989323234,0.9609880623714042,0.6357383483014636,0.7773105631002767
kvasir_seg,segmentation,9,0.026109358575195075,0.9243411254882813,,,,,,,,,,,,,,,,0.024839131534099577,0.926234130859375,,,,,,,,,,,,,,,,,,,,,,,,,,,,0.7546752540747161,0.850603702052844,0.914904155235296,0.9555613034041134,0.5944463529141362,0.7456461007015746,0.7717255323741699,0.8636470482775475,0.9157571457049213,0.9560263395159722,0.6276939190434183,0.7712677570391228
kvasir_seg,segmentation,10,0.025186282927170397,0.92806396484375,,,,,,,,,,,,,,,,0.022942607924342155,0.93240478515625,,,,,,,,,,,,,,,,,,,,,,,,,,,,0.7659136586108084,0.8588872351894559,0.9188124547728365,0.9576886500683179,0.6130148624487805,0.7600858203105938,0.7845978362369956,0.8725299702059246,0.9228785114412162,0.9598926879155875,0.6463171610327749,0.7851672524962618
kvasir_seg,segmentation,11,0.025206529088318348,0.928604736328125,,,,,,,,,,,,,,,,0.02305402632802725,0.935037841796875,,,,,,,,,,,,,,,,,,,,,,,,,,,,0.7658768884501499,0.8587772874603425,0.919534960028502,0.9580809718775306,0.6122188168717979,0.7594736030431544,0.7883430411311414,0.8749708359695807,0.926099098335827,0.9616318279116458,0.6505869839264559,0.7883098440275156
kvasir_seg,segmentation,12,0.02441425367258489,0.9304791259765625,,,,,,,,,,,,,,,,0.022259017787873744,0.936395263671875,,,,,,,,,,,,,,,,,,,,,,,,,,,,0.7710209287969282,0.8624886414319988,0.9215641851807411,0.959181267311203,0.6204776724131152,0.7657960155527946,0.793346493352671,0.8784933141213271,0.9274712731675131,0.9623710465405295,0.6592217135378291,0.7946155817021248
kvasir_seg,segmentation,13,0.023665289776399732,0.9328561401367188,,,,,,,,,,,,,,,,0.021692141219973565,0.938714599609375,,,,,,,,,,,,,,,,,,,,,,,,,,,,0.7784877028368277,0.8678635008658173,0.9240656394921721,0.9605344230730769,0.6329097661814832,0.7751925786585577,0.7962531471231213,0.8803312562056826,0.9303482241952095,0.963917507249849,0.6621580700510332,0.7967450051615163
kvasir_seg,segmentation,14,0.02431183200329542,0.9313543701171875,,,,,,,,,,,,,,,,0.02128151513636112,0.941602783203125,,,,,,,,,,,,,,,,,,,,,,,,,,,,0.7720245429411026,0.8631345905309257,0.9226376217546247,0.9597623715618478,0.6214114641275805,0.7665068095000035,0.805731277480279,0.8868499399891032,0.9334134133575522,0.9655600886068056,0.6780491416030056,0.8081397913714008
kvasir_seg,segmentation,15,0.023080608984455468,0.9350787353515625,,,,,,,,,,,,,,,,0.022543681599199773,0.935130615234375,,,,,,,,,,,,,,,,,,,,,,,,,,,,0.7850921536630703,0.8725395498264896,0.9264510543787671,0.9618215342382781,0.6437332529473735,0.7832575654147012,0.7919461966513257,0.8776251163268369,0.9258792778315806,0.9615133082215441,0.6580131154710707,0.7937369244321298
kvasir_seg,segmentation,16,0.023176421970129014,0.9353192138671875,,,,,,,,,,,,,,,,0.021134190149605273,0.9393408203125,,,,,,,,,,,,,,,,,,,,,,,,,,,,0.7849881266216711,0.8724291216221538,0.9267822949027519,0.9620000114746002,0.6431939583405902,0.7828582317697073,0.8022247966766771,0.884596486278278,0.9306517136807078,0.9640803746072447,0.6737978796726466,0.8051125979493112
kvasir_seg,segmentation,17,0.022459382163360714,0.937041015625,,,,,,,,,,,,,,,,0.02133234068751335,0.9382666015625,,,,,,,,,,,,,,,,,,,,,,,,,,,,0.7903110774395998,0.8761683239359976,0.9286213249603955,0.9629897927001974,0.6520008299188043,0.789346855171798,0.7984622617646062,0.8820001918393461,0.9295387667750277,0.9634828621024604,0.6673857567541848,0.8005175215762317
kvasir_seg,segmentation,18,0.022121190363541245,0.9377566528320312,,,,,,,,,,,,,,,,0.02092135403305292,0.94210693359375,,,,,,,,,,,,,,,,,,,,,,,,,,,,0.7933879863833805,0.8783492014100538,0.9293114801824085,0.9633607530231936,0.6574644925843525,0.7933376497969141,0.804397123760556,0.8858297659195171,0.9342116032053659,0.9659869702541285,0.6745826443157462,0.8056725615849059
kvasir_seg,segmentation,19,0.02203839394263923,0.9379446411132812,,,,,,,,,,,,,,,,0.02013671137392521,0.9444970703125,,,,,,,,,,,,,,,,,,,,,,,,,,,,0.7916601263005476,0.8770495231907189,0.9297148818090623,0.9635774596270683,0.6536053707920328,0.7905215867543697,0.8135119268627965,0.8920586146828748,0.9366585681168452,0.9672934440143747,0.6903652856087478,0.816823785351375
kvasir_seg,segmentation,20,0.021826609252020717,0.93748291015625,,,,,,,,,,,,,,,,0.021091396175324916,0.938248291015625,,,,,,,,,,,,,,,,,,,,,,,,,,,,0.7927568171509357,0.8779192910075228,0.9289989227976991,0.963192785458208,0.6565147115041723,0.7926457965568375,0.7971248197489511,0.8810273364401024,0.9296382532448537,0.9635363018758429,0.6646113862530484,0.7985183710043618
kvasir_seg,segmentation,21,0.02175269537605345,0.9384439086914063,,,,,,,,,,,,,,,,0.020513293594121934,0.941865234375,,,,,,,,,,,,,,,,,,,,,,,,,,,,0.7943042377309463,0.878935467965271,0.9301553565207795,0.9638139783705704,0.658453118941113,0.7940569575599716,0.8083878986352436,0.8887209284775808,0.9335300373773601,0.9656224825383113,0.6832457598931272,0.8118193744168504
kvasir_seg,segmentation,22,0.021460108356550336,0.9388101196289063,,,,,,,,,,,,,,,,0.020082396678626536,0.94527099609375,,,,,,,,,,,,,,,,,,,,,,,,,,,,0.795413771887401,0.8797038938460102,0.930550725641615,0.9640261851522687,0.6602768181331872,0.7953816025397517,0.8144674871267792,0.8926464940141954,0.9376261660138234,0.9678091496284369,0.691308808239735,0.8174838383999538
kvasir_seg,segmentation,23,0.021339374864473938,0.938226318359375,,,,,,,,,,,,,,,,0.019541608802974224,0.947144775390625,,,,,,,,,,,,,,,,,,,,,,,,,,,,0.7952166154552476,0.8796333809795098,0.9297816925935007,0.9636133415111166,0.6606515383169945,0.7956534204479032,0.8166404867841451,0.8939689340900236,0.9399723838860337,0.9690574893681102,0.6933085896822566,0.8188803788119371
kvasir_seg,segmentation,24,0.0215866681560874,0.9386376953125,,,,,,,,,,,,,,,,0.01988529559224844,0.9437841796875,,,,,,,,,,,,,,,,,,,,,,,,,,,,0.7957374378095795,0.8799631498777236,0.9302902216600889,0.963886374412673,0.6611846539590701,0.7960399253427741,0.8131522614622967,0.8918850599264925,0.9357189119169679,0.9667921371810262,0.6905856110076255,0.8169779826719589
kvasir_seg,segmentation,25,0.020740906111896038,0.9406954956054687,,,,,,,,,,,,,,,,0.019292632900178432,0.945498046875,,,,,,,,,,,,,,,,,,,,,,,,,,,,0.8016228394135061,0.8839960719674651,0.9325482140613058,0.9650969712176328,0.6706974647657064,0.8028951727172974,0.816423765699356,0.8939996882971257,0.9377660567976814,0.96788366532482,0.6950814746010305,0.8201157112694315
kvasir_seg,segmentation,26,0.020279324809089304,0.94434326171875,,,,,,,,,,,,,,,,0.018945610895752907,0.94733154296875,,,,,,,,,,,,,,,,,,,,,,,,,,,,0.8109142563491925,0.8902335088881456,0.9366732189342499,0.9673012563778837,0.6851552937641349,0.8131657613984075,0.8228268759843981,0.8982733700910478,0.9397080565328234,0.9689170010589394,0.7059456954359727,0.8276297391231562
kvasir_seg,segmentation,27,0.020004250090569258,0.942706298828125,,,,,,,,,,,,,,,,0.019409618452191354,0.9437451171875,,,,,,,,,,,,,,,,,,,,,,,,,,,,0.8076718776221019,0.8881105455071847,0.9347386504380848,0.966268648456918,0.680605104806119,0.8099524425574516,0.8169007272222004,0.8945287364951758,0.9353154362037983,0.9665767333912848,0.6984860182406024,0.8224807395990669
kvasir_seg,segmentation,28,0.019693103339523076,0.9436935424804688,,,,,,,,,,,,,,,,0.018792332261800767,0.94771728515625,,,,,,,,,,,,,,,,,,,,,,,,,,,,0.8111080194506346,0.8904461577803815,0.935777146821266,0.9668232196644154,0.6864388920800033,0.8140690958963477,0.8221768693545486,0.8977805976217867,0.9402902260270848,0.9692263697605816,0.7040635126820123,0.8263348254829918
kvasir_seg,segmentation,29,0.01967520016245544,0.9445501708984375,,,,,,,,,,,,,,,,0.018812544979155063,0.946968994140625,,,,,,,,,,,,,,,,,,,,,,,,,,,,0.8123180942064436,0.89120702578079,0.9368336739670545,0.9673868092640258,0.6878025144458326,0.8150272422975544,0.8218803439396292,0.8976545467218908,0.9392953210039979,0.9686975581601598,0.7044653668752605,0.826611535283622
kvasir_seg,segmentation,30,0.019492454752326013,0.9444271850585938,,,,,,,,,,,,,,,,0.01870820052921772,0.94961669921875,,,,,,,,,,,,,,,,,,,,,,,,,,,,0.8136795492954082,0.8921850475322117,0.936548825602184,0.9672349214442939,0.6908102729886324,0.8171351736201296,0.8261655719880754,0.9003436896036459,0.942535328924338,0.9704176957710816,0.7097958150518128,0.8302696834362102
medseg_covid,segmentation,1,0.0818492278456688,0.6296661376953125,,,,,,,,,,,,,,,,0.09146066904067993,0.90408935546875,,,,,,,,,,,,,,,,,,,,,,,,,,,,0.3243725372049732,0.4069307801996533,0.6265226731336669,0.7703829568223666,0.022222401276279544,0.04347860357694004,0.46672407462842047,0.5035241553702273,0.9038075416247505,0.9494736435946898,0.029640607632090397,0.057574667145764966
medseg_covid,segmentation,2,0.07480033859610558,0.866754150390625,,,,,,,,,,,,,,,,0.08820104598999023,0.91484375,,,,,,,,,,,,,,,,,,,,,,,,,,,,0.4490152388264128,0.4950216657932177,0.8661672434348426,0.9282846931131282,0.03186323421798296,0.061758638473307204,0.47158883645939015,0.5054611197312318,0.9146301168684885,0.9554118143345933,0.028547556050291776,0.055510425127870154
medseg_covid,segmentation,3,0.06870909184217452,0.9558868408203125,,,,,,,,,,,,,,,,0.08118965029716492,0.9618896484375,,,,,,,,,,,,,,,,,,,,,,,,,,,,0.5009280796903128,0.5327334374246172,0.955792673602536,0.9773967215471593,0.046063485778089726,0.08807015330207513,0.4908202685805883,0.5096762667775345,0.9618603173815778,0.9805594301079876,0.019780219779598738,0.03879310344708149
medseg_covid,segmentation,4,0.06365892961621285,0.9743316650390625,,,,,,,,,,,,,,,,0.07648862600326538,0.9676513671875,,,,,,,,,,,,,,,,,,,,,,,,,,,,0.49523154465683955,0.5093825195536067,0.974320850455522,0.9869934263528882,0.016142238858157184,0.031771612754325176,0.4956037523403798,0.5148115113067422,0.9676260750574575,0.9835467087202546,0.023581429623302085,0.046076313893229796
medseg_covid,segmentation,5,0.05953623428940773,0.9797607421875,,,,,,,,,,,,,,,,0.0732478603720665,0.9722412109375,,,,,,,,,,,,,,,,,,,,,,,,,,,,0.4934717028801131,0.5020220659700618,0.9797577770178189,0.9897754042352228,0.007185628742407401,0.014268727704900881,0.4885257437177198,0.4977526106516406,0.9722374830592826,0.9859233397705975,0.0048140043761569365,0.009581881532683717
medseg_covid,segmentation,6,0.056086509674787524,0.9809814453125,,,,,,,,,,,,,,,,0.0700193464756012,0.97276611328125,,,,,,,,,,,,,,,,,,,,,,,,,,,,0.4924877596064205,0.49917896862400923,0.9809799942009183,0.9903986886012174,0.003995525011922719,0.007959248646801032,0.4883904890449183,0.49709854757099364,0.9727631209471588,0.9861935380058381,0.004017857142677775,0.008003557136149243
medseg_covid,segmentation,7,0.05300343371927738,0.9813323974609375,,,,,,,,,,,,,,,,0.06512716859579086,0.97279052734375,,,,,,,,,,,,,,,,,,,,,,,,,,,,0.4909928287869981,0.495942132207945,0.9813321695818488,0.9905781419669317,0.0006534879921474679,0.0013061224489582673,0.4919368071070562,0.5040714003282308,0.9727822211356337,0.986203353531492,0.011091393078478643,0.02193944712496975
medseg_covid,segmentation,8,0.05057286135852337,0.9813385009765625,,,,,,,,,,,,,,,,0.06108730286359787,0.97354736328125,,,,,,,,,,,,,,,,,,,,,,,,,,,,0.4906692504881315,0.495290683794177,0.981338500976263,0.990581367588354,0.0,0.0,0.49426835150785114,0.5080737888087834,0.9735367030163841,0.986590927372585,0.014999999999318182,0.029556650244981792
medseg_covid,segmentation,9,0.04845925234258175,0.98092041015625,,,,,,,,,,,,,,,,0.05995030552148819,0.97239990234375,,,,,,,,,,,,,,,,,,,,,,,,,,,,0.5125432072818001,0.5374931918893582,0.9809035679047436,0.9903597366350068,0.04418284665885671,0.08462664714370971,0.567576743877679,0.6330478848626094,0.9722508591053359,0.9859302173622824,0.1629026286500221,0.2801655523629365
medseg_covid,segmentation,10,0.046376908197999,0.9818634033203125,,,,,,,,,,,,,,,,0.05565587729215622,0.9746826171875,,,,,,,,,,,,,,,,,,,,,,,,,,,,0.5506870911798067,0.6022013654312135,0.9818186268058292,0.9908259146683497,0.11955555555378436,0.2135768161940773,0.5332807539173774,0.5777749036633251,0.974617549870304,0.9871456373253833,0.09194395796445079,0.1684041700012669
medseg_covid,segmentation,11,0.04490846171975136,0.9813934326171875,,,,,,,,,,,,,,,,0.054052382707595825,0.9734619140625,,,,,,,,,,,,,,,,,,,,,,,,,,,,0.5191472000796642,0.5491556332700881,0.9813725130759088,0.990598695196809,0.056921887083419616,0.1077125713433673,0.6315888122847695,0.718011702659836,0.9731710929003687,0.986403152166498,0.2900065316691703,0.44962025315317417
medseg_covid,segmentation,12,0.04359342083334923,0.9799224853515625,,,,,,,,,,,,,,,,0.05297355055809021,0.96851806640625,,,,,,,,,,,,,,,,,,,,,,,,,,,,0.5508648544252142,0.6035412293915069,0.9798663879764542,0.9898308228546051,0.12186332087397406,0.21725163592840865,0.6351507414597892,0.7239710979670111,0.9680828682091407,0.9837826281065581,0.3022186147104378,0.464159567827464
medseg_covid,segmentation,13,0.042192671075463296,0.9819854736328125,,,,,,,,,,,,,,,,0.05066854208707809,0.976611328125,,,,,,,,,,,,,,,,,,,,,,,,,,,,0.5938164955815387,0.6660622128598266,0.981901021305781,0.990867869535536,0.2057319698572964,0.3412565561841172,0.6205931273987717,0.7033774487065508,0.9764126554216713,0.9880655770374551,0.2647735993758721,0.4186893203756466
medseg_covid,segmentation,14,0.04122922569513321,0.9794525146484375,,,,,,,,,,,,,,,,0.04898208826780319,0.9716552734375,,,,,,,,,,,,,,,,,,,,,,,,,,,,0.547204007641773,0.597943236294782,0.9793975000379495,0.9895915297651656,0.1150105152455966,0.20629494282439825,0.6161744739886598,0.6997043915794221,0.9713686806399859,0.9854764257740368,0.26098026733733354,0.4139323573848074
medseg_covid,segmentation,15,0.04026981294155121,0.9813079833984375,,,,,,,,,,,,,,,,0.04801211953163147,0.97266845703125,,,,,,,,,,,,,,,,,,,,,,,,,,,,0.5648622741785702,0.6245495085370155,0.9812468617194159,0.9905346786193472,0.14847768663772448,0.25856433845468385,0.6687971678177052,0.7605540759715999,0.9722315238543833,0.9859202756827717,0.36536281178102714,0.535187876260428
medseg_covid,segmentation,16,0.03921930231153965,0.9786590576171875,,,,,,,,,,,,,,,,0.04611464589834213,0.97855224609375,,,,,,,,,,,,,,,,,,,,,,,,,,,,0.5841664324547007,0.6540890369253236,0.9785518430137901,0.9891596689457783,0.18978102189561138,0.3190184049048688,0.6539844008465205,0.7424411860142485,0.9783236281077548,0.989043060708435,0.32964517358528633,0.49583931132006204
medseg_covid,segmentation,17,0.03856462650001049,0.978765869140625,,,,,,,,,,,,,,,,0.04557908028364181,0.97156982421875,,,,,,,,,,,,,,,,,,,,,,,,,,,,0.5821449675213977,0.6511727836605901,0.978662594220998,0.9892162484693847,0.1856273408217974,0.31312931885179535,0.6560593946640536,0.7469538033449747,0.9711453880927075,0.9853614999270995,0.34097340123539976,0.5085461067628498
medseg_covid,segmentation,18,0.037960144132375716,0.98035888671875,,,,,,,,,,,,,,,,0.04600398242473602,0.96002197265625,,,,,,,,,,,,,,,,,,,,,,,,,,,,0.5911717564855736,0.6631265445999164,0.9802606962119368,0.9900319670910892,0.20208281675921047,0.33622112210874355,0.6379184855728373,0.7300553711341794,0.959267689015386,0.9792104411189041,0.3165692821302886,0.48090030114945476
medseg_covid,segmentation,19,0.03713797926902771,0.9793487548828125,,,,,,,,,,,,,,,,0.04382728934288025,0.97415771484375,,,,,,,,,,,,,,,,,,,,,,,,,,,,0.6094381841258024,0.6880778879870015,0.9792134469059831,0.9894975687809157,0.23966292134562175,0.38665820719308747,0.6461289418990501,0.7348878560247212,0.973841914716272,0.9867476290331548,0.31841596908182823,0.48302808301628747
medseg_covid,segmentation,20,0.036466021090745926,0.9799530029296875,,,,,,,,,,,,,,,,0.04415967911481857,0.971435546875,,,,,,,,,,,,,,,,,,,,,,,,,,,,0.5997901209106915,0.6750623314114619,0.979839179940159,0.98981694055552,0.2197410618812241,0.3603077222674037,0.6693457076028558,0.7614972817898995,0.9709529661478283,0.9852624418993908,0.36773844905788333,0.5377321216804083
medseg_covid,segmentation,21,0.03568397238850594,0.98096923828125,,,,,,,,,,,,,,,,0.04224070757627487,0.973388671875,,,,,,,,,,,,,,,,,,,,,,,,,,,,0.6360913950694913,0.720783135025816,0.9808191537786572,0.9903167100415236,0.29136363636032536,0.45124956001010863,0.6761099483654935,0.7681238375204038,0.9729488261267522,0.986288963243738,0.3792710706042349,0.5499587117970695
medseg_covid,segmentation,22,0.03527726195752621,0.9810394287109375,,,,,,,,,,,,,,,,0.04242864102125168,0.97574462890625,,,,,,,,,,,,,,,,,,,,,,,,,,,,0.630817173069287,0.7143775980723037,0.9808980645951697,0.9903569316633493,0.2807362815434043,0.43839826448125824,0.6427733772324663,0.7304749097421094,0.9754773100312544,0.9875864481742098,0.3100694444336782,0.47336337131000894
medseg_covid,segmentation,23,0.034716732800006866,0.980322265625,,,,,,,,,,,,,,,,0.04179954826831818,0.97335205078125,,,,,,,,,,,,,,,,,,,,,,,,,,,,0.6280023760343103,0.7111909719164873,0.9801736649198767,0.9899875776395979,0.275831087148744,0.4323943661933768,0.6662917200704799,0.7576532289033904,0.9729471831846569,0.9862881190911176,0.35963625695630286,0.5290183387156631
medseg_covid,segmentation,24,0.034096847474575046,0.9810272216796875,,,,,,,,,,,,,,,,0.04058691710233688,0.97559814453125,,,,,,,,,,,,,,,,,,,,,,,,,,,,0.65166299931108,0.7390074527698511,0.9808543334120735,0.9903346418436798,0.32247166521008636,0.4876802636960224,0.6619614844897634,0.7522579791807199,0.9752752009882805,0.9874828585913754,0.3486477679912464,0.5170330997700644
medseg_covid,segmentation,25,0.03381802663207054,0.981396484375,,,,,,,,,,,,,,,,0.04054242819547653,0.976953125,,,,,,,,,,,,,,,,,,,,,,,,,,,,0.641561882655081,0.7271459804284103,0.9812456159778427,0.9905340439010126,0.30187814933231927,0.46375791695580787,0.6547736081811256,0.7438373950810702,0.9766850255612923,0.988205012868913,0.33286219080095897,0.4994697772932272
medseg_covid,segmentation,26,0.033605435863137245,0.98082275390625,,,,,,,,,,,,,,,,0.03981732875108719,0.9760986328125,,,,,,,,,,,,,,,,,,,,,,,,,,,,0.6243563816212505,0.7064971112714111,0.9806871371536022,0.990249412699195,0.2680256260888989,0.42274480984362717,0.6921675597556004,0.7839439149289726,0.9756972457693898,0.9876991506251019,0.40863787374181104,0.5801886792328433
medseg_covid,segmentation,27,0.0329574003815651,0.9819091796875,,,,,,,,,,,,,,,,0.0394550547003746,0.97239990234375,,,,,,,,,,,,,,,,,,,,,,,,,,,,0.6515130554993643,0.738550474857927,0.981752925749373,0.9907924575190284,0.32127318524935566,0.4863084921968257,0.685038273389445,0.7776610647415731,0.9718865015406198,0.9857428414680991,0.3981900452382702,0.5695792880150471
medseg_covid,segmentation,28,0.03304969370365143,0.9795318603515625,,,,,,,,,,,,,,,,0.03849506080150604,0.9796875,,,,,,,,,,,,,,,,,,,,,,,,,,,,0.633266768298561,0.7178895865332514,0.9793616798672589,0.9895732445754304,0.2871718567298632,0.4462059284910725,0.6878197448779215,0.778583523763099,0.9794130746758803,0.9895994799733802,0.39622641507996276,0.5675675675528179
medseg_covid,segmentation,29,0.03342881929129362,0.9788604736328125,,,,,,,,,,,,,,,,0.038442234694957736,0.97232666015625,,,,,,,,,,,,,,,,,,,,,,,,,,,,0.5953872848997411,0.6695691175854138,0.9787395339697932,0.9892555509882831,0.21203503582968905,0.3498826841825445,0.6762245222516403,0.7685393214481411,0.9718479516175048,0.985723012588571,0.3806010928857759,0.5513556303077112
medseg_covid,segmentation,30,0.0325236901640892,0.980029296875,,,,,,,,,,,,,,,,0.03776992037892342,0.9733642578125,,,,,,,,,,,,,,,,,,,,,,,,,,,,0.6397947966455139,0.7255239467529597,0.979857116033668,0.9898260920936127,0.2997324772573597,0.46122180141230673,0.6829713319039578,0.7752796693760715,0.9728967667395718,0.9862622141627718,0.39304589706834364,0.5642971245893711
medseg_liver,segmentation,1,0.06349557049052659,0.9336192996002907,,,,,,,,,,,,,,,,0.058184079148552635,0.958740234375,,,,,,,,,,,,,,,,,,,,,,,,,,,,0.5603644102186229,0.6409106338027195,0.9325821639557105,0.9651151514788405,0.1881466564815355,0.31670611612659855,0.48137579053092805,0.493468124180983,0.9587333651498288,0.9789319794187431,0.0040182159120273715,0.00800426894322294
medseg_liver,segmentation,2,0.056264888408572175,0.9395326126453488,,,,,,,,,,,,,,,,0.05125305598432368,0.9735551313920454,,,,,,,,,,,,,,,,,,,,,,,,,,,,0.6318197511712089,0.7297385499268931,0.937711466646117,0.9678545880405534,0.32592803569630074,0.491622511813233,0.7839842937522753,0.8662562204147042,0.9724839499319056,0.9860500512214336,0.595484637572645,0.7464623896079746
medseg_liver,segmentation,3,0.050559681168822354,0.9516658339389535,,,,,,,,,,,,,,,,0.04478580436923287,0.9664195667613636,,,,,,,,,,,,,,,,,,,,,,,,,,,,0.6716336102914575,0.7694160269216075,0.9501033042710968,0.974413306402989,0.3931639163118182,0.5644187474402261,0.7547491165705855,0.8436322279516228,0.9650153188034395,0.9821962297892599,0.5444829143377317,0.7050682261139857
medseg_liver,segmentation,4,0.04571071336435717,0.965831667877907,,,,,,,,,,,,,,,,0.04222999648614363,0.9797585227272727,,,,,,,,,,,,,,,,,,,,,,,,,,,,0.7238694754810847,0.8167243687891883,0.964704847364897,0.982035391889809,0.4830341035972724,0.6514133456885675,0.8167809408881803,0.8903100718249433,0.9789510126351867,0.9893635632057489,0.6546108691411738,0.7912565804441375
medseg_liver,segmentation,5,0.041420873167902925,0.9789755178052325,,,,,,,,,,,,,,,,0.03961374001069502,0.9778608842329546,,,,,,,,,,,,,,,,,,,,,,,,,,,,0.7976309308432323,0.876079537909639,0.978238384597919,0.9889994979515555,0.6170234770885458,0.7631595778677225,0.8101538880135811,0.8856612516594232,0.9769398818663357,0.9883354479591487,0.6433678941608265,0.7829870553596977
medseg_liver,segmentation,6,0.0389118246560873,0.9810223246729651,,,,,,,,,,,,,,,,0.037695961919697846,0.9889359907670454,,,,,,,,,,,,,,,,,,,,,,,,,,,,0.8092038086239035,0.8845577955523712,0.9803654926099707,0.990085412282077,0.6380421246378362,0.7790301788226655,0.8789159318495741,0.9319224713182791,0.9885121043462863,0.9942228686319763,0.7693197593528617,0.8696220740045819
medseg_liver,segmentation,7,0.03666471326073935,0.9829186727834303,,,,,,,,,,,,,,,,0.034665885296734894,0.9852294921875,,,,,,,,,,,,,,,,,,,,,,,,,,,,0.8218908467368445,0.8936599559260097,0.9823289280467012,0.9910857014175185,0.6614527654269878,0.7962342104345008,0.8545032727797981,0.9162077557850166,0.9846329692648017,0.9922569911045613,0.7243735762947945,0.8401585204654718
medseg_liver,segmentation,8,0.03572118316971978,0.979969113372093,,,,,,,,,,,,,,,,0.03324457528916272,0.9839200106534091,,,,,,,,,,,,,,,,,,,,,,,,,,,,0.7969514366491735,0.8754224880184757,0.9793081606077996,0.9895459232655078,0.6145947126905473,0.7612990527714435,0.8440529032554072,0.9092147540915421,0.9832779393424464,0.9915684734217849,0.7048278671683678,0.8268610347612992
medseg_liver,segmentation,9,0.03338471366915592,0.9826745321584303,,,,,,,,,,,,,,,,0.0314128425988284,0.9891690340909091,,,,,,,,,,,,,,,,,,,,,,,,,,,,0.8178605831641372,0.8907523875003724,0.982088930236638,0.9909635387746081,0.6536322360916366,0.7905412362261367,0.8867306705302513,0.9368584908840072,0.9887238024805454,0.9943299328416597,0.7847375385799573,0.8793870489263546
medseg_liver,segmentation,10,0.031542709920295446,0.9845538472020349,,,,,,,,,,,,,,,,0.030871513892303814,0.9888472123579546,,,,,,,,,,,,,,,,,,,,,,,,,,,,0.8380637125238515,0.9049958722266727,0.983998188362885,0.9919345633826818,0.6921292366848179,0.8180571810706636,0.879532826033397,0.9323228648925045,0.9884129820706884,0.994172730698406,0.7706526699961056,0.870472999086603
medseg_liver,segmentation,11,0.029646350374055462,0.9864246457122093,,,,,,,,,,,,,,,,0.029347053305669266,0.9866055575284091,,,,,,,,,,,,,,,,,,,,,,,,,,,,0.8521726680493904,0.914525439736526,0.9859376102756646,0.9929190173691391,0.7184077258231162,0.8361318621039129,0.8624959570329649,0.9214235226151134,0.9860777890548744,0.9929900978592834,0.7389141250110554,0.8498569473709434
medseg_liver,segmentation,12,0.028418684421583663,0.9863309638444767,,,,,,,,,,,,,,,,0.02796741845932874,0.9907004616477273,,,,,,,,,,,,,,,,,,,,,,,,,,,,0.8516262808782217,0.9141635211881685,0.9858395680403651,0.9928692971035881,0.7174129937160783,0.835457745272749,0.8989060391847141,0.9443152993018834,0.990322990402681,0.9951379702470496,0.8074890879667473,0.8934926283567172
medseg_liver,segmentation,13,0.027908304402994556,0.9856723519258721,,,,,,,,,,,,,,,,0.027375719764015892,0.9862060546875,,,,,,,,,,,,,,,,,,,,,,,,,,,,0.8437941475909256,0.9088650241905214,0.9851708423558042,0.9925300345301274,0.7024174528260471,0.8252000138509153,0.8610690003934779,0.9205113596107045,0.9856529467427854,0.9927746420739086,0.7364850540441704,0.8482480771475004
medseg_liver,segmentation,14,0.026753608570542445,0.984973996184593,,,,,,,,,,,,,,,,0.026991503482515163,0.9874711470170454,,,,,,,,,,,,,,,,,,,,,,,,,,,,0.8392008827361774,0.9057470264448579,0.9844439742072145,0.9921610153801393,0.6939577912651405,0.8193330375095766,0.875865367457904,0.9300741816918698,0.9869390682650745,0.9934266068126941,0.7647916666507335,0.8667217565710456
medseg_liver,segmentation,15,0.02543259827896606,0.9864899391351745,,,,,,,,,,,,,,,,0.02517572519454089,0.9893022017045454,,,,,,,,,,,,,,,,,,,,,,,,,,,,0.8537989548782741,0.9156196296197425,0.9859996881625478,0.9929504964573256,0.7215982215940002,0.8382887627821595,0.8859023147474124,0.9363286930214119,0.9888728573890588,0.9944053021943552,0.782931772105766,0.8782520838484686
medseg_liver,segmentation,16,0.024455549411995466,0.987316042877907,,,,,,,,,,,,,,,,0.024909604002128948,0.9898459694602273,,,,,,,,,,,,,,,,,,,,,,,,,,,,0.8593610951027717,0.919280031756299,0.9868611807878626,0.9933871478595563,0.7318610094176807,0.8451729156530419,0.892910596451163,0.9406720665981969,0.9894259993285921,0.9946848987220552,0.796395193573734,0.8866592344743385
medseg_liver,segmentation,17,0.02413594930670982,0.9861975381540697,,,,,,,,,,,,,,,,0.023537344553253868,0.9878151633522727,,,,,,,,,,,,,,,,,,,,,,,,,,,,0.8468450735435313,0.910914026748037,0.9857196984157189,0.9928085008192876,0.7079704486713437,0.8290195526767864,0.8759967403147282,0.9301331907681889,0.9873128119788924,0.9936159079010445,0.764680668650564,0.8666504736353333
medseg_liver,segmentation,18,0.022875051165735998,0.9867738235828488,,,,,,,,,,,,,,,,0.022933088920333168,0.9918212890625,,,,,,,,,,,,,,,,,,,,,,,,,,,,0.8574785831211607,0.9180687501590588,0.9862867335402579,0.9930960287715861,0.7286704327020636,0.8430414715465315,0.9094036637063408,0.9506131915186854,0.9914877398031999,0.9957256778303635,0.8273195876094818,0.9055007052070073
medseg_liver,segmentation,19,0.02237602375274481,0.9875999273255814,,,,,,,,,,,,,,,,0.02222720601341941,0.9910444779829546,,,,,,,,,,,,,,,,,,,,,,,,,,,,0.861247180927582,0.920511635668313,0.9871574738324747,0.993537237820032,0.7353368880226894,0.8474860335165939,0.9054051359410582,0.9482487002465614,0.990663180302445,0.9953096938799378,0.8201470915796714,0.9011877066131849
medseg_liver,segmentation,20,0.021499150887478228,0.9884203533793605,,,,,,,,,,,,,,,,0.021873634647239338,0.9891690340909091,,,,,,,,,,,,,,,,,,,,,,,,,,,,0.8711943862799374,0.9269832850418476,0.9879933005027601,0.9939603923744595,0.7543954720571147,0.8600061777092356,0.8897669201812106,0.9387594627515489,0.9887065793420787,0.9943212232637871,0.7908272610203424,0.8831977022393106
medseg_liver,segmentation,21,0.021468325236509014,0.9879689771075582,,,,,,,,,,,,,,,,0.021955441344868053,0.9896351207386364,,,,,,,,,,,,,,,,,,,,,,,,,,,,0.8658999364801765,0.9235569766196042,0.9875324339110185,0.9937271131397599,0.7442674390493346,0.8533868400994485,0.8917606841456232,0.939971404439184,0.9892029362453162,0.9945721657866323,0.79431843204593,0.8853706430917357
medseg_liver,segmentation,22,0.020713526668936708,0.9884373864462209,,,,,,,,,,,,,,,,0.021157407625155014,0.9911887428977273,,,,,,,,,,,,,,,,,,,,,,,,,,,,0.8701261243627649,0.9262865883905596,0.9880167112886558,0.9939722394468321,0.7522355374368742,0.8586009373342871,0.9049784515775483,0.9479830538739352,0.9908225068184026,0.9953900997451228,0.819134396336694,0.9005760080027476
medseg_liver,segmentation,23,0.02019727489975996,0.9889994776526163,,,,,,,,,,,,,,,,0.019892702725800602,0.9919100674715909,,,,,,,,,,,,,,,,,,,,,,,,,,,,0.8760560119844731,0.9300837599323621,0.9885943869664047,0.9942644849506014,0.7635176370025417,0.8659030349141229,0.9105858279282606,0.9513161271766566,0.9915783879937253,0.9957713881326266,0.8295932678627959,0.9068608662206866
medseg_liver,segmentation,24,0.019624304719442546,0.9899646847747093,,,,,,,,,,,,,,,,0.02044386687603864,0.9885697798295454,,,,,,,,,,,,,,,,,,,,,,,,,,,,0.8850413401827986,0.9357413742981415,0.9895933609466981,0.9947694643249362,0.7804893194188991,0.8767132842713469,0.8837423919259682,0.9350159060841243,0.9880887675910538,0.9940087019236173,0.7793960162608825,0.8760231102446313
medseg_liver,segmentation,25,0.019626551675935123,0.9887553370276163,,,,,,,,,,,,,,,,0.018896219066598198,0.9924094460227273,,,,,,,,,,,,,,,,,,,,,,,,,,,,0.8739290083103346,0.9287303557085244,0.9883412902577253,0.9941364644996316,0.7595167263629439,0.8633242469174172,0.912943927586952,0.9526974100976033,0.9921089973569847,0.9960388700349807,0.8337788578169192,0.9093559501602259
medseg_liver,segmentation,26,0.01866484979210898,0.9900441724200582,,,,,,,,,,,,,,,,0.0196471322666515,0.9905007102272727,,,,,,,,,,,,,,,,,,,,,,,,,,,,0.8846198016446338,0.9354697798635406,0.9896808629585088,0.9948136722659394,0.7795587403307589,0.8761258874611418,0.8986788766999549,0.9441878008656018,0.9901071341881839,0.9950289782686239,0.807250619211726,0.8933466234625798
medseg_liver,segmentation,27,0.0189952926580296,0.9888405023619186,,,,,,,,,,,,,,,,0.0188397230072455,0.9918101917613636,,,,,,,,,,,,,,,,,,,,,,,,,,,,0.8731005994040674,0.9281879299409612,0.9884368409128782,0.9941847994116759,0.7577643578952565,0.8621910604702464,0.9075911972166215,0.9495255952101238,0.9914843533635749,0.9957239701019782,0.823698041069668,0.9033272203182693
medseg_liver,segmentation,28,0.018864058391299357,0.9886730105377907,,,,,,,,,,,,,,,,0.019620835781097412,0.9906005859375,,,,,,,,,,,,,,,,,,,,,,,,,,,,0.8713102659441395,0.9270390604748242,0.9882648094278614,0.994097772833632,0.7543557224604176,0.8599803481160163,0.9010739667960076,0.9456455418681954,0.9902029957770051,0.9950773844458163,0.8119449378150101,0.8962136992905745
medseg_liver,segmentation,29,0.01810007074544596,0.9900839162427325,,,,,,,,,,,,,,,,0.019265070896257053,0.9906227805397727,,,,,,,,,,,,,,,,,,,,,,,,,,,,0.8867147549163987,0.9367876669447419,0.9897143395590123,0.9948305843524918,0.783715170273785,0.8787447495369919,0.8958320395590194,0.9424308836599788,0.9902539733789414,0.9951031241482652,0.8014101057390973,0.8897586431716926
medseg_liver,segmentation,30,0.01796354266793229,0.9900668831758721,,,,,,,,,,,,,,,,0.018907100639560005,0.9916215376420454,,,,,,,,,,,,,,,,,,,,,,,,,,,,0.8869667911986167,0.9369472548437614,0.9896948206088892,0.99482072361833,0.7842387617883441,0.8790737860691927,0.9088948668589034,0.9503184856805691,0.9912731896191512,0.9956174720644344,0.8265165440986555,0.9050194992967038
